x2026-07-15 22:01:42,938 [INFO] app.api.routes_infra: InfraAlert trigger -> ticket_id=1041 created_by=Shyam Kumar dept=Other category=Software
2026-07-15 22:01:42,939 [INFO] app.api.routes_infra: InfraAlert -> sending WA for ticket_id=1041 | msg_len=290
2026-07-15 22:01:42,941 [INFO] app.api.routes_infra: WA[e1a92d25] -> sendMessage | target=120363141953100908@g.us | len=290
2026-07-15 22:01:42,991 [INFO] app.api.routes_infra: WA[e1a92d25] <- status=200 | body={"success":true}
2026-07-15 22:01:42,992 [INFO] app.api.routes_infra: InfraAlert sent | status=200 | resp={"success":true}
2026-07-16 08:25:59,699 [INFO] app.api.routes_infra: WA[c76e0689] -> sendMessage | target=917482816592 | len=117
2026-07-16 08:26:09,712 [ERROR] app.api.routes_infra: WA[c76e0689] send_whatsapp_to_number exception: HTTPConnectionPool(host='10.1.1.44', port=3004): Max retries exceeded with url: /api/messages/send (Caused by ConnectTimeoutError(<HTTPConnection(host='10.1.1.44', port=3004) at 0x7aef710b2310>, 'Connection to 10.1.1.44 timed out. (connect timeout=10)'))
Traceback (most recent call last):
  File "/usr/local/lib/python3.11/site-packages/urllib3/connection.py", line 204, in _new_conn
    sock = connection.create_connection(
           ^^^^^^^^^^^^^^^^^^^^^^^^^^^^^
  File "/usr/local/lib/python3.11/site-packages/urllib3/util/connection.py", line 85, in create_connection
    raise err
  File "/usr/local/lib/python3.11/site-packages/urllib3/util/connection.py", line 73, in create_connection
    sock.connect(sa)
TimeoutError: timed out

The above exception was the direct cause of the following exception:

Traceback (most recent call last):
  File "/usr/local/lib/python3.11/site-packages/urllib3/connectionpool.py", line 787, in urlopen
    response = self._make_request(
               ^^^^^^^^^^^^^^^^^^^
  File "/usr/local/lib/python3.11/site-packages/urllib3/connectionpool.py", line 493, in _make_request
    conn.request(
  File "/usr/local/lib/python3.11/site-packages/urllib3/connection.py", line 500, in request
    self.endheaders()
  File "/usr/local/lib/python3.11/http/client.py", line 1318, in endheaders
    self._send_output(message_body, encode_chunked=encode_chunked)
  File "/usr/local/lib/python3.11/http/client.py", line 1078, in _send_output
    self.send(msg)
  File "/usr/local/lib/python3.11/http/client.py", line 1016, in send
    self.connect()
  File "/usr/local/lib/python3.11/site-packages/urllib3/connection.py", line 331, in connect
    self.sock = self._new_conn()
                ^^^^^^^^^^^^^^^^
  File "/usr/local/lib/python3.11/site-packages/urllib3/connection.py", line 213, in _new_conn
    raise ConnectTimeoutError(
urllib3.exceptions.ConnectTimeoutError: (<HTTPConnection(host='10.1.1.44', port=3004) at 0x7aef710b2310>, 'Connection to 10.1.1.44 timed out. (connect timeout=10)')

The above exception was the direct cause of the following exception:

Traceback (most recent call last):
  File "/usr/local/lib/python3.11/site-packages/requests/adapters.py", line 645, in send
    resp = conn.urlopen(
           ^^^^^^^^^^^^^
  File "/usr/local/lib/python3.11/site-packages/urllib3/connectionpool.py", line 841, in urlopen
    retries = retries.increment(
              ^^^^^^^^^^^^^^^^^^
  File "/usr/local/lib/python3.11/site-packages/urllib3/util/retry.py", line 535, in increment
    raise MaxRetryError(_pool, url, reason) from reason  # type: ignore[arg-type]
    ^^^^^^^^^^^^^^^^^^^^^^^^^^^^^^^^^^^^^^^^^^^^^^^^^^^
urllib3.exceptions.MaxRetryError: HTTPConnectionPool(host='10.1.1.44', port=3004): Max retries exceeded with url: /api/messages/send (Caused by ConnectTimeoutError(<HTTPConnection(host='10.1.1.44', port=3004) at 0x7aef710b2310>, 'Connection to 10.1.1.44 timed out. (connect timeout=10)'))

During handling of the above exception, another exception occurred:

Traceback (most recent call last):
  File "/app/app/api/routes_infra.py", line 151, in send_whatsapp_to_number
    r = requests.post(
        ^^^^^^^^^^^^^^
  File "/usr/local/lib/python3.11/site-packages/requests/api.py", line 115, in post
    return request("post", url, data=data, json=json, **kwargs)
           ^^^^^^^^^^^^^^^^^^^^^^^^^^^^^^^^^^^^^^^^^^^^^^^^^^^^
  File "/usr/local/lib/python3.11/site-packages/requests/api.py", line 59, in request
    return session.request(method=method, url=url, **kwargs)
           ^^^^^^^^^^^^^^^^^^^^^^^^^^^^^^^^^^^^^^^^^^^^^^^^^
  File "/usr/local/lib/python3.11/site-packages/requests/sessions.py", line 592, in request
    resp = self.send(prep, **send_kwargs)
           ^^^^^^^^^^^^^^^^^^^^^^^^^^^^^^
  File "/usr/local/lib/python3.11/site-packages/requests/sessions.py", line 706, in send
    r = adapter.send(request, **kwargs)
        ^^^^^^^^^^^^^^^^^^^^^^^^^^^^^^^
  File "/usr/local/lib/python3.11/site-packages/requests/adapters.py", line 666, in send
    raise ConnectTimeout(e, request=request)
requests.exceptions.ConnectTimeout: HTTPConnectionPool(host='10.1.1.44', port=3004): Max retries exceeded with url: /api/messages/send (Caused by ConnectTimeoutError(<HTTPConnection(host='10.1.1.44', port=3004) at 0x7aef710b2310>, 'Connection to 10.1.1.44 timed out. (connect timeout=10)'))
2026-07-16 08:26:09,718 [ERROR] app.api.routes_infra: PickNotify failed | ticket_id=1041 status=500 resp=HTTPConnectionPool(host='10.1.1.44', port=3004): Max retries exceeded with url: /api/messages/send (Caused by ConnectTimeoutError(<HTTPConnection(host='10.1.1.44', port=3004) at 0x7aef710b2310>, 'Connection to 10.1.1.44 timed out. (connect timeout=10)'))
2026-07-16 08:37:14,738 [INFO] app.api.routes_infra: Infra resolution SLA hiccup generated | ticket_id=1041 hiccup=HCP-26-1283
2026-07-16 08:37:14,755 [INFO] app.api.routes_infra: WA[29c0c478] -> sendMessage | target=917482816592 | len=155
2026-07-16 08:37:23,442 [INFO] app.api.routes_infra: WA[88b199ed] -> sendMessage | target=917482816592 | len=155
2026-07-16 08:37:24,770 [ERROR] app.api.routes_infra: WA[29c0c478] send_whatsapp_to_number exception: HTTPConnectionPool(host='10.1.1.44', port=3004): Max retries exceeded with url: /api/messages/send (Caused by ConnectTimeoutError(<HTTPConnection(host='10.1.1.44', port=3004) at 0x79754923c690>, 'Connection to 10.1.1.44 timed out. (connect timeout=10)'))
Traceback (most recent call last):
  File "/usr/local/lib/python3.11/site-packages/urllib3/connection.py", line 204, in _new_conn
    sock = connection.create_connection(
           ^^^^^^^^^^^^^^^^^^^^^^^^^^^^^
  File "/usr/local/lib/python3.11/site-packages/urllib3/util/connection.py", line 85, in create_connection
    raise err
  File "/usr/local/lib/python3.11/site-packages/urllib3/util/connection.py", line 73, in create_connection
    sock.connect(sa)
TimeoutError: timed out

The above exception was the direct cause of the following exception:

Traceback (most recent call last):
  File "/usr/local/lib/python3.11/site-packages/urllib3/connectionpool.py", line 787, in urlopen
    response = self._make_request(
               ^^^^^^^^^^^^^^^^^^^
  File "/usr/local/lib/python3.11/site-packages/urllib3/connectionpool.py", line 493, in _make_request
    conn.request(
  File "/usr/local/lib/python3.11/site-packages/urllib3/connection.py", line 500, in request
    self.endheaders()
  File "/usr/local/lib/python3.11/http/client.py", line 1318, in endheaders
    self._send_output(message_body, encode_chunked=encode_chunked)
  File "/usr/local/lib/python3.11/http/client.py", line 1078, in _send_output
    self.send(msg)
  File "/usr/local/lib/python3.11/http/client.py", line 1016, in send
    self.connect()
  File "/usr/local/lib/python3.11/site-packages/urllib3/connection.py", line 331, in connect
    self.sock = self._new_conn()
                ^^^^^^^^^^^^^^^^
  File "/usr/local/lib/python3.11/site-packages/urllib3/connection.py", line 213, in _new_conn
    raise ConnectTimeoutError(
urllib3.exceptions.ConnectTimeoutError: (<HTTPConnection(host='10.1.1.44', port=3004) at 0x79754923c690>, 'Connection to 10.1.1.44 timed out. (connect timeout=10)')

The above exception was the direct cause of the following exception:

Traceback (most recent call last):
  File "/usr/local/lib/python3.11/site-packages/requests/adapters.py", line 645, in send
    resp = conn.urlopen(
           ^^^^^^^^^^^^^
  File "/usr/local/lib/python3.11/site-packages/urllib3/connectionpool.py", line 841, in urlopen
    retries = retries.increment(
              ^^^^^^^^^^^^^^^^^^
  File "/usr/local/lib/python3.11/site-packages/urllib3/util/retry.py", line 535, in increment
    raise MaxRetryError(_pool, url, reason) from reason  # type: ignore[arg-type]
    ^^^^^^^^^^^^^^^^^^^^^^^^^^^^^^^^^^^^^^^^^^^^^^^^^^^
urllib3.exceptions.MaxRetryError: HTTPConnectionPool(host='10.1.1.44', port=3004): Max retries exceeded with url: /api/messages/send (Caused by ConnectTimeoutError(<HTTPConnection(host='10.1.1.44', port=3004) at 0x79754923c690>, 'Connection to 10.1.1.44 timed out. (connect timeout=10)'))

During handling of the above exception, another exception occurred:

Traceback (most recent call last):
  File "/app/app/api/routes_infra.py", line 151, in send_whatsapp_to_number
    r = requests.post(
        ^^^^^^^^^^^^^^
  File "/usr/local/lib/python3.11/site-packages/requests/api.py", line 115, in post
    return request("post", url, data=data, json=json, **kwargs)
           ^^^^^^^^^^^^^^^^^^^^^^^^^^^^^^^^^^^^^^^^^^^^^^^^^^^^
  File "/usr/local/lib/python3.11/site-packages/requests/api.py", line 59, in request
    return session.request(method=method, url=url, **kwargs)
           ^^^^^^^^^^^^^^^^^^^^^^^^^^^^^^^^^^^^^^^^^^^^^^^^^
  File "/usr/local/lib/python3.11/site-packages/requests/sessions.py", line 592, in request
    resp = self.send(prep, **send_kwargs)
           ^^^^^^^^^^^^^^^^^^^^^^^^^^^^^^
  File "/usr/local/lib/python3.11/site-packages/requests/sessions.py", line 706, in send
    r = adapter.send(request, **kwargs)
        ^^^^^^^^^^^^^^^^^^^^^^^^^^^^^^^
  File "/usr/local/lib/python3.11/site-packages/requests/adapters.py", line 666, in send
    raise ConnectTimeout(e, request=request)
requests.exceptions.ConnectTimeout: HTTPConnectionPool(host='10.1.1.44', port=3004): Max retries exceeded with url: /api/messages/send (Caused by ConnectTimeoutError(<HTTPConnection(host='10.1.1.44', port=3004) at 0x79754923c690>, 'Connection to 10.1.1.44 timed out. (connect timeout=10)'))
2026-07-16 08:37:24,783 [ERROR] app.api.routes_infra: ResolveNotify failed | ticket_id=1041 status=500 resp=HTTPConnectionPool(host='10.1.1.44', port=3004): Max retries exceeded with url: /api/messages/send (Caused by ConnectTimeoutError(<HTTPConnection(host='10.1.1.44', port=3004) at 0x79754923c690>, 'Connection to 10.1.1.44 timed out. (connect timeout=10)'))
2026-07-16 08:37:33,456 [ERROR] app.api.routes_infra: WA[88b199ed] send_whatsapp_to_number exception: HTTPConnectionPool(host='10.1.1.44', port=3004): Max retries exceeded with url: /api/messages/send (Caused by ConnectTimeoutError(<HTTPConnection(host='10.1.1.44', port=3004) at 0x78a7ad743bd0>, 'Connection to 10.1.1.44 timed out. (connect timeout=10)'))
Traceback (most recent call last):
  File "/usr/local/lib/python3.11/site-packages/urllib3/connection.py", line 204, in _new_conn
    sock = connection.create_connection(
           ^^^^^^^^^^^^^^^^^^^^^^^^^^^^^
  File "/usr/local/lib/python3.11/site-packages/urllib3/util/connection.py", line 85, in create_connection
    raise err
  File "/usr/local/lib/python3.11/site-packages/urllib3/util/connection.py", line 73, in create_connection
    sock.connect(sa)
TimeoutError: timed out

The above exception was the direct cause of the following exception:

Traceback (most recent call last):
  File "/usr/local/lib/python3.11/site-packages/urllib3/connectionpool.py", line 787, in urlopen
    response = self._make_request(
               ^^^^^^^^^^^^^^^^^^^
  File "/usr/local/lib/python3.11/site-packages/urllib3/connectionpool.py", line 493, in _make_request
    conn.request(
  File "/usr/local/lib/python3.11/site-packages/urllib3/connection.py", line 500, in request
    self.endheaders()
  File "/usr/local/lib/python3.11/http/client.py", line 1318, in endheaders
    self._send_output(message_body, encode_chunked=encode_chunked)
  File "/usr/local/lib/python3.11/http/client.py", line 1078, in _send_output
    self.send(msg)
  File "/usr/local/lib/python3.11/http/client.py", line 1016, in send
    self.connect()
  File "/usr/local/lib/python3.11/site-packages/urllib3/connection.py", line 331, in connect
    self.sock = self._new_conn()
                ^^^^^^^^^^^^^^^^
  File "/usr/local/lib/python3.11/site-packages/urllib3/connection.py", line 213, in _new_conn
    raise ConnectTimeoutError(
urllib3.exceptions.ConnectTimeoutError: (<HTTPConnection(host='10.1.1.44', port=3004) at 0x78a7ad743bd0>, 'Connection to 10.1.1.44 timed out. (connect timeout=10)')

The above exception was the direct cause of the following exception:

Traceback (most recent call last):
  File "/usr/local/lib/python3.11/site-packages/requests/adapters.py", line 645, in send
    resp = conn.urlopen(
           ^^^^^^^^^^^^^
  File "/usr/local/lib/python3.11/site-packages/urllib3/connectionpool.py", line 841, in urlopen
    retries = retries.increment(
              ^^^^^^^^^^^^^^^^^^
  File "/usr/local/lib/python3.11/site-packages/urllib3/util/retry.py", line 535, in increment
    raise MaxRetryError(_pool, url, reason) from reason  # type: ignore[arg-type]
    ^^^^^^^^^^^^^^^^^^^^^^^^^^^^^^^^^^^^^^^^^^^^^^^^^^^
urllib3.exceptions.MaxRetryError: HTTPConnectionPool(host='10.1.1.44', port=3004): Max retries exceeded with url: /api/messages/send (Caused by ConnectTimeoutError(<HTTPConnection(host='10.1.1.44', port=3004) at 0x78a7ad743bd0>, 'Connection to 10.1.1.44 timed out. (connect timeout=10)'))

During handling of the above exception, another exception occurred:

Traceback (most recent call last):
  File "/app/app/api/routes_infra.py", line 151, in send_whatsapp_to_number
    r = requests.post(
        ^^^^^^^^^^^^^^
  File "/usr/local/lib/python3.11/site-packages/requests/api.py", line 115, in post
    return request("post", url, data=data, json=json, **kwargs)
           ^^^^^^^^^^^^^^^^^^^^^^^^^^^^^^^^^^^^^^^^^^^^^^^^^^^^
  File "/usr/local/lib/python3.11/site-packages/requests/api.py", line 59, in request
    return session.request(method=method, url=url, **kwargs)
           ^^^^^^^^^^^^^^^^^^^^^^^^^^^^^^^^^^^^^^^^^^^^^^^^^
  File "/usr/local/lib/python3.11/site-packages/requests/sessions.py", line 592, in request
    resp = self.send(prep, **send_kwargs)
           ^^^^^^^^^^^^^^^^^^^^^^^^^^^^^^
  File "/usr/local/lib/python3.11/site-packages/requests/sessions.py", line 706, in send
    r = adapter.send(request, **kwargs)
        ^^^^^^^^^^^^^^^^^^^^^^^^^^^^^^^
  File "/usr/local/lib/python3.11/site-packages/requests/adapters.py", line 666, in send
    raise ConnectTimeout(e, request=request)
requests.exceptions.ConnectTimeout: HTTPConnectionPool(host='10.1.1.44', port=3004): Max retries exceeded with url: /api/messages/send (Caused by ConnectTimeoutError(<HTTPConnection(host='10.1.1.44', port=3004) at 0x78a7ad743bd0>, 'Connection to 10.1.1.44 timed out. (connect timeout=10)'))
2026-07-16 08:37:33,461 [ERROR] app.api.routes_infra: ResolveNotify failed | ticket_id=1041 status=500 resp=HTTPConnectionPool(host='10.1.1.44', port=3004): Max retries exceeded with url: /api/messages/send (Caused by ConnectTimeoutError(<HTTPConnection(host='10.1.1.44', port=3004) at 0x78a7ad743bd0>, 'Connection to 10.1.1.44 timed out. (connect timeout=10)'))
2026-07-16 10:35:33,471 [INFO] app.api.routes_infra: InfraAlert trigger -> ticket_id=1042 created_by=Gulrez Sultan dept=Technical category=Office Infra
2026-07-16 10:35:33,472 [INFO] app.api.routes_infra: InfraAlert -> sending WA for ticket_id=1042 | msg_len=243
2026-07-16 10:35:33,472 [INFO] app.api.routes_infra: WA[8ef384a3] -> sendMessage | target=120363141953100908@g.us | len=243
2026-07-16 10:35:43,477 [ERROR] app.api.routes_infra: WA[8ef384a3] send_whatsapp_to_number exception: HTTPConnectionPool(host='10.1.1.44', port=3004): Max retries exceeded with url: /api/messages/send (Caused by ConnectTimeoutError(<HTTPConnection(host='10.1.1.44', port=3004) at 0x78a7ad73b950>, 'Connection to 10.1.1.44 timed out. (connect timeout=10)'))
Traceback (most recent call last):
  File "/usr/local/lib/python3.11/site-packages/urllib3/connection.py", line 204, in _new_conn
    sock = connection.create_connection(
           ^^^^^^^^^^^^^^^^^^^^^^^^^^^^^
  File "/usr/local/lib/python3.11/site-packages/urllib3/util/connection.py", line 85, in create_connection
    raise err
  File "/usr/local/lib/python3.11/site-packages/urllib3/util/connection.py", line 73, in create_connection
    sock.connect(sa)
TimeoutError: timed out

The above exception was the direct cause of the following exception:

Traceback (most recent call last):
  File "/usr/local/lib/python3.11/site-packages/urllib3/connectionpool.py", line 787, in urlopen
    response = self._make_request(
               ^^^^^^^^^^^^^^^^^^^
  File "/usr/local/lib/python3.11/site-packages/urllib3/connectionpool.py", line 493, in _make_request
    conn.request(
  File "/usr/local/lib/python3.11/site-packages/urllib3/connection.py", line 500, in request
    self.endheaders()
  File "/usr/local/lib/python3.11/http/client.py", line 1318, in endheaders
    self._send_output(message_body, encode_chunked=encode_chunked)
  File "/usr/local/lib/python3.11/http/client.py", line 1078, in _send_output
    self.send(msg)
  File "/usr/local/lib/python3.11/http/client.py", line 1016, in send
    self.connect()
  File "/usr/local/lib/python3.11/site-packages/urllib3/connection.py", line 331, in connect
    self.sock = self._new_conn()
                ^^^^^^^^^^^^^^^^
  File "/usr/local/lib/python3.11/site-packages/urllib3/connection.py", line 213, in _new_conn
    raise ConnectTimeoutError(
urllib3.exceptions.ConnectTimeoutError: (<HTTPConnection(host='10.1.1.44', port=3004) at 0x78a7ad73b950>, 'Connection to 10.1.1.44 timed out. (connect timeout=10)')

The above exception was the direct cause of the following exception:

Traceback (most recent call last):
  File "/usr/local/lib/python3.11/site-packages/requests/adapters.py", line 645, in send
    resp = conn.urlopen(
           ^^^^^^^^^^^^^
  File "/usr/local/lib/python3.11/site-packages/urllib3/connectionpool.py", line 841, in urlopen
    retries = retries.increment(
              ^^^^^^^^^^^^^^^^^^
  File "/usr/local/lib/python3.11/site-packages/urllib3/util/retry.py", line 535, in increment
    raise MaxRetryError(_pool, url, reason) from reason  # type: ignore[arg-type]
    ^^^^^^^^^^^^^^^^^^^^^^^^^^^^^^^^^^^^^^^^^^^^^^^^^^^
urllib3.exceptions.MaxRetryError: HTTPConnectionPool(host='10.1.1.44', port=3004): Max retries exceeded with url: /api/messages/send (Caused by ConnectTimeoutError(<HTTPConnection(host='10.1.1.44', port=3004) at 0x78a7ad73b950>, 'Connection to 10.1.1.44 timed out. (connect timeout=10)'))

During handling of the above exception, another exception occurred:

Traceback (most recent call last):
  File "/app/app/api/routes_infra.py", line 151, in send_whatsapp_to_number
    r = requests.post(
        ^^^^^^^^^^^^^^
  File "/usr/local/lib/python3.11/site-packages/requests/api.py", line 115, in post
    return request("post", url, data=data, json=json, **kwargs)
           ^^^^^^^^^^^^^^^^^^^^^^^^^^^^^^^^^^^^^^^^^^^^^^^^^^^^
  File "/usr/local/lib/python3.11/site-packages/requests/api.py", line 59, in request
    return session.request(method=method, url=url, **kwargs)
           ^^^^^^^^^^^^^^^^^^^^^^^^^^^^^^^^^^^^^^^^^^^^^^^^^
  File "/usr/local/lib/python3.11/site-packages/requests/sessions.py", line 592, in request
    resp = self.send(prep, **send_kwargs)
           ^^^^^^^^^^^^^^^^^^^^^^^^^^^^^^
  File "/usr/local/lib/python3.11/site-packages/requests/sessions.py", line 706, in send
    r = adapter.send(request, **kwargs)
        ^^^^^^^^^^^^^^^^^^^^^^^^^^^^^^^
  File "/usr/local/lib/python3.11/site-packages/requests/adapters.py", line 666, in send
    raise ConnectTimeout(e, request=request)
requests.exceptions.ConnectTimeout: HTTPConnectionPool(host='10.1.1.44', port=3004): Max retries exceeded with url: /api/messages/send (Caused by ConnectTimeoutError(<HTTPConnection(host='10.1.1.44', port=3004) at 0x78a7ad73b950>, 'Connection to 10.1.1.44 timed out. (connect timeout=10)'))
2026-07-16 10:35:43,480 [ERROR] app.api.routes_infra: InfraAlert failed | status=500 | resp=HTTPConnectionPool(host='10.1.1.44', port=3004): Max retries exceeded with url: /api/messages/send (Caused by ConnectTimeoutError(<HTTPConnection(host='10.1.1.44', port=3004) at 0x78a7ad73b950>, 'Connection to 10.1.1.44 timed out. (connect timeout=10)'))
2026-07-16 11:38:10,887 [INFO] app.api.routes_infra: InfraReminder -> processing 1 pending tickets
2026-07-16 11:38:10,888 [INFO] app.api.routes_infra: WA[20976061] -> sendMessage | target=120363141953100908@g.us | len=279
2026-07-16 11:38:20,898 [ERROR] app.api.routes_infra: WA[20976061] send_whatsapp_to_number exception: HTTPConnectionPool(host='10.1.1.44', port=3004): Max retries exceeded with url: /api/messages/send (Caused by ConnectTimeoutError(<HTTPConnection(host='10.1.1.44', port=3004) at 0x71780457a150>, 'Connection to 10.1.1.44 timed out. (connect timeout=10)'))
Traceback (most recent call last):
  File "/usr/local/lib/python3.11/site-packages/urllib3/connection.py", line 204, in _new_conn
    sock = connection.create_connection(
           ^^^^^^^^^^^^^^^^^^^^^^^^^^^^^
  File "/usr/local/lib/python3.11/site-packages/urllib3/util/connection.py", line 85, in create_connection
    raise err
  File "/usr/local/lib/python3.11/site-packages/urllib3/util/connection.py", line 73, in create_connection
    sock.connect(sa)
TimeoutError: timed out

The above exception was the direct cause of the following exception:

Traceback (most recent call last):
  File "/usr/local/lib/python3.11/site-packages/urllib3/connectionpool.py", line 787, in urlopen
    response = self._make_request(
               ^^^^^^^^^^^^^^^^^^^
  File "/usr/local/lib/python3.11/site-packages/urllib3/connectionpool.py", line 493, in _make_request
    conn.request(
  File "/usr/local/lib/python3.11/site-packages/urllib3/connection.py", line 500, in request
    self.endheaders()
  File "/usr/local/lib/python3.11/http/client.py", line 1318, in endheaders
    self._send_output(message_body, encode_chunked=encode_chunked)
  File "/usr/local/lib/python3.11/http/client.py", line 1078, in _send_output
    self.send(msg)
  File "/usr/local/lib/python3.11/http/client.py", line 1016, in send
    self.connect()
  File "/usr/local/lib/python3.11/site-packages/urllib3/connection.py", line 331, in connect
    self.sock = self._new_conn()
                ^^^^^^^^^^^^^^^^
  File "/usr/local/lib/python3.11/site-packages/urllib3/connection.py", line 213, in _new_conn
    raise ConnectTimeoutError(
urllib3.exceptions.ConnectTimeoutError: (<HTTPConnection(host='10.1.1.44', port=3004) at 0x71780457a150>, 'Connection to 10.1.1.44 timed out. (connect timeout=10)')

The above exception was the direct cause of the following exception:

Traceback (most recent call last):
  File "/usr/local/lib/python3.11/site-packages/requests/adapters.py", line 645, in send
    resp = conn.urlopen(
           ^^^^^^^^^^^^^
  File "/usr/local/lib/python3.11/site-packages/urllib3/connectionpool.py", line 841, in urlopen
    retries = retries.increment(
              ^^^^^^^^^^^^^^^^^^
  File "/usr/local/lib/python3.11/site-packages/urllib3/util/retry.py", line 535, in increment
    raise MaxRetryError(_pool, url, reason) from reason  # type: ignore[arg-type]
    ^^^^^^^^^^^^^^^^^^^^^^^^^^^^^^^^^^^^^^^^^^^^^^^^^^^
urllib3.exceptions.MaxRetryError: HTTPConnectionPool(host='10.1.1.44', port=3004): Max retries exceeded with url: /api/messages/send (Caused by ConnectTimeoutError(<HTTPConnection(host='10.1.1.44', port=3004) at 0x71780457a150>, 'Connection to 10.1.1.44 timed out. (connect timeout=10)'))

During handling of the above exception, another exception occurred:

Traceback (most recent call last):
  File "/app/app/api/routes_infra.py", line 151, in send_whatsapp_to_number
    r = requests.post(
        ^^^^^^^^^^^^^^
  File "/usr/local/lib/python3.11/site-packages/requests/api.py", line 115, in post
    return request("post", url, data=data, json=json, **kwargs)
           ^^^^^^^^^^^^^^^^^^^^^^^^^^^^^^^^^^^^^^^^^^^^^^^^^^^^
  File "/usr/local/lib/python3.11/site-packages/requests/api.py", line 59, in request
    return session.request(method=method, url=url, **kwargs)
           ^^^^^^^^^^^^^^^^^^^^^^^^^^^^^^^^^^^^^^^^^^^^^^^^^
  File "/usr/local/lib/python3.11/site-packages/requests/sessions.py", line 592, in request
    resp = self.send(prep, **send_kwargs)
           ^^^^^^^^^^^^^^^^^^^^^^^^^^^^^^
  File "/usr/local/lib/python3.11/site-packages/requests/sessions.py", line 706, in send
    r = adapter.send(request, **kwargs)
        ^^^^^^^^^^^^^^^^^^^^^^^^^^^^^^^
  File "/usr/local/lib/python3.11/site-packages/requests/adapters.py", line 666, in send
    raise ConnectTimeout(e, request=request)
requests.exceptions.ConnectTimeout: HTTPConnectionPool(host='10.1.1.44', port=3004): Max retries exceeded with url: /api/messages/send (Caused by ConnectTimeoutError(<HTTPConnection(host='10.1.1.44', port=3004) at 0x71780457a150>, 'Connection to 10.1.1.44 timed out. (connect timeout=10)'))
2026-07-16 11:38:20,902 [ERROR] app.api.routes_infra: InfraReminder failed | ticket_id=1036 status=500 resp=HTTPConnectionPool(host='10.1.1.44', port=3004): Max retries exceeded with url: /api/messages/send (Caused by ConnectTimeoutError(<HTTPConnection(host='10.1.1.44', port=3004) at 0x71780457a150>, 'Connection to 10.1.1.44 timed out. (connect timeout=10)'))
2026-07-16 12:07:40,790 [INFO] app.api.routes_infra: Infra auto hiccup generated | ticket_id=1036 hiccups=HCP-26-1288
2026-07-16 12:37:41,058 [INFO] app.api.routes_infra: InfraReminder -> processing 1 pending tickets
2026-07-16 12:37:41,059 [INFO] app.api.routes_infra: WA[201c101a] -> sendMessage | target=120363141953100908@g.us | len=279
2026-07-16 12:37:41,064 [INFO] app.api.routes_infra: WA[201c101a] <- status=404 | body={"error":"Account not found"}
2026-07-16 12:37:41,065 [ERROR] app.api.routes_infra: InfraReminder failed | ticket_id=1036 status=404 resp={"error":"Account not found"}
2026-07-16 12:57:18,829 [INFO] app.api.routes_infra: InfraAlert trigger -> ticket_id=1043 created_by=SALEEM JAVED dept=Customer Care category=Office Infra
2026-07-16 12:57:18,830 [INFO] app.api.routes_infra: InfraAlert -> sending WA for ticket_id=1043 | msg_len=249
2026-07-16 12:57:18,830 [INFO] app.api.routes_infra: WA[ab7a89b5] -> sendMessage | target=120363141953100908@g.us | len=249
2026-07-16 12:57:18,944 [INFO] app.api.routes_infra: WA[ab7a89b5] <- status=200 | body={"success":true}
2026-07-16 12:57:18,945 [INFO] app.api.routes_infra: InfraAlert sent | status=200 | resp={"success":true}
2026-07-16 13:11:13,624 [INFO] app.api.routes_infra: InfraAlert trigger -> ticket_id=1044 created_by=Shahana Parveen dept=Marketing category=Software
2026-07-16 13:11:13,625 [INFO] app.api.routes_infra: InfraAlert -> sending WA for ticket_id=1044 | msg_len=307
2026-07-16 13:11:13,626 [INFO] app.api.routes_infra: WA[271ec822] -> sendMessage | target=120363141953100908@g.us | len=307
2026-07-16 13:11:13,673 [INFO] app.api.routes_infra: WA[271ec822] <- status=200 | body={"success":true}
2026-07-16 13:11:13,673 [INFO] app.api.routes_infra: InfraAlert sent | status=200 | resp={"success":true}
2026-07-16 13:31:23,314 [INFO] app.api.routes_infra: WA[67812ab6] -> sendMessage | target=918448546358 | len=122
2026-07-16 13:31:23,699 [INFO] app.api.routes_infra: WA[67812ab6] <- status=200 | body={"success":true}
2026-07-16 13:31:23,700 [INFO] app.api.routes_infra: PickNotify sent to 8448546358 | ticket_id=1044
2026-07-16 14:27:45,564 [INFO] app.api.routes_infra: InfraReminder -> processing 1 pending tickets
2026-07-16 14:27:45,565 [INFO] app.api.routes_infra: WA[4a2c8e2f] -> sendMessage | target=120363141953100908@g.us | len=279
2026-07-16 14:27:46,677 [INFO] app.api.routes_infra: WA[4a2c8e2f] <- status=200 | body={"success":true}
2026-07-16 14:27:46,677 [INFO] app.api.routes_infra: InfraReminder sent | ticket_id=1036 status=200
2026-07-16 14:39:46,425 [INFO] app.api.routes_infra: InfraAlert trigger -> ticket_id=1045 created_by=Aleyamma Babu dept=Center Phlebo category=Hardware
2026-07-16 14:39:46,426 [INFO] app.api.routes_infra: InfraAlert -> sending WA for ticket_id=1045 | msg_len=445
2026-07-16 14:39:46,426 [INFO] app.api.routes_infra: WA[dc708830] -> sendMessage | target=120363141953100908@g.us | len=445
2026-07-16 14:39:46,716 [INFO] app.api.routes_infra: WA[dc708830] <- status=200 | body={"success":true}
2026-07-16 14:39:46,716 [INFO] app.api.routes_infra: InfraAlert sent | status=200 | resp={"success":true}
2026-07-16 14:49:38,576 [INFO] app.api.routes_infra: InfraAlert trigger -> ticket_id=1046 created_by=Ritu Mahalwal dept=Customer Care category=Software
2026-07-16 14:49:38,576 [INFO] app.api.routes_infra: InfraAlert -> sending WA for ticket_id=1046 | msg_len=289
2026-07-16 14:49:38,577 [INFO] app.api.routes_infra: WA[f9c2c32b] -> sendMessage | target=120363141953100908@g.us | len=289
2026-07-16 14:49:39,041 [INFO] app.api.routes_infra: WA[f9c2c32b] <- status=200 | body={"success":true}
2026-07-16 14:49:39,042 [INFO] app.api.routes_infra: InfraAlert sent | status=200 | resp={"success":true}
2026-07-16 15:22:44,637 [INFO] app.api.routes_infra: WA[7cea370b] -> sendMessage | target=919891568559 | len=123
2026-07-16 15:22:44,979 [INFO] app.api.routes_infra: WA[7cea370b] <- status=200 | body={"success":true}
2026-07-16 15:22:44,980 [INFO] app.api.routes_infra: PickNotify sent to 9891568559 | ticket_id=1045
2026-07-16 15:22:47,413 [INFO] app.api.routes_infra: WA[5dbe8b25] -> sendMessage | target=919891568559 | len=161
2026-07-16 15:22:47,713 [INFO] app.api.routes_infra: WA[5dbe8b25] <- status=200 | body={"success":true}
2026-07-16 15:22:47,713 [INFO] app.api.routes_infra: ResolveNotify sent | ticket_id=1045 contact=9891568559
2026-07-16 16:26:03,450 [INFO] app.api.routes_infra: InfraAlert trigger -> ticket_id=1047 created_by=Gulrez Sultan dept=Customer Care category=Office Infra
2026-07-16 16:26:03,451 [INFO] app.api.routes_infra: InfraAlert -> sending WA for ticket_id=1047 | msg_len=295
2026-07-16 16:26:03,451 [INFO] app.api.routes_infra: WA[a6edd7be] -> sendMessage | target=120363141953100908@g.us | len=295
2026-07-16 16:26:03,494 [INFO] app.api.routes_infra: WA[a6edd7be] <- status=200 | body={"success":true}
2026-07-16 16:26:03,495 [INFO] app.api.routes_infra: InfraAlert sent | status=200 | resp={"success":true}
2026-07-16 16:30:13,516 [INFO] app.api.routes_infra: InfraAlert trigger -> ticket_id=1048 created_by=Gulrez Sultan dept=Technical category=Other
2026-07-16 16:30:13,517 [INFO] app.api.routes_infra: InfraAlert -> sending WA for ticket_id=1048 | msg_len=264
2026-07-16 16:30:13,517 [INFO] app.api.routes_infra: WA[abdccfc8] -> sendMessage | target=120363141953100908@g.us | len=264
2026-07-16 16:30:13,569 [INFO] app.api.routes_infra: WA[abdccfc8] <- status=200 | body={"success":true}
2026-07-16 16:30:13,570 [INFO] app.api.routes_infra: InfraAlert sent | status=200 | resp={"success":true}
2026-07-16 16:30:25,805 [INFO] app.api.routes_infra: InfraAlert trigger -> ticket_id=1049 created_by=Prerna Sharma dept=Technical category=Hardware
2026-07-16 16:30:25,806 [INFO] app.api.routes_infra: InfraAlert -> sending WA for ticket_id=1049 | msg_len=292
2026-07-16 16:30:25,806 [INFO] app.api.routes_infra: WA[eb55927b] -> sendMessage | target=120363141953100908@g.us | len=292
2026-07-16 16:30:25,887 [INFO] app.api.routes_infra: WA[eb55927b] <- status=200 | body={"success":true}
2026-07-16 16:30:25,887 [INFO] app.api.routes_infra: InfraAlert sent | status=200 | resp={"success":true}
2026-07-16 17:06:13,551 [INFO] app.api.routes_infra: WA[93803ce9] -> sendMessage | target=919871366002 | len=122
2026-07-16 17:06:14,035 [INFO] app.api.routes_infra: WA[93803ce9] <- status=200 | body={"success":true}
2026-07-16 17:06:14,035 [INFO] app.api.routes_infra: PickNotify sent to 9871366002 | ticket_id=1046
2026-07-16 18:36:19,611 [INFO] app.api.routes_infra: InfraAlert trigger -> ticket_id=1050 created_by=Gulrez Sultan dept=Technical category=Software
2026-07-16 18:36:19,612 [INFO] app.api.routes_infra: InfraAlert -> sending WA for ticket_id=1050 | msg_len=255
2026-07-16 18:36:19,612 [INFO] app.api.routes_infra: WA[4b85be51] -> sendMessage | target=120363141953100908@g.us | len=255
2026-07-16 18:36:19,683 [INFO] app.api.routes_infra: WA[4b85be51] <- status=200 | body={"success":true}
2026-07-16 18:36:19,683 [INFO] app.api.routes_infra: InfraAlert sent | status=200 | resp={"success":true}
2026-07-16 20:29:09,770 [INFO] app.api.routes_infra: InfraAlert trigger -> ticket_id=1051 created_by=Md Shaquib Alam dept=Technical category=Software
2026-07-16 20:29:09,771 [INFO] app.api.routes_infra: InfraAlert -> sending WA for ticket_id=1051 | msg_len=333
2026-07-16 20:29:09,771 [INFO] app.api.routes_infra: WA[cecda6ca] -> sendMessage | target=120363141953100908@g.us | len=333
2026-07-16 20:29:09,837 [INFO] app.api.routes_infra: WA[cecda6ca] <- status=200 | body={"success":true}
2026-07-16 20:29:09,837 [INFO] app.api.routes_infra: InfraAlert sent | status=200 | resp={"success":true}
2026-07-17 09:57:33,481 [INFO] app.api.routes_infra: InfraAlert trigger -> ticket_id=1052 created_by=jyoti dept=Customer Care category=Software
2026-07-17 09:57:33,483 [INFO] app.api.routes_infra: InfraAlert -> sending WA for ticket_id=1052 | msg_len=238
2026-07-17 09:57:33,484 [INFO] app.api.routes_infra: WA[66fe5677] -> sendMessage | target=120363141953100908@g.us | len=238
2026-07-17 09:57:33,546 [INFO] app.api.routes_infra: WA[66fe5677] <- status=200 | body={"success":true}
2026-07-17 09:57:33,546 [INFO] app.api.routes_infra: InfraAlert sent | status=200 | resp={"success":true}
2026-07-17 10:04:38,235 [INFO] app.api.routes_infra: WA[639c2ef5] -> sendMessage | target=919870554746 | len=126
2026-07-17 10:04:38,601 [INFO] app.api.routes_infra: WA[639c2ef5] <- status=500 | body={"error":"Protocol error (Runtime.callFunctionOn): Promise was collected"}
2026-07-17 10:04:38,601 [ERROR] app.api.routes_infra: PickNotify failed | ticket_id=1052 status=500 resp={"error":"Protocol error (Runtime.callFunctionOn): Promise was collected"}
2026-07-17 10:04:50,348 [INFO] app.api.routes_infra: WA[7d530006] -> sendMessage | target=918448558464 | len=126
2026-07-17 10:04:50,688 [INFO] app.api.routes_infra: WA[7d530006] <- status=200 | body={"success":true}
2026-07-17 10:04:50,689 [INFO] app.api.routes_infra: PickNotify sent to 8448558464 | ticket_id=1051
2026-07-17 11:14:01,398 [INFO] app.api.routes_infra: WA[cbdda289] -> sendMessage | target=919870554746 | len=164
2026-07-17 11:14:01,691 [INFO] app.api.routes_infra: WA[cbdda289] <- status=200 | body={"success":true}
2026-07-17 11:14:01,692 [INFO] app.api.routes_infra: ResolveNotify sent | ticket_id=1052 contact=9870554746
2026-07-17 11:22:40,494 [INFO] app.api.routes_infra: WA[0d9c31e4] -> sendMessage | target=919910773271 | len=122
2026-07-17 11:22:40,805 [INFO] app.api.routes_infra: WA[0d9c31e4] <- status=200 | body={"success":true}
2026-07-17 11:22:40,805 [INFO] app.api.routes_infra: PickNotify sent to 9910773271 | ticket_id=1049
2026-07-17 11:26:58,410 [INFO] app.api.routes_infra: WA[9ac633d4] -> sendMessage | target=919650692437 | len=161
2026-07-17 11:26:58,795 [INFO] app.api.routes_infra: WA[9ac633d4] <- status=200 | body={"success":true}
2026-07-17 11:26:58,796 [INFO] app.api.routes_infra: ResolveNotify sent | ticket_id=1019 contact=9650692437
2026-07-17 11:27:06,027 [INFO] app.api.routes_infra: InfraReminder -> processing 1 pending tickets
2026-07-17 11:27:06,028 [INFO] app.api.routes_infra: WA[bb17d281] -> sendMessage | target=120363141953100908@g.us | len=258
2026-07-17 11:27:06,229 [INFO] app.api.routes_infra: WA[bb17d281] <- status=200 | body={"success":true}
2026-07-17 11:27:06,229 [INFO] app.api.routes_infra: InfraReminder sent | ticket_id=1042 status=200
2026-07-17 11:29:44,109 [INFO] app.api.routes_infra: WA[895ea474] -> sendMessage | target=919818247844 | len=123
2026-07-17 11:29:44,398 [INFO] app.api.routes_infra: WA[895ea474] <- status=200 | body={"success":true}
2026-07-17 11:29:44,399 [INFO] app.api.routes_infra: PickNotify sent to 9818247844 | ticket_id=1012
2026-07-17 11:29:47,409 [INFO] app.api.routes_infra: WA[4c5cd039] -> sendMessage | target=919818247844 | len=161
2026-07-17 11:29:47,699 [INFO] app.api.routes_infra: WA[4c5cd039] <- status=200 | body={"success":true}
2026-07-17 11:29:47,699 [INFO] app.api.routes_infra: ResolveNotify sent | ticket_id=1012 contact=9818247844
2026-07-17 11:31:49,467 [INFO] app.api.routes_infra: WA[fdbafc41] -> sendMessage | target=919654441851 | len=123
2026-07-17 11:31:49,796 [INFO] app.api.routes_infra: WA[fdbafc41] <- status=200 | body={"success":true}
2026-07-17 11:31:49,796 [INFO] app.api.routes_infra: PickNotify sent to 9654441851 | ticket_id=1009
2026-07-17 11:32:46,389 [INFO] app.api.routes_infra: WA[a2a1972a] -> sendMessage | target=919818247844 | len=123
2026-07-17 11:32:46,664 [INFO] app.api.routes_infra: WA[a2a1972a] <- status=200 | body={"success":true}
2026-07-17 11:32:46,665 [INFO] app.api.routes_infra: PickNotify sent to 9818247844 | ticket_id=1047
2026-07-17 11:32:58,268 [INFO] app.api.routes_infra: WA[7b12cc3f] -> sendMessage | target=919818247844 | len=161
2026-07-17 11:32:58,545 [INFO] app.api.routes_infra: WA[7b12cc3f] <- status=200 | body={"success":true}
2026-07-17 11:32:58,545 [INFO] app.api.routes_infra: ResolveNotify sent | ticket_id=1047 contact=9818247844
2026-07-17 11:33:17,260 [INFO] app.api.routes_infra: WA[e88f55e9] -> sendMessage | target=919818247844 | len=123
2026-07-17 11:33:17,528 [INFO] app.api.routes_infra: WA[e88f55e9] <- status=200 | body={"success":true}
2026-07-17 11:33:17,528 [INFO] app.api.routes_infra: PickNotify sent to 9818247844 | ticket_id=1042
2026-07-17 11:33:25,738 [INFO] app.api.routes_infra: WA[bc0ecb3d] -> sendMessage | target=919818247844 | len=161
2026-07-17 11:33:26,009 [INFO] app.api.routes_infra: WA[bc0ecb3d] <- status=200 | body={"success":true}
2026-07-17 11:33:26,009 [INFO] app.api.routes_infra: ResolveNotify sent | ticket_id=1042 contact=9818247844
2026-07-17 11:33:42,800 [INFO] app.api.routes_infra: WA[da1dfd03] -> sendMessage | target=919818247844 | len=123
2026-07-17 11:33:43,454 [INFO] app.api.routes_infra: WA[da1dfd03] <- status=200 | body={"success":true}
2026-07-17 11:33:43,454 [INFO] app.api.routes_infra: PickNotify sent to 9818247844 | ticket_id=1021
2026-07-17 11:33:46,113 [INFO] app.api.routes_infra: WA[11e30558] -> sendMessage | target=919818247844 | len=161
2026-07-17 11:33:46,389 [INFO] app.api.routes_infra: WA[11e30558] <- status=200 | body={"success":true}
2026-07-17 11:33:46,390 [INFO] app.api.routes_infra: ResolveNotify sent | ticket_id=1021 contact=9818247844
2026-07-17 11:33:54,916 [INFO] app.api.routes_infra: WA[2287a3d4] -> sendMessage | target=919654441851 | len=123
2026-07-17 11:33:55,236 [INFO] app.api.routes_infra: WA[2287a3d4] <- status=200 | body={"success":true}
2026-07-17 11:33:55,237 [INFO] app.api.routes_infra: PickNotify sent to 9654441851 | ticket_id=1043
2026-07-17 11:34:02,046 [INFO] app.api.routes_infra: WA[4be70c2a] -> sendMessage | target=919818247844 | len=123
2026-07-17 11:34:02,321 [INFO] app.api.routes_infra: WA[4be70c2a] <- status=200 | body={"success":true}
2026-07-17 11:34:02,322 [INFO] app.api.routes_infra: PickNotify sent to 9818247844 | ticket_id=1036
2026-07-17 11:34:53,467 [INFO] app.api.routes_infra: WA[00d5ea65] -> sendMessage | target=919818393041 | len=123
2026-07-17 11:34:53,788 [INFO] app.api.routes_infra: WA[00d5ea65] <- status=200 | body={"success":true}
2026-07-17 11:34:53,788 [INFO] app.api.routes_infra: PickNotify sent to 9818393041 | ticket_id=1004
2026-07-17 11:34:57,775 [INFO] app.api.routes_infra: WA[89f3b81a] -> sendMessage | target=919818393041 | len=161
2026-07-17 11:34:58,078 [INFO] app.api.routes_infra: WA[89f3b81a] <- status=200 | body={"success":true}
2026-07-17 11:34:58,078 [INFO] app.api.routes_infra: ResolveNotify sent | ticket_id=1004 contact=9818393041
2026-07-17 11:35:20,519 [INFO] app.api.routes_infra: WA[bc77060a] -> sendMessage | target=919910773271 | len=122
2026-07-17 11:35:20,822 [INFO] app.api.routes_infra: WA[bc77060a] <- status=200 | body={"success":true}
2026-07-17 11:35:20,823 [INFO] app.api.routes_infra: PickNotify sent to 9910773271 | ticket_id=992
2026-07-17 11:35:28,814 [INFO] app.api.routes_infra: WA[09eace50] -> sendMessage | target=919910773271 | len=160
2026-07-17 11:35:29,106 [INFO] app.api.routes_infra: WA[09eace50] <- status=200 | body={"success":true}
2026-07-17 11:35:29,107 [INFO] app.api.routes_infra: ResolveNotify sent | ticket_id=992 contact=9910773271
2026-07-17 11:46:19,547 [INFO] app.api.routes_infra: WA[2b2b0d93] -> sendMessage | target=919818247844 | len=123
2026-07-17 11:46:19,826 [INFO] app.api.routes_infra: WA[2b2b0d93] <- status=200 | body={"success":true}
2026-07-17 11:46:19,827 [INFO] app.api.routes_infra: PickNotify sent to 9818247844 | ticket_id=1048
2026-07-17 11:46:44,687 [INFO] app.api.routes_infra: WA[e428b9ce] -> sendMessage | target=919915932746 | len=123
2026-07-17 11:46:45,086 [INFO] app.api.routes_infra: WA[e428b9ce] <- status=200 | body={"success":true}
2026-07-17 11:46:45,086 [INFO] app.api.routes_infra: PickNotify sent to 9915932746 | ticket_id=1022
2026-07-17 11:54:20,257 [INFO] app.api.routes_infra: WA[d4afb250] -> sendMessage | target=919818247844 | len=122
2026-07-17 11:54:20,536 [INFO] app.api.routes_infra: WA[d4afb250] <- status=200 | body={"success":true}
2026-07-17 11:54:20,537 [INFO] app.api.routes_infra: PickNotify sent to 9818247844 | ticket_id=1050
2026-07-17 12:41:21,571 [INFO] app.api.routes_infra: InfraAlert trigger -> ticket_id=1053 created_by=SUMIT SINGH dept=Technical category=Hardware
2026-07-17 12:41:21,572 [INFO] app.api.routes_infra: InfraAlert -> sending WA for ticket_id=1053 | msg_len=239
2026-07-17 12:41:21,572 [INFO] app.api.routes_infra: WA[81d6660b] -> sendMessage | target=120363141953100908@g.us | len=239
2026-07-17 12:41:21,621 [INFO] app.api.routes_infra: WA[81d6660b] <- status=200 | body={"success":true}
2026-07-17 12:41:21,622 [INFO] app.api.routes_infra: InfraAlert sent | status=200 | resp={"success":true}
2026-07-17 12:44:14,218 [INFO] app.api.routes_infra: WA[b9850d46] -> sendMessage | target=919821957370 | len=123
2026-07-17 12:44:14,498 [INFO] app.api.routes_infra: WA[b9850d46] <- status=200 | body={"success":true}
2026-07-17 12:44:14,499 [INFO] app.api.routes_infra: PickNotify sent to 9821957370 | ticket_id=1053
2026-07-17 12:44:25,540 [INFO] app.api.routes_infra: WA[e057c2bc] -> sendMessage | target=919821957370 | len=161
2026-07-17 12:44:26,017 [INFO] app.api.routes_infra: WA[e057c2bc] <- status=200 | body={"success":true}
2026-07-17 12:44:26,018 [INFO] app.api.routes_infra: ResolveNotify sent | ticket_id=1053 contact=9821957370
2026-07-17 12:45:36,184 [INFO] app.api.routes_infra: InfraAlert trigger -> ticket_id=1054 created_by=SUMIT SINGH dept=House Keeping category=Other
2026-07-17 12:45:36,184 [INFO] app.api.routes_infra: InfraAlert -> sending WA for ticket_id=1054 | msg_len=443
2026-07-17 12:45:36,185 [INFO] app.api.routes_infra: WA[c141ff2e] -> sendMessage | target=120363141953100908@g.us | len=443
2026-07-17 12:45:36,308 [INFO] app.api.routes_infra: WA[c141ff2e] <- status=200 | body={"success":true}
2026-07-17 12:45:36,308 [INFO] app.api.routes_infra: InfraAlert sent | status=200 | resp={"success":true}
2026-07-17 13:11:18,000 [INFO] app.api.routes_infra: WA[a08e56b5] -> sendMessage | target=919821957370 | len=123
2026-07-17 13:11:18,266 [INFO] app.api.routes_infra: WA[a08e56b5] <- status=200 | body={"success":true}
2026-07-17 13:11:18,267 [INFO] app.api.routes_infra: PickNotify sent to 9821957370 | ticket_id=1054
2026-07-17 13:11:20,601 [INFO] app.api.routes_infra: WA[fb87e898] -> sendMessage | target=919821957370 | len=161
2026-07-17 13:11:20,864 [INFO] app.api.routes_infra: WA[fb87e898] <- status=200 | body={"success":true}
2026-07-17 13:11:20,865 [INFO] app.api.routes_infra: ResolveNotify sent | ticket_id=1054 contact=9821957370
2026-07-17 18:25:16,942 [INFO] app.api.routes_infra: WA[f10c8478] -> sendMessage | target=918448558464 | len=164
2026-07-17 18:25:17,287 [INFO] app.api.routes_infra: WA[f10c8478] <- status=200 | body={"success":true}
2026-07-17 18:25:17,287 [INFO] app.api.routes_infra: ResolveNotify sent | ticket_id=1051 contact=8448558464
2026-07-17 19:22:02,825 [INFO] app.api.routes_infra: WA[7ed49910] -> sendMessage | target=918700004157 | len=121
2026-07-17 19:22:03,101 [INFO] app.api.routes_infra: WA[7ed49910] <- status=200 | body={"success":true}
2026-07-17 19:22:03,101 [INFO] app.api.routes_infra: PickNotify sent to 8700004157 | ticket_id=995
2026-07-17 19:22:13,307 [INFO] app.api.routes_infra: WA[8fb41b19] -> sendMessage | target=919821957370 | len=121
2026-07-17 19:22:13,618 [INFO] app.api.routes_infra: WA[8fb41b19] <- status=200 | body={"success":true}
2026-07-17 19:22:13,618 [INFO] app.api.routes_infra: PickNotify sent to 9821957370 | ticket_id=945
2026-07-17 19:22:21,865 [INFO] app.api.routes_infra: WA[650ce62f] -> sendMessage | target=918700004157 | len=121
2026-07-17 19:22:22,142 [INFO] app.api.routes_infra: WA[650ce62f] <- status=200 | body={"success":true}
2026-07-17 19:22:22,144 [INFO] app.api.routes_infra: PickNotify sent to 8700004157 | ticket_id=996
2026-07-17 19:22:28,311 [INFO] app.api.routes_infra: WA[f2c391ad] -> sendMessage | target=919871177543 | len=121
2026-07-17 19:22:28,704 [INFO] app.api.routes_infra: WA[f2c391ad] <- status=200 | body={"success":true}
2026-07-17 19:22:28,704 [INFO] app.api.routes_infra: PickNotify sent to 9871177543 | ticket_id=999
2026-07-17 19:22:34,664 [INFO] app.api.routes_infra: WA[ef3e2a94] -> sendMessage | target=918368207989 | len=122
2026-07-17 19:22:35,014 [INFO] app.api.routes_infra: WA[ef3e2a94] <- status=200 | body={"success":true}
2026-07-17 19:22:35,014 [INFO] app.api.routes_infra: PickNotify sent to 8368207989 | ticket_id=1010
2026-07-17 19:22:44,090 [INFO] app.api.routes_infra: WA[5e2adb71] -> sendMessage | target=918448546358 | len=122
2026-07-17 19:22:44,454 [INFO] app.api.routes_infra: WA[5e2adb71] <- status=200 | body={"success":true}
2026-07-17 19:22:44,455 [INFO] app.api.routes_infra: PickNotify sent to 8448546358 | ticket_id=1020
2026-07-17 19:22:52,523 [INFO] app.api.routes_infra: WA[fcbbdac4] -> sendMessage | target=919871366002 | len=122
2026-07-17 19:22:52,819 [INFO] app.api.routes_infra: WA[fcbbdac4] <- status=200 | body={"success":true}
2026-07-17 19:22:52,819 [INFO] app.api.routes_infra: PickNotify sent to 9871366002 | ticket_id=1024
2026-07-17 19:22:58,618 [INFO] app.api.routes_infra: WA[4547b7e4] -> sendMessage | target=919871366002 | len=122
2026-07-17 19:22:58,940 [INFO] app.api.routes_infra: WA[4547b7e4] <- status=200 | body={"success":true}
2026-07-17 19:22:58,940 [INFO] app.api.routes_infra: PickNotify sent to 9871366002 | ticket_id=1031
2026-07-17 19:23:06,184 [INFO] app.api.routes_infra: WA[7d3ce148] -> sendMessage | target=919871366002 | len=122
2026-07-17 19:23:06,492 [INFO] app.api.routes_infra: WA[7d3ce148] <- status=200 | body={"success":true}
2026-07-17 19:23:06,493 [INFO] app.api.routes_infra: PickNotify sent to 9871366002 | ticket_id=1032
2026-07-18 10:34:52,765 [INFO] app.api.routes_infra: WA[ec2819ad] -> sendMessage | target=919818247844 | len=123
2026-07-18 10:34:53,107 [INFO] app.api.routes_infra: WA[ec2819ad] <- status=200 | body={"success":true}
2026-07-18 10:34:53,107 [INFO] app.api.routes_infra: PickNotify sent to 9818247844 | ticket_id=1036
2026-07-18 10:35:23,688 [INFO] app.api.routes_infra: WA[80f4d2dd] -> sendMessage | target=919654441851 | len=123
2026-07-18 10:35:24,022 [INFO] app.api.routes_infra: WA[80f4d2dd] <- status=200 | body={"success":true}
2026-07-18 10:35:24,022 [INFO] app.api.routes_infra: PickNotify sent to 9654441851 | ticket_id=1043
2026-07-18 12:27:41,438 [INFO] app.api.routes_infra: WA[d2f6c1bf] -> sendMessage | target=919910773271 | len=160
2026-07-18 12:27:41,759 [INFO] app.api.routes_infra: WA[d2f6c1bf] <- status=200 | body={"success":true}
2026-07-18 12:27:41,759 [INFO] app.api.routes_infra: ResolveNotify sent | ticket_id=1049 contact=9910773271
2026-07-18 12:45:24,761 [INFO] app.api.routes_infra: InfraAlert trigger -> ticket_id=1055 created_by=Md Shaquib Alam dept=Technical category=Software
2026-07-18 12:45:24,761 [INFO] app.api.routes_infra: InfraAlert -> sending WA for ticket_id=1055 | msg_len=320
2026-07-18 12:45:24,762 [INFO] app.api.routes_infra: WA[25fd06fd] -> sendMessage | target=120363141953100908@g.us | len=320
2026-07-18 12:45:24,806 [INFO] app.api.routes_infra: WA[25fd06fd] <- status=200 | body={"success":true}
2026-07-18 12:45:24,807 [INFO] app.api.routes_infra: InfraAlert sent | status=200 | resp={"success":true}
2026-07-18 12:47:05,952 [WARNING] app.api.routes_infra: Infra auto hiccup skipped: no mapped owners found for ticket_id=1054 category=Other subcategory=Other
2026-07-18 13:27:06,017 [INFO] app.api.routes_infra: InfraReminder -> processing 1 pending tickets
2026-07-18 13:27:06,017 [INFO] app.api.routes_infra: WA[0ad8aca7] -> sendMessage | target=120363141953100908@g.us | len=458
2026-07-18 13:27:06,062 [INFO] app.api.routes_infra: WA[0ad8aca7] <- status=200 | body={"success":true}
2026-07-18 13:27:06,062 [INFO] app.api.routes_infra: InfraReminder sent | ticket_id=1054 status=200
2026-07-18 13:33:06,704 [INFO] app.api.routes_infra: WA[5e323e83] -> sendMessage | target=918448558464 | len=126
2026-07-18 13:33:07,057 [INFO] app.api.routes_infra: WA[5e323e83] <- status=200 | body={"success":true}
2026-07-18 13:33:07,058 [INFO] app.api.routes_infra: PickNotify sent to 8448558464 | ticket_id=1055
2026-07-18 13:50:37,152 [INFO] app.api.routes_infra: WA[2b7181e3] -> sendMessage | target=919821957370 | len=123
2026-07-18 13:50:37,461 [INFO] app.api.routes_infra: WA[2b7181e3] <- status=200 | body={"success":true}
2026-07-18 13:50:37,462 [INFO] app.api.routes_infra: PickNotify sent to 9821957370 | ticket_id=1054
2026-07-18 13:51:24,125 [INFO] app.api.routes_infra: WA[dbbeb334] -> sendMessage | target=919821957370 | len=161
2026-07-18 13:51:24,428 [INFO] app.api.routes_infra: WA[dbbeb334] <- status=200 | body={"success":true}
2026-07-18 13:51:24,428 [INFO] app.api.routes_infra: ResolveNotify sent | ticket_id=1054 contact=9821957370
2026-07-18 13:51:37,412 [INFO] app.api.routes_infra: WA[1d479924] -> sendMessage | target=919654441851 | len=161
2026-07-18 13:51:37,730 [INFO] app.api.routes_infra: WA[1d479924] <- status=200 | body={"success":true}
2026-07-18 13:51:37,730 [INFO] app.api.routes_infra: ResolveNotify sent | ticket_id=1043 contact=9654441851
2026-07-18 13:51:45,905 [INFO] app.api.routes_infra: WA[52246017] -> sendMessage | target=919818247844 | len=161
2026-07-18 13:51:46,440 [INFO] app.api.routes_infra: WA[52246017] <- status=200 | body={"success":true}
2026-07-18 13:51:46,440 [INFO] app.api.routes_infra: ResolveNotify sent | ticket_id=1036 contact=9818247844
2026-07-18 14:31:51,557 [INFO] app.api.routes_infra: InfraAlert trigger -> ticket_id=1056 created_by=ANKITA dept=Other category=Software
2026-07-18 14:31:51,558 [INFO] app.api.routes_infra: InfraAlert -> sending WA for ticket_id=1056 | msg_len=239
2026-07-18 14:31:51,559 [INFO] app.api.routes_infra: WA[223a0d4f] -> sendMessage | target=120363141953100908@g.us | len=239
2026-07-18 14:31:51,602 [INFO] app.api.routes_infra: WA[223a0d4f] <- status=200 | body={"success":true}
2026-07-18 14:31:51,602 [INFO] app.api.routes_infra: InfraAlert sent | status=200 | resp={"success":true}
2026-07-18 14:32:50,880 [INFO] app.api.routes_infra: WA[3f77ea6a] -> sendMessage | target=918700004157 | len=126
2026-07-18 14:32:51,198 [INFO] app.api.routes_infra: WA[3f77ea6a] <- status=200 | body={"success":true}
2026-07-18 14:32:51,198 [INFO] app.api.routes_infra: PickNotify sent to 8700004157 | ticket_id=1056
2026-07-18 14:35:27,597 [INFO] app.api.routes_infra: WA[fd29f5e0] -> sendMessage | target=918700004157 | len=164
2026-07-18 14:35:27,920 [INFO] app.api.routes_infra: WA[fd29f5e0] <- status=200 | body={"success":true}
2026-07-18 14:35:27,920 [INFO] app.api.routes_infra: ResolveNotify sent | ticket_id=1056 contact=8700004157
2026-07-18 14:35:33,884 [INFO] app.api.routes_infra: WA[e2954adf] -> sendMessage | target=918448558464 | len=164
2026-07-18 14:35:34,220 [INFO] app.api.routes_infra: WA[e2954adf] <- status=200 | body={"success":true}
2026-07-18 14:35:34,220 [INFO] app.api.routes_infra: ResolveNotify sent | ticket_id=1055 contact=8448558464
2026-07-18 16:18:35,474 [INFO] app.api.routes_infra: InfraAlert trigger -> ticket_id=1057 created_by=SALEEM JAVED dept=Customer Care category=Hardware
2026-07-18 16:18:35,474 [INFO] app.api.routes_infra: InfraAlert -> sending WA for ticket_id=1057 | msg_len=290
2026-07-18 16:18:35,474 [INFO] app.api.routes_infra: WA[bb2b4cc5] -> sendMessage | target=120363141953100908@g.us | len=290
2026-07-18 16:18:35,522 [INFO] app.api.routes_infra: WA[bb2b4cc5] <- status=200 | body={"success":true}
2026-07-18 16:18:35,523 [INFO] app.api.routes_infra: InfraAlert sent | status=200 | resp={"success":true}
2026-07-18 17:15:03,150 [INFO] app.api.routes_infra: WA[c73416ab] -> sendMessage | target=919654441851 | len=161
2026-07-18 17:15:03,474 [INFO] app.api.routes_infra: WA[c73416ab] <- status=200 | body={"success":true}
2026-07-18 17:15:03,474 [INFO] app.api.routes_infra: ResolveNotify sent | ticket_id=1009 contact=9654441851
2026-07-18 18:41:18,618 [INFO] app.api.routes_infra: WA[136127e8] -> sendMessage | target=919654441851 | len=123
2026-07-18 18:41:18,965 [INFO] app.api.routes_infra: WA[136127e8] <- status=200 | body={"success":true}
2026-07-18 18:41:18,966 [INFO] app.api.routes_infra: PickNotify sent to 9654441851 | ticket_id=1057
2026-07-18 18:41:58,103 [INFO] app.api.routes_infra: WA[f4ee152f] -> sendMessage | target=919915932746 | len=161
2026-07-18 18:41:58,412 [INFO] app.api.routes_infra: WA[f4ee152f] <- status=200 | body={"success":true}
2026-07-18 18:41:58,412 [INFO] app.api.routes_infra: ResolveNotify sent | ticket_id=1022 contact=9915932746
2026-07-18 19:03:36,228 [INFO] app.api.routes_infra: InfraAlert trigger -> ticket_id=1058 created_by=Shahana Parveen dept=Marketing category=Software
2026-07-18 19:03:36,229 [INFO] app.api.routes_infra: InfraAlert -> sending WA for ticket_id=1058 | msg_len=494
2026-07-18 19:03:36,229 [INFO] app.api.routes_infra: WA[06a2449c] -> sendMessage | target=120363141953100908@g.us | len=494
2026-07-18 19:03:36,280 [INFO] app.api.routes_infra: WA[06a2449c] <- status=200 | body={"success":true}
2026-07-18 19:03:36,280 [INFO] app.api.routes_infra: InfraAlert sent | status=200 | resp={"success":true}
2026-07-19 17:22:44,337 [INFO] app.api.routes_infra: InfraAlert trigger -> ticket_id=1059 created_by=Sanjeet Kumar dept=Customer Care category=Software
2026-07-19 17:22:44,338 [INFO] app.api.routes_infra: InfraAlert -> sending WA for ticket_id=1059 | msg_len=293
2026-07-19 17:22:44,338 [INFO] app.api.routes_infra: WA[85c969d0] -> sendMessage | target=120363141953100908@g.us | len=293
2026-07-19 17:22:44,414 [INFO] app.api.routes_infra: WA[85c969d0] <- status=200 | body={"success":true}
2026-07-19 17:22:44,415 [INFO] app.api.routes_infra: InfraAlert sent | status=200 | resp={"success":true}
2026-07-19 17:54:42,233 [INFO] app.api.routes_infra: WA[91442e8c] -> sendMessage | target=917982256085 | len=117
2026-07-19 17:54:46,466 [INFO] app.api.routes_infra: WA[91442e8c] <- status=200 | body={"success":true}
2026-07-19 17:54:46,466 [INFO] app.api.routes_infra: PickNotify sent to 7982256085 | ticket_id=1059
2026-07-19 17:56:30,926 [INFO] app.api.routes_infra: WA[130efcb5] -> sendMessage | target=918448546358 | len=117
2026-07-19 17:56:31,294 [INFO] app.api.routes_infra: WA[130efcb5] <- status=200 | body={"success":true}
2026-07-19 17:56:31,294 [INFO] app.api.routes_infra: PickNotify sent to 8448546358 | ticket_id=1058
2026-07-19 17:59:34,619 [INFO] app.api.routes_infra: InfraAlert trigger -> ticket_id=1060 created_by=Sanjeet Kumar dept=Customer Care category=Software
2026-07-19 17:59:34,620 [INFO] app.api.routes_infra: InfraAlert -> sending WA for ticket_id=1060 | msg_len=291
2026-07-19 17:59:34,621 [INFO] app.api.routes_infra: WA[8af58b0f] -> sendMessage | target=120363141953100908@g.us | len=291
2026-07-19 17:59:34,664 [INFO] app.api.routes_infra: WA[8af58b0f] <- status=200 | body={"success":true}
2026-07-19 17:59:34,665 [INFO] app.api.routes_infra: InfraAlert sent | status=200 | resp={"success":true}
2026-07-19 18:00:37,556 [INFO] app.api.routes_infra: WA[fdce1046] -> sendMessage | target=917982256085 | len=258
2026-07-19 18:00:37,866 [INFO] app.api.routes_infra: WA[fdce1046] <- status=200 | body={"success":true}
2026-07-19 18:00:37,866 [INFO] app.api.routes_infra: InvalidNotify sent | ticket_id=1059 contact=7982256085
2026-07-20 09:32:39,513 [INFO] app.api.routes_infra: InfraAlert trigger -> ticket_id=1061 created_by=Mansi Shukla dept=Technical category=Hardware
2026-07-20 09:32:39,515 [INFO] app.api.routes_infra: InfraAlert -> sending WA for ticket_id=1061 | msg_len=236
2026-07-20 09:32:39,516 [INFO] app.api.routes_infra: WA[8e82d934] -> sendMessage | target=120363141953100908@g.us | len=236
2026-07-20 09:32:49,528 [ERROR] app.api.routes_infra: WA[8e82d934] send_whatsapp_to_number exception: HTTPConnectionPool(host='10.1.1.44', port=3004): Max retries exceeded with url: /api/messages/send (Caused by ConnectTimeoutError(<HTTPConnection(host='10.1.1.44', port=3004) at 0x72dcb0ae57d0>, 'Connection to 10.1.1.44 timed out. (connect timeout=10)'))
Traceback (most recent call last):
  File "/usr/local/lib/python3.11/site-packages/urllib3/connection.py", line 204, in _new_conn
    sock = connection.create_connection(
           ^^^^^^^^^^^^^^^^^^^^^^^^^^^^^
  File "/usr/local/lib/python3.11/site-packages/urllib3/util/connection.py", line 85, in create_connection
    raise err
  File "/usr/local/lib/python3.11/site-packages/urllib3/util/connection.py", line 73, in create_connection
    sock.connect(sa)
TimeoutError: timed out

The above exception was the direct cause of the following exception:

Traceback (most recent call last):
  File "/usr/local/lib/python3.11/site-packages/urllib3/connectionpool.py", line 787, in urlopen
    response = self._make_request(
               ^^^^^^^^^^^^^^^^^^^
  File "/usr/local/lib/python3.11/site-packages/urllib3/connectionpool.py", line 493, in _make_request
    conn.request(
  File "/usr/local/lib/python3.11/site-packages/urllib3/connection.py", line 500, in request
    self.endheaders()
  File "/usr/local/lib/python3.11/http/client.py", line 1318, in endheaders
    self._send_output(message_body, encode_chunked=encode_chunked)
  File "/usr/local/lib/python3.11/http/client.py", line 1078, in _send_output
    self.send(msg)
  File "/usr/local/lib/python3.11/http/client.py", line 1016, in send
    self.connect()
  File "/usr/local/lib/python3.11/site-packages/urllib3/connection.py", line 331, in connect
    self.sock = self._new_conn()
                ^^^^^^^^^^^^^^^^
  File "/usr/local/lib/python3.11/site-packages/urllib3/connection.py", line 213, in _new_conn
    raise ConnectTimeoutError(
urllib3.exceptions.ConnectTimeoutError: (<HTTPConnection(host='10.1.1.44', port=3004) at 0x72dcb0ae57d0>, 'Connection to 10.1.1.44 timed out. (connect timeout=10)')

The above exception was the direct cause of the following exception:

Traceback (most recent call last):
  File "/usr/local/lib/python3.11/site-packages/requests/adapters.py", line 645, in send
    resp = conn.urlopen(
           ^^^^^^^^^^^^^
  File "/usr/local/lib/python3.11/site-packages/urllib3/connectionpool.py", line 841, in urlopen
    retries = retries.increment(
              ^^^^^^^^^^^^^^^^^^
  File "/usr/local/lib/python3.11/site-packages/urllib3/util/retry.py", line 535, in increment
    raise MaxRetryError(_pool, url, reason) from reason  # type: ignore[arg-type]
    ^^^^^^^^^^^^^^^^^^^^^^^^^^^^^^^^^^^^^^^^^^^^^^^^^^^
urllib3.exceptions.MaxRetryError: HTTPConnectionPool(host='10.1.1.44', port=3004): Max retries exceeded with url: /api/messages/send (Caused by ConnectTimeoutError(<HTTPConnection(host='10.1.1.44', port=3004) at 0x72dcb0ae57d0>, 'Connection to 10.1.1.44 timed out. (connect timeout=10)'))

During handling of the above exception, another exception occurred:

Traceback (most recent call last):
  File "/app/app/api/routes_infra.py", line 151, in send_whatsapp_to_number
    r = requests.post(
        ^^^^^^^^^^^^^^
  File "/usr/local/lib/python3.11/site-packages/requests/api.py", line 115, in post
    return request("post", url, data=data, json=json, **kwargs)
           ^^^^^^^^^^^^^^^^^^^^^^^^^^^^^^^^^^^^^^^^^^^^^^^^^^^^
  File "/usr/local/lib/python3.11/site-packages/requests/api.py", line 59, in request
    return session.request(method=method, url=url, **kwargs)
           ^^^^^^^^^^^^^^^^^^^^^^^^^^^^^^^^^^^^^^^^^^^^^^^^^
  File "/usr/local/lib/python3.11/site-packages/requests/sessions.py", line 592, in request
    resp = self.send(prep, **send_kwargs)
           ^^^^^^^^^^^^^^^^^^^^^^^^^^^^^^
  File "/usr/local/lib/python3.11/site-packages/requests/sessions.py", line 706, in send
    r = adapter.send(request, **kwargs)
        ^^^^^^^^^^^^^^^^^^^^^^^^^^^^^^^
  File "/usr/local/lib/python3.11/site-packages/requests/adapters.py", line 666, in send
    raise ConnectTimeout(e, request=request)
requests.exceptions.ConnectTimeout: HTTPConnectionPool(host='10.1.1.44', port=3004): Max retries exceeded with url: /api/messages/send (Caused by ConnectTimeoutError(<HTTPConnection(host='10.1.1.44', port=3004) at 0x72dcb0ae57d0>, 'Connection to 10.1.1.44 timed out. (connect timeout=10)'))
2026-07-20 09:32:49,534 [ERROR] app.api.routes_infra: InfraAlert failed | status=500 | resp=HTTPConnectionPool(host='10.1.1.44', port=3004): Max retries exceeded with url: /api/messages/send (Caused by ConnectTimeoutError(<HTTPConnection(host='10.1.1.44', port=3004) at 0x72dcb0ae57d0>, 'Connection to 10.1.1.44 timed out. (connect timeout=10)'))
2026-07-20 10:30:29,956 [INFO] app.api.routes_infra: WA[cb55d9ba] -> sendMessage | target=918595713150 | len=123
2026-07-20 10:30:39,968 [ERROR] app.api.routes_infra: WA[cb55d9ba] send_whatsapp_to_number exception: HTTPConnectionPool(host='10.1.1.44', port=3004): Max retries exceeded with url: /api/messages/send (Caused by ConnectTimeoutError(<HTTPConnection(host='10.1.1.44', port=3004) at 0x72dcb0af5f10>, 'Connection to 10.1.1.44 timed out. (connect timeout=10)'))
Traceback (most recent call last):
  File "/usr/local/lib/python3.11/site-packages/urllib3/connection.py", line 204, in _new_conn
    sock = connection.create_connection(
           ^^^^^^^^^^^^^^^^^^^^^^^^^^^^^
  File "/usr/local/lib/python3.11/site-packages/urllib3/util/connection.py", line 85, in create_connection
    raise err
  File "/usr/local/lib/python3.11/site-packages/urllib3/util/connection.py", line 73, in create_connection
    sock.connect(sa)
TimeoutError: timed out

The above exception was the direct cause of the following exception:

Traceback (most recent call last):
  File "/usr/local/lib/python3.11/site-packages/urllib3/connectionpool.py", line 787, in urlopen
    response = self._make_request(
               ^^^^^^^^^^^^^^^^^^^
  File "/usr/local/lib/python3.11/site-packages/urllib3/connectionpool.py", line 493, in _make_request
    conn.request(
  File "/usr/local/lib/python3.11/site-packages/urllib3/connection.py", line 500, in request
    self.endheaders()
  File "/usr/local/lib/python3.11/http/client.py", line 1318, in endheaders
    self._send_output(message_body, encode_chunked=encode_chunked)
  File "/usr/local/lib/python3.11/http/client.py", line 1078, in _send_output
    self.send(msg)
  File "/usr/local/lib/python3.11/http/client.py", line 1016, in send
    self.connect()
  File "/usr/local/lib/python3.11/site-packages/urllib3/connection.py", line 331, in connect
    self.sock = self._new_conn()
                ^^^^^^^^^^^^^^^^
  File "/usr/local/lib/python3.11/site-packages/urllib3/connection.py", line 213, in _new_conn
    raise ConnectTimeoutError(
urllib3.exceptions.ConnectTimeoutError: (<HTTPConnection(host='10.1.1.44', port=3004) at 0x72dcb0af5f10>, 'Connection to 10.1.1.44 timed out. (connect timeout=10)')

The above exception was the direct cause of the following exception:

Traceback (most recent call last):
  File "/usr/local/lib/python3.11/site-packages/requests/adapters.py", line 645, in send
    resp = conn.urlopen(
           ^^^^^^^^^^^^^
  File "/usr/local/lib/python3.11/site-packages/urllib3/connectionpool.py", line 841, in urlopen
    retries = retries.increment(
              ^^^^^^^^^^^^^^^^^^
  File "/usr/local/lib/python3.11/site-packages/urllib3/util/retry.py", line 535, in increment
    raise MaxRetryError(_pool, url, reason) from reason  # type: ignore[arg-type]
    ^^^^^^^^^^^^^^^^^^^^^^^^^^^^^^^^^^^^^^^^^^^^^^^^^^^
urllib3.exceptions.MaxRetryError: HTTPConnectionPool(host='10.1.1.44', port=3004): Max retries exceeded with url: /api/messages/send (Caused by ConnectTimeoutError(<HTTPConnection(host='10.1.1.44', port=3004) at 0x72dcb0af5f10>, 'Connection to 10.1.1.44 timed out. (connect timeout=10)'))

During handling of the above exception, another exception occurred:

Traceback (most recent call last):
  File "/app/app/api/routes_infra.py", line 151, in send_whatsapp_to_number
    r = requests.post(
        ^^^^^^^^^^^^^^
  File "/usr/local/lib/python3.11/site-packages/requests/api.py", line 115, in post
    return request("post", url, data=data, json=json, **kwargs)
           ^^^^^^^^^^^^^^^^^^^^^^^^^^^^^^^^^^^^^^^^^^^^^^^^^^^^
  File "/usr/local/lib/python3.11/site-packages/requests/api.py", line 59, in request
    return session.request(method=method, url=url, **kwargs)
           ^^^^^^^^^^^^^^^^^^^^^^^^^^^^^^^^^^^^^^^^^^^^^^^^^
  File "/usr/local/lib/python3.11/site-packages/requests/sessions.py", line 592, in request
    resp = self.send(prep, **send_kwargs)
           ^^^^^^^^^^^^^^^^^^^^^^^^^^^^^^
  File "/usr/local/lib/python3.11/site-packages/requests/sessions.py", line 706, in send
    r = adapter.send(request, **kwargs)
        ^^^^^^^^^^^^^^^^^^^^^^^^^^^^^^^
  File "/usr/local/lib/python3.11/site-packages/requests/adapters.py", line 666, in send
    raise ConnectTimeout(e, request=request)
requests.exceptions.ConnectTimeout: HTTPConnectionPool(host='10.1.1.44', port=3004): Max retries exceeded with url: /api/messages/send (Caused by ConnectTimeoutError(<HTTPConnection(host='10.1.1.44', port=3004) at 0x72dcb0af5f10>, 'Connection to 10.1.1.44 timed out. (connect timeout=10)'))
2026-07-20 10:30:39,972 [ERROR] app.api.routes_infra: PickNotify failed | ticket_id=1061 status=500 resp=HTTPConnectionPool(host='10.1.1.44', port=3004): Max retries exceeded with url: /api/messages/send (Caused by ConnectTimeoutError(<HTTPConnection(host='10.1.1.44', port=3004) at 0x72dcb0af5f10>, 'Connection to 10.1.1.44 timed out. (connect timeout=10)'))
2026-07-20 11:20:31,221 [INFO] app.api.routes_infra: WA[2a2f1802] -> sendMessage | target=918595713150 | len=161
2026-07-20 11:20:34,321 [INFO] app.api.routes_infra: WA[7d70c2c0] -> sendMessage | target=918595713150 | len=161
2026-07-20 11:20:41,233 [ERROR] app.api.routes_infra: WA[2a2f1802] send_whatsapp_to_number exception: HTTPConnectionPool(host='10.1.1.44', port=3004): Max retries exceeded with url: /api/messages/send (Caused by ConnectTimeoutError(<HTTPConnection(host='10.1.1.44', port=3004) at 0x72dcb0af6090>, 'Connection to 10.1.1.44 timed out. (connect timeout=10)'))
Traceback (most recent call last):
  File "/usr/local/lib/python3.11/site-packages/urllib3/connection.py", line 204, in _new_conn
    sock = connection.create_connection(
           ^^^^^^^^^^^^^^^^^^^^^^^^^^^^^
  File "/usr/local/lib/python3.11/site-packages/urllib3/util/connection.py", line 85, in create_connection
    raise err
  File "/usr/local/lib/python3.11/site-packages/urllib3/util/connection.py", line 73, in create_connection
    sock.connect(sa)
TimeoutError: timed out

The above exception was the direct cause of the following exception:

Traceback (most recent call last):
  File "/usr/local/lib/python3.11/site-packages/urllib3/connectionpool.py", line 787, in urlopen
    response = self._make_request(
               ^^^^^^^^^^^^^^^^^^^
  File "/usr/local/lib/python3.11/site-packages/urllib3/connectionpool.py", line 493, in _make_request
    conn.request(
  File "/usr/local/lib/python3.11/site-packages/urllib3/connection.py", line 500, in request
    self.endheaders()
  File "/usr/local/lib/python3.11/http/client.py", line 1318, in endheaders
    self._send_output(message_body, encode_chunked=encode_chunked)
  File "/usr/local/lib/python3.11/http/client.py", line 1078, in _send_output
    self.send(msg)
  File "/usr/local/lib/python3.11/http/client.py", line 1016, in send
    self.connect()
  File "/usr/local/lib/python3.11/site-packages/urllib3/connection.py", line 331, in connect
    self.sock = self._new_conn()
                ^^^^^^^^^^^^^^^^
  File "/usr/local/lib/python3.11/site-packages/urllib3/connection.py", line 213, in _new_conn
    raise ConnectTimeoutError(
urllib3.exceptions.ConnectTimeoutError: (<HTTPConnection(host='10.1.1.44', port=3004) at 0x72dcb0af6090>, 'Connection to 10.1.1.44 timed out. (connect timeout=10)')

The above exception was the direct cause of the following exception:

Traceback (most recent call last):
  File "/usr/local/lib/python3.11/site-packages/requests/adapters.py", line 645, in send
    resp = conn.urlopen(
           ^^^^^^^^^^^^^
  File "/usr/local/lib/python3.11/site-packages/urllib3/connectionpool.py", line 841, in urlopen
    retries = retries.increment(
              ^^^^^^^^^^^^^^^^^^
  File "/usr/local/lib/python3.11/site-packages/urllib3/util/retry.py", line 535, in increment
    raise MaxRetryError(_pool, url, reason) from reason  # type: ignore[arg-type]
    ^^^^^^^^^^^^^^^^^^^^^^^^^^^^^^^^^^^^^^^^^^^^^^^^^^^
urllib3.exceptions.MaxRetryError: HTTPConnectionPool(host='10.1.1.44', port=3004): Max retries exceeded with url: /api/messages/send (Caused by ConnectTimeoutError(<HTTPConnection(host='10.1.1.44', port=3004) at 0x72dcb0af6090>, 'Connection to 10.1.1.44 timed out. (connect timeout=10)'))

During handling of the above exception, another exception occurred:

Traceback (most recent call last):
  File "/app/app/api/routes_infra.py", line 151, in send_whatsapp_to_number
    r = requests.post(
        ^^^^^^^^^^^^^^
  File "/usr/local/lib/python3.11/site-packages/requests/api.py", line 115, in post
    return request("post", url, data=data, json=json, **kwargs)
           ^^^^^^^^^^^^^^^^^^^^^^^^^^^^^^^^^^^^^^^^^^^^^^^^^^^^
  File "/usr/local/lib/python3.11/site-packages/requests/api.py", line 59, in request
    return session.request(method=method, url=url, **kwargs)
           ^^^^^^^^^^^^^^^^^^^^^^^^^^^^^^^^^^^^^^^^^^^^^^^^^
  File "/usr/local/lib/python3.11/site-packages/requests/sessions.py", line 592, in request
    resp = self.send(prep, **send_kwargs)
           ^^^^^^^^^^^^^^^^^^^^^^^^^^^^^^
  File "/usr/local/lib/python3.11/site-packages/requests/sessions.py", line 706, in send
    r = adapter.send(request, **kwargs)
        ^^^^^^^^^^^^^^^^^^^^^^^^^^^^^^^
  File "/usr/local/lib/python3.11/site-packages/requests/adapters.py", line 666, in send
    raise ConnectTimeout(e, request=request)
requests.exceptions.ConnectTimeout: HTTPConnectionPool(host='10.1.1.44', port=3004): Max retries exceeded with url: /api/messages/send (Caused by ConnectTimeoutError(<HTTPConnection(host='10.1.1.44', port=3004) at 0x72dcb0af6090>, 'Connection to 10.1.1.44 timed out. (connect timeout=10)'))
2026-07-20 11:20:41,235 [ERROR] app.api.routes_infra: ResolveNotify failed | ticket_id=1061 status=500 resp=HTTPConnectionPool(host='10.1.1.44', port=3004): Max retries exceeded with url: /api/messages/send (Caused by ConnectTimeoutError(<HTTPConnection(host='10.1.1.44', port=3004) at 0x72dcb0af6090>, 'Connection to 10.1.1.44 timed out. (connect timeout=10)'))
2026-07-20 11:20:44,332 [ERROR] app.api.routes_infra: WA[7d70c2c0] send_whatsapp_to_number exception: HTTPConnectionPool(host='10.1.1.44', port=3004): Max retries exceeded with url: /api/messages/send (Caused by ConnectTimeoutError(<HTTPConnection(host='10.1.1.44', port=3004) at 0x7cdf57ec7dd0>, 'Connection to 10.1.1.44 timed out. (connect timeout=10)'))
Traceback (most recent call last):
  File "/usr/local/lib/python3.11/site-packages/urllib3/connection.py", line 204, in _new_conn
    sock = connection.create_connection(
           ^^^^^^^^^^^^^^^^^^^^^^^^^^^^^
  File "/usr/local/lib/python3.11/site-packages/urllib3/util/connection.py", line 85, in create_connection
    raise err
  File "/usr/local/lib/python3.11/site-packages/urllib3/util/connection.py", line 73, in create_connection
    sock.connect(sa)
TimeoutError: timed out

The above exception was the direct cause of the following exception:

Traceback (most recent call last):
  File "/usr/local/lib/python3.11/site-packages/urllib3/connectionpool.py", line 787, in urlopen
    response = self._make_request(
               ^^^^^^^^^^^^^^^^^^^
  File "/usr/local/lib/python3.11/site-packages/urllib3/connectionpool.py", line 493, in _make_request
    conn.request(
  File "/usr/local/lib/python3.11/site-packages/urllib3/connection.py", line 500, in request
    self.endheaders()
  File "/usr/local/lib/python3.11/http/client.py", line 1318, in endheaders
    self._send_output(message_body, encode_chunked=encode_chunked)
  File "/usr/local/lib/python3.11/http/client.py", line 1078, in _send_output
    self.send(msg)
  File "/usr/local/lib/python3.11/http/client.py", line 1016, in send
    self.connect()
  File "/usr/local/lib/python3.11/site-packages/urllib3/connection.py", line 331, in connect
    self.sock = self._new_conn()
                ^^^^^^^^^^^^^^^^
  File "/usr/local/lib/python3.11/site-packages/urllib3/connection.py", line 213, in _new_conn
    raise ConnectTimeoutError(
urllib3.exceptions.ConnectTimeoutError: (<HTTPConnection(host='10.1.1.44', port=3004) at 0x7cdf57ec7dd0>, 'Connection to 10.1.1.44 timed out. (connect timeout=10)')

The above exception was the direct cause of the following exception:

Traceback (most recent call last):
  File "/usr/local/lib/python3.11/site-packages/requests/adapters.py", line 645, in send
    resp = conn.urlopen(
           ^^^^^^^^^^^^^
  File "/usr/local/lib/python3.11/site-packages/urllib3/connectionpool.py", line 841, in urlopen
    retries = retries.increment(
              ^^^^^^^^^^^^^^^^^^
  File "/usr/local/lib/python3.11/site-packages/urllib3/util/retry.py", line 535, in increment
    raise MaxRetryError(_pool, url, reason) from reason  # type: ignore[arg-type]
    ^^^^^^^^^^^^^^^^^^^^^^^^^^^^^^^^^^^^^^^^^^^^^^^^^^^
urllib3.exceptions.MaxRetryError: HTTPConnectionPool(host='10.1.1.44', port=3004): Max retries exceeded with url: /api/messages/send (Caused by ConnectTimeoutError(<HTTPConnection(host='10.1.1.44', port=3004) at 0x7cdf57ec7dd0>, 'Connection to 10.1.1.44 timed out. (connect timeout=10)'))

During handling of the above exception, another exception occurred:

Traceback (most recent call last):
  File "/app/app/api/routes_infra.py", line 151, in send_whatsapp_to_number
    r = requests.post(
        ^^^^^^^^^^^^^^
  File "/usr/local/lib/python3.11/site-packages/requests/api.py", line 115, in post
    return request("post", url, data=data, json=json, **kwargs)
           ^^^^^^^^^^^^^^^^^^^^^^^^^^^^^^^^^^^^^^^^^^^^^^^^^^^^
  File "/usr/local/lib/python3.11/site-packages/requests/api.py", line 59, in request
    return session.request(method=method, url=url, **kwargs)
           ^^^^^^^^^^^^^^^^^^^^^^^^^^^^^^^^^^^^^^^^^^^^^^^^^
  File "/usr/local/lib/python3.11/site-packages/requests/sessions.py", line 592, in request
    resp = self.send(prep, **send_kwargs)
           ^^^^^^^^^^^^^^^^^^^^^^^^^^^^^^
  File "/usr/local/lib/python3.11/site-packages/requests/sessions.py", line 706, in send
    r = adapter.send(request, **kwargs)
        ^^^^^^^^^^^^^^^^^^^^^^^^^^^^^^^
  File "/usr/local/lib/python3.11/site-packages/requests/adapters.py", line 666, in send
    raise ConnectTimeout(e, request=request)
requests.exceptions.ConnectTimeout: HTTPConnectionPool(host='10.1.1.44', port=3004): Max retries exceeded with url: /api/messages/send (Caused by ConnectTimeoutError(<HTTPConnection(host='10.1.1.44', port=3004) at 0x7cdf57ec7dd0>, 'Connection to 10.1.1.44 timed out. (connect timeout=10)'))
2026-07-20 11:20:44,337 [ERROR] app.api.routes_infra: ResolveNotify failed | ticket_id=1061 status=500 resp=HTTPConnectionPool(host='10.1.1.44', port=3004): Max retries exceeded with url: /api/messages/send (Caused by ConnectTimeoutError(<HTTPConnection(host='10.1.1.44', port=3004) at 0x7cdf57ec7dd0>, 'Connection to 10.1.1.44 timed out. (connect timeout=10)'))
2026-07-20 12:45:56,270 [INFO] app.api.routes_infra: WA[94cf8e07] -> sendMessage | target=917982256085 | len=122
2026-07-20 12:45:56,580 [INFO] app.api.routes_infra: WA[94cf8e07] <- status=200 | body={"success":true}
2026-07-20 12:45:56,580 [INFO] app.api.routes_infra: PickNotify sent to 7982256085 | ticket_id=1060
2026-07-20 12:50:52,197 [INFO] app.api.routes_infra: InfraAlert trigger -> ticket_id=1062 created_by=Md Shaquib Alam dept=Technical category=Software
2026-07-20 12:50:52,198 [INFO] app.api.routes_infra: InfraAlert -> sending WA for ticket_id=1062 | msg_len=340
2026-07-20 12:50:52,198 [INFO] app.api.routes_infra: WA[335b5548] -> sendMessage | target=120363141953100908@g.us | len=340
2026-07-20 12:50:52,246 [INFO] app.api.routes_infra: WA[335b5548] <- status=200 | body={"success":true}
2026-07-20 12:50:52,246 [INFO] app.api.routes_infra: InfraAlert sent | status=200 | resp={"success":true}
2026-07-20 13:06:13,018 [INFO] app.api.routes_infra: WA[98adc22d] -> sendMessage | target=918448558464 | len=126
2026-07-20 13:06:13,392 [INFO] app.api.routes_infra: WA[98adc22d] <- status=200 | body={"success":true}
2026-07-20 13:06:13,392 [INFO] app.api.routes_infra: PickNotify sent to 8448558464 | ticket_id=1062
2026-07-20 14:17:51,995 [INFO] app.api.routes_infra: InfraAlert trigger -> ticket_id=1063 created_by=Ritu Mahalwal dept=Customer Care category=Software
2026-07-20 14:17:51,997 [INFO] app.api.routes_infra: InfraAlert -> sending WA for ticket_id=1063 | msg_len=258
2026-07-20 14:17:51,997 [INFO] app.api.routes_infra: WA[d5963360] -> sendMessage | target=120363141953100908@g.us | len=258
2026-07-20 14:17:52,042 [INFO] app.api.routes_infra: WA[d5963360] <- status=200 | body={"success":true}
2026-07-20 14:17:52,043 [INFO] app.api.routes_infra: InfraAlert sent | status=200 | resp={"success":true}
2026-07-20 15:11:39,668 [INFO] app.api.routes_infra: WA[196b78a0] -> sendMessage | target=919871366002 | len=122
2026-07-20 15:11:39,973 [INFO] app.api.routes_infra: WA[196b78a0] <- status=200 | body={"success":true}
2026-07-20 15:11:39,973 [INFO] app.api.routes_infra: PickNotify sent to 9871366002 | ticket_id=1063
2026-07-20 15:11:42,799 [INFO] app.api.routes_infra: WA[62413757] -> sendMessage | target=919871366002 | len=160
2026-07-20 15:11:43,110 [INFO] app.api.routes_infra: WA[62413757] <- status=200 | body={"success":true}
2026-07-20 15:11:43,110 [INFO] app.api.routes_infra: ResolveNotify sent | ticket_id=1063 contact=9871366002
2026-07-20 16:24:06,811 [INFO] app.api.routes_infra: WA[4e480d69] -> sendMessage | target=918448546358 | len=155
2026-07-20 16:24:07,143 [INFO] app.api.routes_infra: WA[4e480d69] <- status=200 | body={"success":true}
2026-07-20 16:24:07,144 [INFO] app.api.routes_infra: ResolveNotify sent | ticket_id=1058 contact=8448546358
2026-07-20 21:33:14,312 [INFO] app.api.routes_infra: InfraAlert trigger -> ticket_id=1064 created_by=Shahana Parveen dept=Marketing category=Office Infra
2026-07-20 21:33:14,312 [INFO] app.api.routes_infra: InfraAlert -> sending WA for ticket_id=1064 | msg_len=255
2026-07-20 21:33:14,313 [INFO] app.api.routes_infra: WA[c1235e7c] -> sendMessage | target=120363141953100908@g.us | len=255
2026-07-20 21:33:14,377 [INFO] app.api.routes_infra: WA[c1235e7c] <- status=200 | body={"success":true}
2026-07-20 21:33:14,377 [INFO] app.api.routes_infra: InfraAlert sent | status=200 | resp={"success":true}
2026-07-21 08:44:49,057 [INFO] app.api.routes_infra: InfraAlert trigger -> ticket_id=1065 created_by=Prerna Sharma dept=Customer Care category=Hardware
2026-07-21 08:44:49,058 [INFO] app.api.routes_infra: InfraAlert -> sending WA for ticket_id=1065 | msg_len=293
2026-07-21 08:44:49,059 [INFO] app.api.routes_infra: WA[416db0e6] -> sendMessage | target=120363141953100908@g.us | len=293
2026-07-21 08:44:49,115 [INFO] app.api.routes_infra: WA[416db0e6] <- status=200 | body={"success":true}
2026-07-21 08:44:49,116 [INFO] app.api.routes_infra: InfraAlert sent | status=200 | resp={"success":true}
2026-07-21 09:22:06,198 [INFO] app.api.routes_infra: WA[840fb75e] -> sendMessage | target=919910773271 | len=122
2026-07-21 09:22:06,500 [INFO] app.api.routes_infra: WA[840fb75e] <- status=200 | body={"success":true}
2026-07-21 09:22:06,500 [INFO] app.api.routes_infra: PickNotify sent to 9910773271 | ticket_id=1065
2026-07-21 10:29:08,872 [INFO] app.api.routes_infra: WA[e7e0894a] -> sendMessage | target=918448546358 | len=123
2026-07-21 10:29:09,212 [INFO] app.api.routes_infra: WA[e7e0894a] <- status=200 | body={"success":true}
2026-07-21 10:29:09,213 [INFO] app.api.routes_infra: PickNotify sent to 8448546358 | ticket_id=1064
2026-07-21 11:13:48,732 [INFO] app.api.routes_infra: InfraAlert trigger -> ticket_id=1066 created_by=Shalini rawat dept=Technical category=Hardware
2026-07-21 11:13:48,733 [INFO] app.api.routes_infra: InfraAlert -> sending WA for ticket_id=1066 | msg_len=329
2026-07-21 11:13:48,733 [INFO] app.api.routes_infra: WA[f5d363d8] -> sendMessage | target=120363141953100908@g.us | len=329
2026-07-21 11:13:49,248 [INFO] app.api.routes_infra: WA[f5d363d8] <- status=200 | body={"success":true}
2026-07-21 11:13:49,249 [INFO] app.api.routes_infra: InfraAlert sent | status=200 | resp={"success":true}
2026-07-21 12:09:08,125 [INFO] app.api.routes_infra: Infra resolution SLA hiccup generated | ticket_id=1062 hiccup=HCP-26-1325
2026-07-21 12:15:14,280 [INFO] app.api.routes_infra: WA[b650832c] -> sendMessage | target=918448558464 | len=164
2026-07-21 12:15:14,665 [INFO] app.api.routes_infra: WA[b650832c] <- status=200 | body={"success":true}
2026-07-21 12:15:14,665 [INFO] app.api.routes_infra: ResolveNotify sent | ticket_id=1062 contact=8448558464
2026-07-21 12:24:40,347 [INFO] app.api.routes_infra: InfraAlert trigger -> ticket_id=1067 created_by=Harshita Basnuwal dept=Technical category=Hardware
2026-07-21 12:24:40,348 [INFO] app.api.routes_infra: InfraAlert -> sending WA for ticket_id=1067 | msg_len=264
2026-07-21 12:24:40,348 [INFO] app.api.routes_infra: WA[4f71375e] -> sendMessage | target=120363141953100908@g.us | len=264
2026-07-21 12:24:40,422 [INFO] app.api.routes_infra: WA[4f71375e] <- status=200 | body={"success":true}
2026-07-21 12:24:40,423 [INFO] app.api.routes_infra: InfraAlert sent | status=200 | resp={"success":true}
2026-07-21 12:34:10,539 [INFO] app.api.routes_infra: WA[431341ca] -> sendMessage | target=918505916252 | len=123
2026-07-21 12:34:10,883 [INFO] app.api.routes_infra: WA[431341ca] <- status=200 | body={"success":true}
2026-07-21 12:34:10,883 [INFO] app.api.routes_infra: PickNotify sent to 8505916252 | ticket_id=1067
2026-07-21 12:34:21,359 [INFO] app.api.routes_infra: WA[e5fa5df9] -> sendMessage | target=918505916252 | len=161
2026-07-21 12:34:21,676 [INFO] app.api.routes_infra: WA[e5fa5df9] <- status=200 | body={"success":true}
2026-07-21 12:34:21,676 [INFO] app.api.routes_infra: ResolveNotify sent | ticket_id=1067 contact=8505916252
2026-07-21 12:34:51,142 [INFO] app.api.routes_infra: InfraAlert trigger -> ticket_id=1068 created_by=Shabnam khan dept=Technical category=Hardware
2026-07-21 12:34:51,142 [INFO] app.api.routes_infra: InfraAlert -> sending WA for ticket_id=1068 | msg_len=241
2026-07-21 12:34:51,144 [INFO] app.api.routes_infra: WA[4b1f5500] -> sendMessage | target=120363141953100908@g.us | len=241
2026-07-21 12:34:51,209 [INFO] app.api.routes_infra: WA[4b1f5500] <- status=200 | body={"success":true}
2026-07-21 12:34:51,210 [INFO] app.api.routes_infra: InfraAlert sent | status=200 | resp={"success":true}
2026-07-21 12:41:08,992 [INFO] app.api.routes_infra: WA[12a9ff71] -> sendMessage | target=919650692437 | len=123
2026-07-21 12:41:09,360 [INFO] app.api.routes_infra: WA[12a9ff71] <- status=200 | body={"success":true}
2026-07-21 12:41:09,360 [INFO] app.api.routes_infra: PickNotify sent to 9650692437 | ticket_id=1066
2026-07-21 12:45:23,025 [INFO] app.api.routes_infra: WA[dea8d9bf] -> sendMessage | target=919650692437 | len=161
2026-07-21 12:45:23,353 [INFO] app.api.routes_infra: WA[dea8d9bf] <- status=200 | body={"success":true}
2026-07-21 12:45:23,354 [INFO] app.api.routes_infra: ResolveNotify sent | ticket_id=1066 contact=9650692437
2026-07-21 15:03:20,127 [INFO] app.api.routes_infra: WA[def15a2b] -> sendMessage | target=918076741165 | len=159
2026-07-21 15:03:20,500 [INFO] app.api.routes_infra: WA[def15a2b] <- status=200 | body={"success":true}
2026-07-21 15:03:20,501 [INFO] app.api.routes_infra: ResolveNotify sent | ticket_id=951 contact=8076741165
2026-07-21 15:03:33,416 [INFO] app.api.routes_infra: WA[08371c73] -> sendMessage | target=918700004157 | len=159
2026-07-21 15:03:33,778 [INFO] app.api.routes_infra: WA[08371c73] <- status=200 | body={"success":true}
2026-07-21 15:03:33,779 [INFO] app.api.routes_infra: ResolveNotify sent | ticket_id=966 contact=8700004157
2026-07-21 15:03:45,159 [INFO] app.api.routes_infra: WA[f654886a] -> sendMessage | target=919821957370 | len=159
2026-07-21 15:03:45,461 [INFO] app.api.routes_infra: WA[f654886a] <- status=200 | body={"success":true}
2026-07-21 15:03:45,462 [INFO] app.api.routes_infra: ResolveNotify sent | ticket_id=945 contact=9821957370
2026-07-21 15:05:53,524 [INFO] app.api.routes_infra: WA[2f36584a] -> sendMessage | target=919871366002 | len=159
2026-07-21 15:05:53,954 [INFO] app.api.routes_infra: WA[2f36584a] <- status=200 | body={"success":true}
2026-07-21 15:05:53,955 [INFO] app.api.routes_infra: ResolveNotify sent | ticket_id=973 contact=9871366002
2026-07-21 15:07:47,194 [INFO] app.api.routes_infra: WA[86acaf2b] -> sendMessage | target=919654441851 | len=161
2026-07-21 15:07:47,763 [INFO] app.api.routes_infra: WA[86acaf2b] <- status=200 | body={"success":true}
2026-07-21 15:07:47,764 [INFO] app.api.routes_infra: ResolveNotify sent | ticket_id=1057 contact=9654441851
2026-07-21 15:08:17,230 [INFO] app.api.routes_infra: WA[1994eaaa] -> sendMessage | target=919818247844 | len=161
2026-07-21 15:08:17,693 [INFO] app.api.routes_infra: WA[1994eaaa] <- status=200 | body={"success":true}
2026-07-21 15:08:17,693 [INFO] app.api.routes_infra: ResolveNotify sent | ticket_id=1048 contact=9818247844
2026-07-21 15:11:03,963 [INFO] app.api.routes_infra: WA[cc85df07] -> sendMessage | target=919910773271 | len=160
2026-07-21 15:11:04,347 [INFO] app.api.routes_infra: WA[cc85df07] <- status=200 | body={"success":true}
2026-07-21 15:11:04,348 [INFO] app.api.routes_infra: ResolveNotify sent | ticket_id=1065 contact=9910773271
2026-07-21 15:18:54,857 [INFO] app.api.routes_infra: WA[5a97e48e] -> sendMessage | target=918700004157 | len=159
2026-07-21 15:18:55,183 [INFO] app.api.routes_infra: WA[5a97e48e] <- status=200 | body={"success":true}
2026-07-21 15:18:55,183 [INFO] app.api.routes_infra: ResolveNotify sent | ticket_id=995 contact=8700004157
2026-07-21 15:19:16,682 [INFO] app.api.routes_infra: WA[369857db] -> sendMessage | target=918700004157 | len=159
2026-07-21 15:19:17,016 [INFO] app.api.routes_infra: WA[369857db] <- status=200 | body={"success":true}
2026-07-21 15:19:17,016 [INFO] app.api.routes_infra: ResolveNotify sent | ticket_id=996 contact=8700004157
2026-07-21 15:21:05,767 [INFO] app.api.routes_infra: WA[9605ea31] -> sendMessage | target=919871177543 | len=244
2026-07-21 15:21:06,100 [INFO] app.api.routes_infra: WA[9605ea31] <- status=200 | body={"success":true}
2026-07-21 15:21:06,101 [INFO] app.api.routes_infra: InvalidNotify sent | ticket_id=999 contact=9871177543
2026-07-21 15:21:27,655 [INFO] app.api.routes_infra: WA[948d4c66] -> sendMessage | target=918368207989 | len=160
2026-07-21 15:21:27,941 [INFO] app.api.routes_infra: WA[948d4c66] <- status=200 | body={"success":true}
2026-07-21 15:21:27,941 [INFO] app.api.routes_infra: ResolveNotify sent | ticket_id=1010 contact=8368207989
2026-07-21 15:27:01,013 [INFO] app.api.routes_infra: WA[ba2a71e7] -> sendMessage | target=917982256085 | len=160
2026-07-21 15:27:01,359 [INFO] app.api.routes_infra: WA[ba2a71e7] <- status=200 | body={"success":true}
2026-07-21 15:27:01,359 [INFO] app.api.routes_infra: ResolveNotify sent | ticket_id=1039 contact=7982256085
2026-07-21 15:27:47,192 [INFO] app.api.routes_infra: WA[72d0e3cf] -> sendMessage | target=917982256085 | len=160
2026-07-21 15:27:47,540 [INFO] app.api.routes_infra: WA[72d0e3cf] <- status=200 | body={"success":true}
2026-07-21 15:27:47,541 [INFO] app.api.routes_infra: ResolveNotify sent | ticket_id=1060 contact=7982256085
2026-07-21 15:30:40,460 [INFO] app.api.routes_infra: WA[7dfa395c] -> sendMessage | target=919818247844 | len=160
2026-07-21 15:30:40,924 [INFO] app.api.routes_infra: WA[7dfa395c] <- status=200 | body={"success":true}
2026-07-21 15:30:40,924 [INFO] app.api.routes_infra: ResolveNotify sent | ticket_id=1050 contact=9818247844
2026-07-21 16:49:46,608 [INFO] app.api.routes_infra: InfraAlert trigger -> ticket_id=1069 created_by=Suresh Kundra dept=Customer Care category=Software
2026-07-21 16:49:46,609 [INFO] app.api.routes_infra: InfraAlert -> sending WA for ticket_id=1069 | msg_len=334
2026-07-21 16:49:46,609 [INFO] app.api.routes_infra: WA[66c4059d] -> sendMessage | target=120363141953100908@g.us | len=334
2026-07-21 16:49:46,697 [INFO] app.api.routes_infra: WA[66c4059d] <- status=200 | body={"success":true}
2026-07-21 16:49:46,697 [INFO] app.api.routes_infra: InfraAlert sent | status=200 | resp={"success":true}
2026-07-21 16:51:47,520 [INFO] app.api.routes_infra: WA[266773db] -> sendMessage | target=919667798385 | len=122
2026-07-21 16:51:47,842 [INFO] app.api.routes_infra: WA[266773db] <- status=200 | body={"success":true}
2026-07-21 16:51:47,842 [INFO] app.api.routes_infra: PickNotify sent to 9667798385 | ticket_id=1069
2026-07-21 16:52:16,985 [INFO] app.api.routes_infra: WA[170cbd88] -> sendMessage | target=919667798385 | len=160
2026-07-21 16:52:17,438 [INFO] app.api.routes_infra: WA[170cbd88] <- status=200 | body={"success":true}
2026-07-21 16:52:17,439 [INFO] app.api.routes_infra: ResolveNotify sent | ticket_id=1069 contact=9667798385
2026-07-21 18:12:05,069 [INFO] app.api.routes_infra: InfraAlert trigger -> ticket_id=1070 created_by=Sanjeet Kumar dept=Customer Care category=Software
2026-07-21 18:12:05,070 [INFO] app.api.routes_infra: InfraAlert -> sending WA for ticket_id=1070 | msg_len=298
2026-07-21 18:12:05,070 [INFO] app.api.routes_infra: WA[c6b36995] -> sendMessage | target=120363141953100908@g.us | len=298
2026-07-21 18:12:05,132 [INFO] app.api.routes_infra: WA[c6b36995] <- status=200 | body={"success":true}
2026-07-21 18:12:05,132 [INFO] app.api.routes_infra: InfraAlert sent | status=200 | resp={"success":true}
2026-07-21 18:16:26,528 [INFO] app.api.routes_infra: WA[9158974c] -> sendMessage | target=917982256085 | len=122
2026-07-21 18:16:26,856 [INFO] app.api.routes_infra: WA[9158974c] <- status=200 | body={"success":true}
2026-07-21 18:16:26,857 [INFO] app.api.routes_infra: PickNotify sent to 7982256085 | ticket_id=1070
2026-07-21 18:16:28,776 [INFO] app.api.routes_infra: WA[8beecde8] -> sendMessage | target=917982256085 | len=160
2026-07-21 18:16:29,131 [INFO] app.api.routes_infra: WA[8beecde8] <- status=200 | body={"success":true}
2026-07-21 18:16:29,132 [INFO] app.api.routes_infra: ResolveNotify sent | ticket_id=1070 contact=7982256085
2026-07-22 11:48:58,379 [INFO] app.api.routes_infra: InfraAlert trigger -> ticket_id=1071 created_by=Akshay Kumar Ram dept=House Keeping category=Other
2026-07-22 11:48:58,379 [INFO] app.api.routes_infra: InfraAlert -> sending WA for ticket_id=1071 | msg_len=321
2026-07-22 11:48:58,380 [INFO] app.api.routes_infra: WA[41ca8e4e] -> sendMessage | target=120363141953100908@g.us | len=321
2026-07-22 11:48:58,584 [INFO] app.api.routes_infra: WA[41ca8e4e] <- status=200 | body={"success":true}
2026-07-22 11:48:58,585 [INFO] app.api.routes_infra: InfraAlert sent | status=200 | resp={"success":true}
2026-07-22 11:50:45,691 [INFO] app.api.routes_infra: InfraAlert trigger -> ticket_id=1072 created_by=Suresh Kundra dept=Customer Care category=Software
2026-07-22 11:50:45,692 [INFO] app.api.routes_infra: InfraAlert -> sending WA for ticket_id=1072 | msg_len=273
2026-07-22 11:50:45,692 [INFO] app.api.routes_infra: WA[f0849eb5] -> sendMessage | target=120363141953100908@g.us | len=273
2026-07-22 11:50:45,848 [INFO] app.api.routes_infra: WA[f0849eb5] <- status=200 | body={"success":true}
2026-07-22 11:50:45,849 [INFO] app.api.routes_infra: InfraAlert sent | status=200 | resp={"success":true}
2026-07-22 11:59:09,844 [INFO] app.api.routes_infra: WA[8f983ce4] -> sendMessage | target=918448546358 | len=161
2026-07-22 11:59:10,192 [INFO] app.api.routes_infra: WA[8f983ce4] <- status=200 | body={"success":true}
2026-07-22 11:59:10,192 [INFO] app.api.routes_infra: ResolveNotify sent | ticket_id=1064 contact=8448546358
2026-07-22 11:59:51,483 [INFO] app.api.routes_infra: WA[c8ecbdde] -> sendMessage | target=919818393041 | len=123
2026-07-22 11:59:51,799 [INFO] app.api.routes_infra: WA[c8ecbdde] <- status=200 | body={"success":true}
2026-07-22 11:59:51,799 [INFO] app.api.routes_infra: PickNotify sent to 9818393041 | ticket_id=1068
2026-07-22 12:35:03,463 [INFO] app.api.routes_infra: InfraAlert trigger -> ticket_id=1073 created_by=Akshay Kumar Ram dept=House Keeping category=Other
2026-07-22 12:35:03,464 [INFO] app.api.routes_infra: InfraAlert -> sending WA for ticket_id=1073 | msg_len=371
2026-07-22 12:35:03,464 [INFO] app.api.routes_infra: WA[9c03ccf1] -> sendMessage | target=120363141953100908@g.us | len=371
2026-07-22 12:35:03,526 [INFO] app.api.routes_infra: WA[9c03ccf1] <- status=200 | body={"success":true}
2026-07-22 12:35:03,527 [INFO] app.api.routes_infra: InfraAlert sent | status=200 | resp={"success":true}
2026-07-22 12:40:02,773 [INFO] app.api.routes_infra: InfraAlert trigger -> ticket_id=1074 created_by=Akshay Kumar Ram dept=House Keeping category=Other
2026-07-22 12:40:02,773 [INFO] app.api.routes_infra: InfraAlert -> sending WA for ticket_id=1074 | msg_len=343
2026-07-22 12:40:02,774 [INFO] app.api.routes_infra: WA[cbb9cc80] -> sendMessage | target=120363141953100908@g.us | len=343
2026-07-22 12:40:02,847 [INFO] app.api.routes_infra: WA[cbb9cc80] <- status=200 | body={"success":true}
2026-07-22 12:40:02,848 [INFO] app.api.routes_infra: InfraAlert sent | status=200 | resp={"success":true}
2026-07-22 12:50:03,104 [INFO] app.api.routes_infra: WA[1c884b9e] -> sendMessage | target=919958547534 | len=123
2026-07-22 12:50:03,435 [INFO] app.api.routes_infra: WA[1c884b9e] <- status=200 | body={"success":true}
2026-07-22 12:50:03,435 [INFO] app.api.routes_infra: PickNotify sent to 9958547534 | ticket_id=1074
2026-07-22 12:50:10,470 [INFO] app.api.routes_infra: WA[d1450cb9] -> sendMessage | target=919958547534 | len=123
2026-07-22 12:50:10,796 [INFO] app.api.routes_infra: WA[d1450cb9] <- status=200 | body={"success":true}
2026-07-22 12:50:10,796 [INFO] app.api.routes_infra: PickNotify sent to 9958547534 | ticket_id=1073
2026-07-22 12:50:16,331 [INFO] app.api.routes_infra: WA[7065a2fd] -> sendMessage | target=919667798385 | len=123
2026-07-22 12:50:16,659 [INFO] app.api.routes_infra: WA[7065a2fd] <- status=200 | body={"success":true}
2026-07-22 12:50:16,659 [INFO] app.api.routes_infra: PickNotify sent to 9667798385 | ticket_id=1072
2026-07-22 12:50:23,111 [INFO] app.api.routes_infra: WA[debec24c] -> sendMessage | target=919667798385 | len=161
2026-07-22 12:50:23,466 [INFO] app.api.routes_infra: WA[debec24c] <- status=200 | body={"success":true}
2026-07-22 12:50:23,466 [INFO] app.api.routes_infra: ResolveNotify sent | ticket_id=1072 contact=9667798385
2026-07-22 12:50:36,606 [INFO] app.api.routes_infra: WA[76741eec] -> sendMessage | target=919958547534 | len=123
2026-07-22 12:50:36,954 [INFO] app.api.routes_infra: WA[76741eec] <- status=200 | body={"success":true}
2026-07-22 12:50:36,955 [INFO] app.api.routes_infra: PickNotify sent to 9958547534 | ticket_id=1071
2026-07-22 14:12:59,043 [INFO] app.api.routes_infra: InfraAlert trigger -> ticket_id=1075 created_by=Suresh Kundra dept=Customer Care category=Software
2026-07-22 14:12:59,044 [INFO] app.api.routes_infra: InfraAlert -> sending WA for ticket_id=1075 | msg_len=279
2026-07-22 14:12:59,044 [INFO] app.api.routes_infra: WA[d780cb00] -> sendMessage | target=120363141953100908@g.us | len=279
2026-07-22 14:12:59,132 [INFO] app.api.routes_infra: WA[d780cb00] <- status=200 | body={"success":true}
2026-07-22 14:12:59,133 [INFO] app.api.routes_infra: InfraAlert sent | status=200 | resp={"success":true}
2026-07-22 14:15:24,011 [INFO] app.api.routes_infra: WA[1bee06a0] -> sendMessage | target=919667798385 | len=122
2026-07-22 14:15:24,370 [INFO] app.api.routes_infra: WA[1bee06a0] <- status=200 | body={"success":true}
2026-07-22 14:15:24,371 [INFO] app.api.routes_infra: PickNotify sent to 9667798385 | ticket_id=1075
2026-07-22 14:34:05,726 [INFO] app.api.routes_infra: InfraAlert trigger -> ticket_id=1076 created_by=Divya bisht dept=Technical category=Hardware
2026-07-22 14:34:05,726 [INFO] app.api.routes_infra: InfraAlert -> sending WA for ticket_id=1076 | msg_len=250
2026-07-22 14:34:05,728 [INFO] app.api.routes_infra: WA[80e0398c] -> sendMessage | target=120363141953100908@g.us | len=250
2026-07-22 14:34:05,809 [INFO] app.api.routes_infra: WA[80e0398c] <- status=200 | body={"success":true}
2026-07-22 14:34:05,810 [INFO] app.api.routes_infra: InfraAlert sent | status=200 | resp={"success":true}
2026-07-22 14:48:34,607 [INFO] app.api.routes_infra: WA[6bd1dad3] -> sendMessage | target=919871366002 | len=160
2026-07-22 14:48:34,935 [INFO] app.api.routes_infra: WA[6bd1dad3] <- status=200 | body={"success":true}
2026-07-22 14:48:34,935 [INFO] app.api.routes_infra: ResolveNotify sent | ticket_id=1031 contact=9871366002
2026-07-22 15:00:13,896 [INFO] app.api.routes_infra: InfraAlert trigger -> ticket_id=1077 created_by=Ritu Mahalwal dept=Customer Care category=Software
2026-07-22 15:00:13,897 [INFO] app.api.routes_infra: InfraAlert -> sending WA for ticket_id=1077 | msg_len=309
2026-07-22 15:00:13,899 [INFO] app.api.routes_infra: WA[8a166a3c] -> sendMessage | target=120363141953100908@g.us | len=309
2026-07-22 15:00:13,974 [INFO] app.api.routes_infra: WA[8a166a3c] <- status=200 | body={"success":true}
2026-07-22 15:00:13,975 [INFO] app.api.routes_infra: InfraAlert sent | status=200 | resp={"success":true}
2026-07-22 15:00:20,858 [INFO] app.api.routes_infra: WA[f039ecfb] -> sendMessage | target=919871366002 | len=122
2026-07-22 15:00:21,188 [INFO] app.api.routes_infra: WA[f039ecfb] <- status=200 | body={"success":true}
2026-07-22 15:00:21,189 [INFO] app.api.routes_infra: PickNotify sent to 9871366002 | ticket_id=1077
2026-07-22 15:00:24,053 [INFO] app.api.routes_infra: WA[4fb5196f] -> sendMessage | target=919871366002 | len=160
2026-07-22 15:00:24,771 [INFO] app.api.routes_infra: WA[4fb5196f] <- status=200 | body={"success":true}
2026-07-22 15:00:24,771 [INFO] app.api.routes_infra: ResolveNotify sent | ticket_id=1077 contact=9871366002
2026-07-22 15:18:19,110 [INFO] app.api.routes_infra: WA[85177e97] -> sendMessage | target=919667798385 | len=160
2026-07-22 15:18:19,445 [INFO] app.api.routes_infra: WA[85177e97] <- status=200 | body={"success":true}
2026-07-22 15:18:19,445 [INFO] app.api.routes_infra: ResolveNotify sent | ticket_id=1075 contact=9667798385
2026-07-22 15:24:43,466 [INFO] app.api.routes_infra: InfraAlert trigger -> ticket_id=1078 created_by=Shahana Parveen dept=Marketing category=Software
2026-07-22 15:24:43,467 [INFO] app.api.routes_infra: InfraAlert -> sending WA for ticket_id=1078 | msg_len=263
2026-07-22 15:24:43,467 [INFO] app.api.routes_infra: WA[2d249f9e] -> sendMessage | target=120363141953100908@g.us | len=263
2026-07-22 15:24:43,526 [INFO] app.api.routes_infra: WA[2d249f9e] <- status=200 | body={"success":true}
2026-07-22 15:24:43,526 [INFO] app.api.routes_infra: InfraAlert sent | status=200 | resp={"success":true}
2026-07-22 15:29:28,345 [INFO] app.api.routes_infra: WA[806a4f0e] -> sendMessage | target=919258180594 | len=123
2026-07-22 15:29:28,840 [INFO] app.api.routes_infra: WA[806a4f0e] <- status=200 | body={"success":true}
2026-07-22 15:29:28,840 [INFO] app.api.routes_infra: PickNotify sent to 9258180594 | ticket_id=1076
2026-07-22 15:29:32,272 [INFO] app.api.routes_infra: WA[59168e12] -> sendMessage | target=919258180594 | len=161
2026-07-22 15:29:32,708 [INFO] app.api.routes_infra: WA[59168e12] <- status=200 | body={"success":true}
2026-07-22 15:29:32,708 [INFO] app.api.routes_infra: ResolveNotify sent | ticket_id=1076 contact=9258180594
2026-07-22 15:39:06,007 [INFO] app.api.routes_infra: InfraAlert trigger -> ticket_id=1079 created_by=Ritu Mahalwal dept=Customer Care category=Software
2026-07-22 15:39:06,008 [INFO] app.api.routes_infra: InfraAlert -> sending WA for ticket_id=1079 | msg_len=359
2026-07-22 15:39:06,008 [INFO] app.api.routes_infra: WA[75f940af] -> sendMessage | target=120363141953100908@g.us | len=359
2026-07-22 15:39:06,170 [INFO] app.api.routes_infra: WA[75f940af] <- status=200 | body={"success":true}
2026-07-22 15:39:06,170 [INFO] app.api.routes_infra: InfraAlert sent | status=200 | resp={"success":true}
2026-07-22 15:40:45,797 [INFO] app.api.routes_infra: WA[1e20e8f7] -> sendMessage | target=919871366002 | len=122
2026-07-22 15:40:46,253 [INFO] app.api.routes_infra: WA[1e20e8f7] <- status=200 | body={"success":true}
2026-07-22 15:40:46,254 [INFO] app.api.routes_infra: PickNotify sent to 9871366002 | ticket_id=1079
2026-07-22 15:40:48,268 [INFO] app.api.routes_infra: WA[0eb6a659] -> sendMessage | target=919871366002 | len=160
2026-07-22 15:40:48,674 [INFO] app.api.routes_infra: WA[0eb6a659] <- status=200 | body={"success":true}
2026-07-22 15:40:48,674 [INFO] app.api.routes_infra: ResolveNotify sent | ticket_id=1079 contact=9871366002
2026-07-22 17:08:45,654 [INFO] app.api.routes_infra: WA[c693285b] -> sendMessage | target=919871366002 | len=160
2026-07-22 17:08:46,008 [INFO] app.api.routes_infra: WA[c693285b] <- status=200 | body={"success":true}
2026-07-22 17:08:46,009 [INFO] app.api.routes_infra: ResolveNotify sent | ticket_id=1024 contact=9871366002
2026-07-22 17:18:33,846 [INFO] app.api.routes_infra: WA[0f80264a] -> sendMessage | target=918448546358 | len=160
2026-07-22 17:18:34,420 [INFO] app.api.routes_infra: WA[0f80264a] <- status=200 | body={"success":true}
2026-07-22 17:18:34,420 [INFO] app.api.routes_infra: ResolveNotify sent | ticket_id=1020 contact=8448546358
2026-07-22 18:04:35,436 [INFO] app.api.routes_infra: WA[58ad332d] -> sendMessage | target=918448546358 | len=122
2026-07-22 18:04:35,998 [INFO] app.api.routes_infra: WA[58ad332d] <- status=200 | body={"success":true}
2026-07-22 18:04:35,999 [INFO] app.api.routes_infra: PickNotify sent to 8448546358 | ticket_id=1078
2026-07-22 21:03:34,405 [INFO] app.api.routes_infra: InfraAlert trigger -> ticket_id=1080 created_by=Shahana Parveen dept=Marketing category=Office Infra
2026-07-22 21:03:34,406 [INFO] app.api.routes_infra: InfraAlert -> sending WA for ticket_id=1080 | msg_len=280
2026-07-22 21:03:34,406 [INFO] app.api.routes_infra: WA[5d734e1d] -> sendMessage | target=120363141953100908@g.us | len=280
2026-07-22 21:03:34,460 [INFO] app.api.routes_infra: WA[5d734e1d] <- status=200 | body={"success":true}
2026-07-22 21:03:34,461 [INFO] app.api.routes_infra: InfraAlert sent | status=200 | resp={"success":true}
2026-07-23 09:58:15,688 [INFO] app.api.routes_infra: InfraAlert trigger -> ticket_id=1081 created_by=Mansi Shukla dept=Technical category=Software
2026-07-23 09:58:15,690 [INFO] app.api.routes_infra: InfraAlert -> sending WA for ticket_id=1081 | msg_len=255
2026-07-23 09:58:15,690 [INFO] app.api.routes_infra: WA[f80941be] -> sendMessage | target=120363141953100908@g.us | len=255
2026-07-23 09:58:15,749 [INFO] app.api.routes_infra: WA[f80941be] <- status=200 | body={"success":true}
2026-07-23 09:58:15,749 [INFO] app.api.routes_infra: InfraAlert sent | status=200 | resp={"success":true}
2026-07-23 11:01:29,791 [INFO] app.api.routes_infra: WA[eb92190a] -> sendMessage | target=918595713150 | len=123
2026-07-23 11:01:30,114 [INFO] app.api.routes_infra: WA[eb92190a] <- status=200 | body={"success":true}
2026-07-23 11:01:30,115 [INFO] app.api.routes_infra: PickNotify sent to 8595713150 | ticket_id=1081
2026-07-23 12:09:08,149 [INFO] app.api.routes_infra: Infra resolution SLA hiccup generated | ticket_id=1068 hiccup=HCP-26-1359
2026-07-23 12:09:08,170 [INFO] app.api.routes_infra: Infra resolution SLA hiccup generated | ticket_id=1081 hiccup=HCP-26-1360
2026-07-23 13:39:59,423 [INFO] app.api.routes_infra: InfraAlert trigger -> ticket_id=1082 created_by=Suresh Kundra dept=Customer Care category=Software
2026-07-23 13:39:59,423 [INFO] app.api.routes_infra: InfraAlert -> sending WA for ticket_id=1082 | msg_len=323
2026-07-23 13:39:59,425 [INFO] app.api.routes_infra: WA[f2d23b54] -> sendMessage | target=120363141953100908@g.us | len=323
2026-07-23 13:39:59,485 [INFO] app.api.routes_infra: WA[f2d23b54] <- status=200 | body={"success":true}
2026-07-23 13:39:59,486 [INFO] app.api.routes_infra: InfraAlert sent | status=200 | resp={"success":true}
2026-07-23 13:40:16,556 [INFO] app.api.routes_infra: WA[72dbd6b4] -> sendMessage | target=918595713150 | len=240
2026-07-23 13:40:16,909 [INFO] app.api.routes_infra: WA[72dbd6b4] <- status=200 | body={"success":true}
2026-07-23 13:40:16,909 [INFO] app.api.routes_infra: ResolveNotify sent | ticket_id=1081 contact=8595713150
2026-07-23 14:39:26,209 [INFO] app.api.routes_infra: InfraAlert trigger -> ticket_id=1083 created_by=Shahana Parveen dept=Marketing category=Software
2026-07-23 14:39:26,211 [INFO] app.api.routes_infra: InfraAlert -> sending WA for ticket_id=1083 | msg_len=487
2026-07-23 14:39:26,211 [INFO] app.api.routes_infra: WA[9ad9d44e] -> sendMessage | target=120363141953100908@g.us | len=487
2026-07-23 14:39:36,228 [ERROR] app.api.routes_infra: WA[9ad9d44e] send_whatsapp_to_number exception: HTTPConnectionPool(host='10.1.1.44', port=3004): Read timed out. (read timeout=10)
Traceback (most recent call last):
  File "/usr/local/lib/python3.11/site-packages/urllib3/connectionpool.py", line 534, in _make_request
    response = conn.getresponse()
               ^^^^^^^^^^^^^^^^^^
  File "/usr/local/lib/python3.11/site-packages/urllib3/connection.py", line 571, in getresponse
    httplib_response = super().getresponse()
                       ^^^^^^^^^^^^^^^^^^^^^
  File "/usr/local/lib/python3.11/http/client.py", line 1415, in getresponse
    response.begin()
  File "/usr/local/lib/python3.11/http/client.py", line 330, in begin
    version, status, reason = self._read_status()
                              ^^^^^^^^^^^^^^^^^^^
  File "/usr/local/lib/python3.11/http/client.py", line 291, in _read_status
    line = str(self.fp.readline(_MAXLINE + 1), "iso-8859-1")
               ^^^^^^^^^^^^^^^^^^^^^^^^^^^^^^
  File "/usr/local/lib/python3.11/socket.py", line 718, in readinto
    return self._sock.recv_into(b)
           ^^^^^^^^^^^^^^^^^^^^^^^
TimeoutError: timed out

The above exception was the direct cause of the following exception:

Traceback (most recent call last):
  File "/usr/local/lib/python3.11/site-packages/requests/adapters.py", line 645, in send
    resp = conn.urlopen(
           ^^^^^^^^^^^^^
  File "/usr/local/lib/python3.11/site-packages/urllib3/connectionpool.py", line 841, in urlopen
    retries = retries.increment(
              ^^^^^^^^^^^^^^^^^^
  File "/usr/local/lib/python3.11/site-packages/urllib3/util/retry.py", line 490, in increment
    raise reraise(type(error), error, _stacktrace)
          ^^^^^^^^^^^^^^^^^^^^^^^^^^^^^^^^^^^^^^^^
  File "/usr/local/lib/python3.11/site-packages/urllib3/util/util.py", line 39, in reraise
    raise value
  File "/usr/local/lib/python3.11/site-packages/urllib3/connectionpool.py", line 787, in urlopen
    response = self._make_request(
               ^^^^^^^^^^^^^^^^^^^
  File "/usr/local/lib/python3.11/site-packages/urllib3/connectionpool.py", line 536, in _make_request
    self._raise_timeout(err=e, url=url, timeout_value=read_timeout)
  File "/usr/local/lib/python3.11/site-packages/urllib3/connectionpool.py", line 367, in _raise_timeout
    raise ReadTimeoutError(
urllib3.exceptions.ReadTimeoutError: HTTPConnectionPool(host='10.1.1.44', port=3004): Read timed out. (read timeout=10)

During handling of the above exception, another exception occurred:

Traceback (most recent call last):
  File "/app/app/api/routes_infra.py", line 151, in send_whatsapp_to_number
    r = requests.post(
        ^^^^^^^^^^^^^^
  File "/usr/local/lib/python3.11/site-packages/requests/api.py", line 115, in post
    return request("post", url, data=data, json=json, **kwargs)
           ^^^^^^^^^^^^^^^^^^^^^^^^^^^^^^^^^^^^^^^^^^^^^^^^^^^^
  File "/usr/local/lib/python3.11/site-packages/requests/api.py", line 59, in request
    return session.request(method=method, url=url, **kwargs)
           ^^^^^^^^^^^^^^^^^^^^^^^^^^^^^^^^^^^^^^^^^^^^^^^^^
  File "/usr/local/lib/python3.11/site-packages/requests/sessions.py", line 592, in request
    resp = self.send(prep, **send_kwargs)
           ^^^^^^^^^^^^^^^^^^^^^^^^^^^^^^
  File "/usr/local/lib/python3.11/site-packages/requests/sessions.py", line 706, in send
    r = adapter.send(request, **kwargs)
        ^^^^^^^^^^^^^^^^^^^^^^^^^^^^^^^
  File "/usr/local/lib/python3.11/site-packages/requests/adapters.py", line 691, in send
    raise ReadTimeout(e, request=request)
requests.exceptions.ReadTimeout: HTTPConnectionPool(host='10.1.1.44', port=3004): Read timed out. (read timeout=10)
2026-07-23 14:39:36,244 [ERROR] app.api.routes_infra: InfraAlert failed | status=500 | resp=HTTPConnectionPool(host='10.1.1.44', port=3004): Read timed out. (read timeout=10)
2026-07-23 14:55:08,050 [INFO] app.api.routes_infra: WA[1b7f7a6b] -> sendMessage | target=919667798385 | len=122
2026-07-23 14:55:08,419 [INFO] app.api.routes_infra: WA[1b7f7a6b] <- status=200 | body={"success":true}
2026-07-23 14:55:08,420 [INFO] app.api.routes_infra: PickNotify sent to 9667798385 | ticket_id=1082
2026-07-23 14:57:59,267 [INFO] app.api.routes_infra: WA[da5d8f33] -> sendMessage | target=919818393041 | len=123
2026-07-23 14:57:59,572 [INFO] app.api.routes_infra: WA[da5d8f33] <- status=200 | body={"success":true}
2026-07-23 14:57:59,572 [INFO] app.api.routes_infra: PickNotify sent to 9818393041 | ticket_id=1068
2026-07-23 14:58:03,325 [INFO] app.api.routes_infra: WA[de033f89] -> sendMessage | target=919818393041 | len=239
2026-07-23 14:58:03,636 [INFO] app.api.routes_infra: WA[de033f89] <- status=200 | body={"success":true}
2026-07-23 14:58:03,636 [INFO] app.api.routes_infra: ResolveNotify sent | ticket_id=1068 contact=9818393041
2026-07-23 15:57:07,311 [INFO] app.api.routes_infra: WA[fffb8a6a] -> sendMessage | target=918448546358 | len=123
2026-07-23 15:57:17,324 [ERROR] app.api.routes_infra: WA[fffb8a6a] send_whatsapp_to_number exception: HTTPConnectionPool(host='10.1.1.44', port=3004): Read timed out. (read timeout=10)
Traceback (most recent call last):
  File "/usr/local/lib/python3.11/site-packages/urllib3/connectionpool.py", line 534, in _make_request
    response = conn.getresponse()
               ^^^^^^^^^^^^^^^^^^
  File "/usr/local/lib/python3.11/site-packages/urllib3/connection.py", line 571, in getresponse
    httplib_response = super().getresponse()
                       ^^^^^^^^^^^^^^^^^^^^^
  File "/usr/local/lib/python3.11/http/client.py", line 1415, in getresponse
    response.begin()
  File "/usr/local/lib/python3.11/http/client.py", line 330, in begin
    version, status, reason = self._read_status()
                              ^^^^^^^^^^^^^^^^^^^
  File "/usr/local/lib/python3.11/http/client.py", line 291, in _read_status
    line = str(self.fp.readline(_MAXLINE + 1), "iso-8859-1")
               ^^^^^^^^^^^^^^^^^^^^^^^^^^^^^^
  File "/usr/local/lib/python3.11/socket.py", line 718, in readinto
    return self._sock.recv_into(b)
           ^^^^^^^^^^^^^^^^^^^^^^^
TimeoutError: timed out

The above exception was the direct cause of the following exception:

Traceback (most recent call last):
  File "/usr/local/lib/python3.11/site-packages/requests/adapters.py", line 645, in send
    resp = conn.urlopen(
           ^^^^^^^^^^^^^
  File "/usr/local/lib/python3.11/site-packages/urllib3/connectionpool.py", line 841, in urlopen
    retries = retries.increment(
              ^^^^^^^^^^^^^^^^^^
  File "/usr/local/lib/python3.11/site-packages/urllib3/util/retry.py", line 490, in increment
    raise reraise(type(error), error, _stacktrace)
          ^^^^^^^^^^^^^^^^^^^^^^^^^^^^^^^^^^^^^^^^
  File "/usr/local/lib/python3.11/site-packages/urllib3/util/util.py", line 39, in reraise
    raise value
  File "/usr/local/lib/python3.11/site-packages/urllib3/connectionpool.py", line 787, in urlopen
    response = self._make_request(
               ^^^^^^^^^^^^^^^^^^^
  File "/usr/local/lib/python3.11/site-packages/urllib3/connectionpool.py", line 536, in _make_request
    self._raise_timeout(err=e, url=url, timeout_value=read_timeout)
  File "/usr/local/lib/python3.11/site-packages/urllib3/connectionpool.py", line 367, in _raise_timeout
    raise ReadTimeoutError(
urllib3.exceptions.ReadTimeoutError: HTTPConnectionPool(host='10.1.1.44', port=3004): Read timed out. (read timeout=10)

During handling of the above exception, another exception occurred:

Traceback (most recent call last):
  File "/app/app/api/routes_infra.py", line 151, in send_whatsapp_to_number
    r = requests.post(
        ^^^^^^^^^^^^^^
  File "/usr/local/lib/python3.11/site-packages/requests/api.py", line 115, in post
    return request("post", url, data=data, json=json, **kwargs)
           ^^^^^^^^^^^^^^^^^^^^^^^^^^^^^^^^^^^^^^^^^^^^^^^^^^^^
  File "/usr/local/lib/python3.11/site-packages/requests/api.py", line 59, in request
    return session.request(method=method, url=url, **kwargs)
           ^^^^^^^^^^^^^^^^^^^^^^^^^^^^^^^^^^^^^^^^^^^^^^^^^
  File "/usr/local/lib/python3.11/site-packages/requests/sessions.py", line 592, in request
    resp = self.send(prep, **send_kwargs)
           ^^^^^^^^^^^^^^^^^^^^^^^^^^^^^^
  File "/usr/local/lib/python3.11/site-packages/requests/sessions.py", line 706, in send
    r = adapter.send(request, **kwargs)
        ^^^^^^^^^^^^^^^^^^^^^^^^^^^^^^^
  File "/usr/local/lib/python3.11/site-packages/requests/adapters.py", line 691, in send
    raise ReadTimeout(e, request=request)
requests.exceptions.ReadTimeout: HTTPConnectionPool(host='10.1.1.44', port=3004): Read timed out. (read timeout=10)
2026-07-23 15:57:17,330 [ERROR] app.api.routes_infra: PickNotify failed | ticket_id=1080 status=500 resp=HTTPConnectionPool(host='10.1.1.44', port=3004): Read timed out. (read timeout=10)
2026-07-23 17:35:23,086 [INFO] app.api.routes_infra: WA[1ef63ce0] -> sendMessage | target=918448546358 | len=122
2026-07-23 17:35:23,544 [INFO] app.api.routes_infra: WA[1ef63ce0] <- status=200 | body={"success":true}
2026-07-23 17:35:23,545 [INFO] app.api.routes_infra: PickNotify sent to 8448546358 | ticket_id=1078
2026-07-24 11:36:43,524 [INFO] app.api.routes_infra: WA[f047499a] -> sendMessage | target=918448546358 | len=123
2026-07-24 11:36:43,944 [INFO] app.api.routes_infra: WA[f047499a] <- status=200 | body={"success":true}
2026-07-24 11:36:43,944 [INFO] app.api.routes_infra: PickNotify sent to 8448546358 | ticket_id=1080
2026-07-24 12:55:39,874 [INFO] app.api.routes_infra: WA[9fa65fd0] -> sendMessage | target=918448546358 | len=117
2026-07-24 12:55:40,223 [INFO] app.api.routes_infra: WA[9fa65fd0] <- status=200 | body={"success":true}
2026-07-24 12:55:40,224 [INFO] app.api.routes_infra: PickNotify sent to 8448546358 | ticket_id=1083
2026-07-24 14:52:53,141 [INFO] app.api.routes_infra: WA[bda224ca] -> sendMessage | target=919958547534 | len=348
2026-07-24 14:52:53,471 [INFO] app.api.routes_infra: WA[bda224ca] <- status=200 | body={"success":true}
2026-07-24 14:52:53,471 [INFO] app.api.routes_infra: ResolveNotify sent | ticket_id=1073 contact=9958547534
2026-07-24 15:59:12,392 [INFO] app.api.routes_infra: WA[407e14cc] -> sendMessage | target=918448546358 | len=476
2026-07-24 15:59:12,731 [INFO] app.api.routes_infra: WA[407e14cc] <- status=200 | body={"success":true}
2026-07-24 15:59:12,732 [INFO] app.api.routes_infra: ResolveNotify sent | ticket_id=1083 contact=8448546358
2026-07-24 18:24:47,125 [INFO] app.api.routes_infra: InfraAlert trigger -> ticket_id=1084 created_by=Shahana Parveen dept=Marketing category=Software
2026-07-24 18:24:47,127 [INFO] app.api.routes_infra: InfraAlert -> sending WA for ticket_id=1084 | msg_len=286
2026-07-24 18:24:47,128 [INFO] app.api.routes_infra: WA[d42f3c96] -> sendMessage | target=120363141953100908@g.us | len=286
2026-07-24 18:24:47,222 [INFO] app.api.routes_infra: WA[d42f3c96] <- status=200 | body={"success":true}
2026-07-24 18:24:47,222 [INFO] app.api.routes_infra: InfraAlert sent | status=200 | resp={"success":true}
2026-07-24 18:25:59,612 [INFO] app.api.routes_infra: WA[7ab45678] -> sendMessage | target=918448546358 | len=117
2026-07-24 18:25:59,981 [INFO] app.api.routes_infra: WA[7ab45678] <- status=200 | body={"success":true}
2026-07-24 18:25:59,982 [INFO] app.api.routes_infra: PickNotify sent to 8448546358 | ticket_id=1084
2026-07-24 18:26:03,486 [INFO] app.api.routes_infra: WA[66f4dceb] -> sendMessage | target=918448546358 | len=275
2026-07-24 18:26:03,863 [INFO] app.api.routes_infra: WA[66f4dceb] <- status=200 | body={"success":true}
2026-07-24 18:26:03,864 [INFO] app.api.routes_infra: ResolveNotify sent | ticket_id=1084 contact=8448546358
2026-07-24 18:41:45,410 [INFO] app.api.routes_infra: InfraAlert trigger -> ticket_id=1085 created_by=ANKITA dept=Other category=Office Infra
2026-07-24 18:41:45,411 [INFO] app.api.routes_infra: InfraAlert -> sending WA for ticket_id=1085 | msg_len=247
2026-07-24 18:41:45,411 [INFO] app.api.routes_infra: WA[5cb17b5d] -> sendMessage | target=120363141953100908@g.us | len=247
2026-07-24 18:41:45,558 [INFO] app.api.routes_infra: WA[5cb17b5d] <- status=200 | body={"success":true}
2026-07-24 18:41:45,558 [INFO] app.api.routes_infra: InfraAlert sent | status=200 | resp={"success":true}
2026-07-25 10:47:41,033 [INFO] app.api.routes_infra: WA[60ebbb9b] -> sendMessage | target=918700004157 | len=123
2026-07-25 10:47:41,369 [INFO] app.api.routes_infra: WA[60ebbb9b] <- status=200 | body={"success":true}
2026-07-25 10:47:41,369 [INFO] app.api.routes_infra: PickNotify sent to 8700004157 | ticket_id=1085
2026-07-25 10:48:11,479 [INFO] app.api.routes_infra: WA[897039d7] -> sendMessage | target=918700004157 | len=123
2026-07-25 10:48:11,808 [INFO] app.api.routes_infra: WA[897039d7] <- status=200 | body={"success":true}
2026-07-25 10:48:11,809 [INFO] app.api.routes_infra: PickNotify sent to 8700004157 | ticket_id=1085
2026-07-25 10:48:26,671 [INFO] app.api.routes_infra: WA[8066605f] -> sendMessage | target=919958547534 | len=123
2026-07-25 10:48:27,000 [INFO] app.api.routes_infra: WA[8066605f] <- status=200 | body={"success":true}
2026-07-25 10:48:27,001 [INFO] app.api.routes_infra: PickNotify sent to 9958547534 | ticket_id=1074
2026-07-25 10:48:32,739 [INFO] app.api.routes_infra: WA[ea124aad] -> sendMessage | target=919958547534 | len=123
2026-07-25 10:48:33,063 [INFO] app.api.routes_infra: WA[ea124aad] <- status=200 | body={"success":true}
2026-07-25 10:48:33,063 [INFO] app.api.routes_infra: PickNotify sent to 9958547534 | ticket_id=1071
2026-07-25 12:09:08,118 [INFO] app.api.routes_infra: Infra resolution SLA hiccup generated | ticket_id=1082 hiccup=HCP-26-1383
2026-07-25 12:11:41,438 [INFO] app.api.routes_infra: WA[d43f3ded] -> sendMessage | target=919667798385 | len=302
2026-07-25 12:11:41,814 [INFO] app.api.routes_infra: WA[d43f3ded] <- status=200 | body={"success":true}
2026-07-25 12:11:41,814 [INFO] app.api.routes_infra: ResolveNotify sent | ticket_id=1082 contact=9667798385
2026-07-25 12:13:29,941 [INFO] app.api.routes_infra: InfraAlert trigger -> ticket_id=1086 created_by=SONA dept=Customer Care category=Software
2026-07-25 12:13:29,942 [INFO] app.api.routes_infra: InfraAlert -> sending WA for ticket_id=1086 | msg_len=317
2026-07-25 12:13:29,943 [INFO] app.api.routes_infra: WA[29447fab] -> sendMessage | target=120363141953100908@g.us | len=317
2026-07-25 12:13:30,000 [INFO] app.api.routes_infra: WA[29447fab] <- status=200 | body={"success":true}
2026-07-25 12:13:30,000 [INFO] app.api.routes_infra: InfraAlert sent | status=200 | resp={"success":true}
2026-07-25 12:14:46,045 [INFO] app.api.routes_infra: WA[bc2a1432] -> sendMessage | target=918076741165 | len=122
2026-07-25 12:14:46,443 [INFO] app.api.routes_infra: WA[bc2a1432] <- status=200 | body={"success":true}
2026-07-25 12:14:46,443 [INFO] app.api.routes_infra: PickNotify sent to 8076741165 | ticket_id=1086
2026-07-25 12:14:55,684 [INFO] app.api.routes_infra: WA[1277c0c1] -> sendMessage | target=918076741165 | len=218
2026-07-25 12:14:56,069 [INFO] app.api.routes_infra: WA[1277c0c1] <- status=200 | body={"success":true}
2026-07-25 12:14:56,069 [INFO] app.api.routes_infra: InvalidNotify sent | ticket_id=1086 contact=8076741165
2026-07-25 12:15:29,731 [INFO] app.api.routes_infra: WA[4fe8b2eb] -> sendMessage | target=918076741165 | len=266
2026-07-25 12:15:30,140 [INFO] app.api.routes_infra: WA[4fe8b2eb] <- status=200 | body={"success":true}
2026-07-25 12:15:30,140 [INFO] app.api.routes_infra: InvalidNotify sent | ticket_id=1086 contact=8076741165
2026-07-25 13:16:35,410 [INFO] app.api.routes_infra: WA[81de4507] -> sendMessage | target=919871366002 | len=122
2026-07-25 13:16:35,742 [INFO] app.api.routes_infra: WA[81de4507] <- status=200 | body={"success":true}
2026-07-25 13:16:35,742 [INFO] app.api.routes_infra: PickNotify sent to 9871366002 | ticket_id=1046
2026-07-25 13:17:17,015 [INFO] app.api.routes_infra: WA[fb382a75] -> sendMessage | target=919821957370 | len=278
2026-07-25 13:17:18,098 [INFO] app.api.routes_infra: WA[fb382a75] <- status=200 | body={"success":true}
2026-07-25 13:17:18,099 [INFO] app.api.routes_infra: ResolveNotify sent | ticket_id=987 contact=9821957370
2026-07-25 13:17:40,043 [INFO] app.api.routes_infra: WA[32c65d1a] -> sendMessage | target=919871366002 | len=122
2026-07-25 13:17:40,400 [INFO] app.api.routes_infra: WA[32c65d1a] <- status=200 | body={"success":true}
2026-07-25 13:17:40,400 [INFO] app.api.routes_infra: PickNotify sent to 9871366002 | ticket_id=1032
2026-07-25 13:17:51,419 [INFO] app.api.routes_infra: WA[038fd2c7] -> sendMessage | target=918448546358 | len=122
2026-07-25 13:17:51,814 [INFO] app.api.routes_infra: WA[038fd2c7] <- status=200 | body={"success":true}
2026-07-25 13:17:51,815 [INFO] app.api.routes_infra: PickNotify sent to 8448546358 | ticket_id=1044
2026-07-25 15:20:21,479 [INFO] app.api.routes_infra: InfraAlert trigger -> ticket_id=1087 created_by=Priyanka Raikwar dept=Other category=Hardware
2026-07-25 15:20:21,481 [INFO] app.api.routes_infra: InfraAlert -> sending WA for ticket_id=1087 | msg_len=250
2026-07-25 15:20:21,482 [INFO] app.api.routes_infra: WA[7359a9cf] -> sendMessage | target=120363141953100908@g.us | len=250
2026-07-25 15:20:21,535 [INFO] app.api.routes_infra: WA[7359a9cf] <- status=200 | body={"success":true}
2026-07-25 15:20:21,535 [INFO] app.api.routes_infra: InfraAlert sent | status=200 | resp={"success":true}
2026-07-25 17:56:52,531 [INFO] app.api.routes_infra: InfraAlert trigger -> ticket_id=1088 created_by=Monika Rajput dept=Admin category=Software
2026-07-25 17:56:52,532 [INFO] app.api.routes_infra: InfraAlert -> sending WA for ticket_id=1088 | msg_len=404
2026-07-25 17:56:52,533 [INFO] app.api.routes_infra: WA[76261c11] -> sendMessage | target=120363141953100908@g.us | len=404
2026-07-25 17:56:52,661 [INFO] app.api.routes_infra: WA[76261c11] <- status=200 | body={"success":true}
2026-07-25 17:56:52,662 [INFO] app.api.routes_infra: InfraAlert sent | status=200 | resp={"success":true}
2026-07-25 18:24:46,718 [INFO] app.api.routes_infra: WA[09e957d8] -> sendMessage | target=919958547534 | len=123
2026-07-25 18:24:47,348 [INFO] app.api.routes_infra: WA[09e957d8] <- status=200 | body={"success":true}
2026-07-25 18:24:47,348 [INFO] app.api.routes_infra: PickNotify sent to 9958547534 | ticket_id=1074
2026-07-25 18:24:53,647 [INFO] app.api.routes_infra: WA[a8acc181] -> sendMessage | target=919958547534 | len=123
2026-07-25 18:24:53,961 [INFO] app.api.routes_infra: WA[a8acc181] <- status=200 | body={"success":true}
2026-07-25 18:24:53,962 [INFO] app.api.routes_infra: PickNotify sent to 9958547534 | ticket_id=1071
2026-07-25 18:25:14,093 [INFO] app.api.routes_infra: WA[009a024f] -> sendMessage | target=918448546358 | len=123
2026-07-25 18:25:14,481 [INFO] app.api.routes_infra: WA[009a024f] <- status=200 | body={"success":true}
2026-07-25 18:25:14,481 [INFO] app.api.routes_infra: PickNotify sent to 8448546358 | ticket_id=1080
2026-07-25 18:25:24,738 [INFO] app.api.routes_infra: WA[845bc7a6] -> sendMessage | target=918700004157 | len=255
2026-07-25 18:25:25,093 [INFO] app.api.routes_infra: WA[845bc7a6] <- status=200 | body={"success":true}
2026-07-25 18:25:25,094 [INFO] app.api.routes_infra: ResolveNotify sent | ticket_id=1085 contact=8700004157
2026-07-25 18:51:08,280 [INFO] app.api.routes_infra: InfraAlert trigger -> ticket_id=1089 created_by=Divya bisht dept=Technical category=Hardware
2026-07-25 18:51:08,281 [INFO] app.api.routes_infra: InfraAlert -> sending WA for ticket_id=1089 | msg_len=248
2026-07-25 18:51:08,281 [INFO] app.api.routes_infra: WA[065af849] -> sendMessage | target=120363141953100908@g.us | len=248
2026-07-25 18:51:08,352 [INFO] app.api.routes_infra: WA[065af849] <- status=200 | body={"success":true}
2026-07-25 18:51:08,353 [INFO] app.api.routes_infra: InfraAlert sent | status=200 | resp={"success":true}
2026-07-25 18:51:34,994 [INFO] app.api.routes_infra: WA[ea305567] -> sendMessage | target=919258180594 | len=123
2026-07-25 18:51:35,420 [INFO] app.api.routes_infra: WA[ea305567] <- status=200 | body={"success":true}
2026-07-25 18:51:35,420 [INFO] app.api.routes_infra: PickNotify sent to 9258180594 | ticket_id=1089
2026-07-25 18:51:39,439 [INFO] app.api.routes_infra: WA[b09351f9] -> sendMessage | target=919258180594 | len=234
2026-07-25 18:51:40,017 [INFO] app.api.routes_infra: WA[b09351f9] <- status=200 | body={"success":true}
2026-07-25 18:51:40,017 [INFO] app.api.routes_infra: ResolveNotify sent | ticket_id=1089 contact=9258180594
2026-07-25 18:55:53,559 [INFO] app.api.routes_infra: WA[fb87e8c7] -> sendMessage | target=918447623749 | len=122
2026-07-25 18:55:54,025 [INFO] app.api.routes_infra: WA[fb87e8c7] <- status=200 | body={"success":true}
2026-07-25 18:55:54,025 [INFO] app.api.routes_infra: PickNotify sent to 8447623749 | ticket_id=1087
2026-07-25 18:56:03,370 [INFO] app.api.routes_infra: WA[725316db] -> sendMessage | target=918742945845 | len=122
2026-07-25 18:56:03,744 [INFO] app.api.routes_infra: WA[725316db] <- status=200 | body={"success":true}
2026-07-25 18:56:03,745 [INFO] app.api.routes_infra: PickNotify sent to 8742945845 | ticket_id=1088
2026-07-25 20:46:47,972 [INFO] app.api.routes_infra: InfraAlert trigger -> ticket_id=1090 created_by=Md Shaquib Alam dept=Technical category=Software
2026-07-25 20:46:47,973 [INFO] app.api.routes_infra: InfraAlert -> sending WA for ticket_id=1090 | msg_len=375
2026-07-25 20:46:47,974 [INFO] app.api.routes_infra: WA[281cc6f5] -> sendMessage | target=120363141953100908@g.us | len=375
2026-07-25 20:46:48,080 [INFO] app.api.routes_infra: WA[281cc6f5] <- status=200 | body={"success":true}
2026-07-25 20:46:48,080 [INFO] app.api.routes_infra: InfraAlert sent | status=200 | resp={"success":true}
2026-07-25 20:49:16,847 [INFO] app.api.routes_infra: InfraAlert trigger -> ticket_id=1091 created_by=Md Shaquib Alam dept=Technical category=Software
2026-07-25 20:49:16,849 [INFO] app.api.routes_infra: InfraAlert -> sending WA for ticket_id=1091 | msg_len=294
2026-07-25 20:49:16,849 [INFO] app.api.routes_infra: WA[6c4a7b4a] -> sendMessage | target=120363141953100908@g.us | len=294
2026-07-25 20:49:16,897 [INFO] app.api.routes_infra: WA[6c4a7b4a] <- status=200 | body={"success":true}
2026-07-25 20:49:16,898 [INFO] app.api.routes_infra: InfraAlert sent | status=200 | resp={"success":true}
2026-07-25 21:52:26,820 [INFO] app.api.routes_infra: WA[adb212b3] -> sendMessage | target=918448558464 | len=126
2026-07-25 21:52:27,112 [INFO] app.api.routes_infra: WA[adb212b3] <- status=200 | body={"success":true}
2026-07-25 21:52:27,112 [INFO] app.api.routes_infra: PickNotify sent to 8448558464 | ticket_id=1091
2026-07-25 21:52:35,372 [INFO] app.api.routes_infra: WA[650d67ec] -> sendMessage | target=918448558464 | len=126
2026-07-25 21:52:35,658 [INFO] app.api.routes_infra: WA[650d67ec] <- status=200 | body={"success":true}
2026-07-25 21:52:35,658 [INFO] app.api.routes_infra: PickNotify sent to 8448558464 | ticket_id=1090
2026-07-26 10:30:32,163 [INFO] app.api.routes_infra: WA[21be5c92] -> sendMessage | target=919958547534 | len=123
2026-07-26 10:30:32,503 [INFO] app.api.routes_infra: WA[21be5c92] <- status=500 | body={"error":"Protocol error (Runtime.callFunctionOn): Promise was collected"}
2026-07-26 10:30:32,503 [ERROR] app.api.routes_infra: PickNotify failed | ticket_id=1071 status=500 resp={"error":"Protocol error (Runtime.callFunctionOn): Promise was collected"}
2026-07-26 22:03:54,990 [INFO] app.api.routes_infra: InfraAlert trigger -> ticket_id=1092 created_by=KARAN JHA dept=Admin category=Hardware
2026-07-26 22:03:54,990 [INFO] app.api.routes_infra: InfraAlert -> sending WA for ticket_id=1092 | msg_len=408
2026-07-26 22:03:54,993 [INFO] app.api.routes_infra: WA[c56e3278] -> sendMessage | target=120363141953100908@g.us | len=408
2026-07-26 22:03:55,044 [INFO] app.api.routes_infra: WA[c56e3278] <- status=200 | body={"success":true}
2026-07-26 22:03:55,044 [INFO] app.api.routes_infra: InfraAlert sent | status=200 | resp={"success":true}
2026-07-27 10:33:19,304 [INFO] app.api.routes_infra: InfraAlert trigger -> ticket_id=1093 created_by=Sanjeet Kumar dept=Customer Care category=Software
2026-07-27 10:33:19,306 [INFO] app.api.routes_infra: InfraAlert -> sending WA for ticket_id=1093 | msg_len=345
2026-07-27 10:33:19,309 [INFO] app.api.routes_infra: WA[45fd853d] -> sendMessage | target=120363141953100908@g.us | len=345
2026-07-27 10:33:19,363 [INFO] app.api.routes_infra: WA[45fd853d] <- status=200 | body={"success":true}
2026-07-27 10:33:19,364 [INFO] app.api.routes_infra: InfraAlert sent | status=200 | resp={"success":true}
2026-07-27 11:07:03,672 [INFO] app.api.routes_infra: InfraAlert trigger -> ticket_id=1094 created_by=Sakshi Dwivedi dept=Technical category=Hardware
2026-07-27 11:07:03,674 [INFO] app.api.routes_infra: InfraAlert -> sending WA for ticket_id=1094 | msg_len=250
2026-07-27 11:07:03,675 [INFO] app.api.routes_infra: WA[fb6ee99e] -> sendMessage | target=120363141953100908@g.us | len=250
2026-07-27 11:07:03,725 [INFO] app.api.routes_infra: WA[fb6ee99e] <- status=200 | body={"success":true}
2026-07-27 11:07:03,725 [INFO] app.api.routes_infra: InfraAlert sent | status=200 | resp={"success":true}
2026-07-27 11:15:15,926 [INFO] app.api.routes_infra: WA[7385ade2] -> sendMessage | target=919958547534 | len=123
2026-07-27 11:15:16,250 [INFO] app.api.routes_infra: WA[7385ade2] <- status=200 | body={"success":true}
2026-07-27 11:15:16,251 [INFO] app.api.routes_infra: PickNotify sent to 9958547534 | ticket_id=1074
2026-07-27 11:19:01,703 [INFO] app.api.routes_infra: WA[e83ad74c] -> sendMessage | target=918527115485 | len=123
2026-07-27 11:19:02,059 [INFO] app.api.routes_infra: WA[e83ad74c] <- status=200 | body={"success":true}
2026-07-27 11:19:02,059 [INFO] app.api.routes_infra: PickNotify sent to 8527115485 | ticket_id=1092
2026-07-27 11:39:02,235 [INFO] app.api.routes_infra: Infra resolution SLA hiccup generated | ticket_id=1088 hiccup=HCP-26-1401
2026-07-27 11:39:02,253 [INFO] app.api.routes_infra: WA[f9892fd6] -> sendMessage | target=918742945845 | len=391
2026-07-27 11:39:02,685 [INFO] app.api.routes_infra: WA[f9892fd6] <- status=200 | body={"success":true}
2026-07-27 11:39:02,685 [INFO] app.api.routes_infra: ResolveNotify sent | ticket_id=1088 contact=8742945845
2026-07-27 11:40:14,063 [INFO] app.api.routes_infra: WA[87aed2ce] -> sendMessage | target=918448546358 | len=122
2026-07-27 11:40:14,617 [INFO] app.api.routes_infra: WA[87aed2ce] <- status=200 | body={"success":true}
2026-07-27 11:40:14,617 [INFO] app.api.routes_infra: PickNotify sent to 8448546358 | ticket_id=1078
2026-07-27 11:40:40,953 [INFO] app.api.routes_infra: WA[f33b8cae] -> sendMessage | target=917982256085 | len=122
2026-07-27 11:40:41,315 [INFO] app.api.routes_infra: WA[f33b8cae] <- status=200 | body={"success":true}
2026-07-27 11:40:41,315 [INFO] app.api.routes_infra: PickNotify sent to 7982256085 | ticket_id=1093
2026-07-27 11:43:08,316 [INFO] app.api.routes_infra: WA[86a0f0a1] -> sendMessage | target=918447623749 | len=122
2026-07-27 11:43:08,652 [INFO] app.api.routes_infra: WA[86a0f0a1] <- status=200 | body={"success":true}
2026-07-27 11:43:08,653 [INFO] app.api.routes_infra: PickNotify sent to 8447623749 | ticket_id=1087
2026-07-27 11:49:54,663 [INFO] app.api.routes_infra: InfraAlert trigger -> ticket_id=1095 created_by=Sanjeet Kumar dept=Customer Care category=Software
2026-07-27 11:49:54,664 [INFO] app.api.routes_infra: InfraAlert -> sending WA for ticket_id=1095 | msg_len=282
2026-07-27 11:49:54,664 [INFO] app.api.routes_infra: WA[123c74b1] -> sendMessage | target=120363141953100908@g.us | len=282
2026-07-27 11:49:54,717 [INFO] app.api.routes_infra: WA[123c74b1] <- status=200 | body={"success":true}
2026-07-27 11:49:54,717 [INFO] app.api.routes_infra: InfraAlert sent | status=200 | resp={"success":true}
2026-07-27 11:53:52,137 [INFO] app.api.routes_infra: WA[5f2d85ad] -> sendMessage | target=919625412093 | len=123
2026-07-27 11:53:53,362 [INFO] app.api.routes_infra: WA[5f2d85ad] <- status=200 | body={"success":true}
2026-07-27 11:53:53,363 [INFO] app.api.routes_infra: PickNotify sent to 9625412093 | ticket_id=1094
2026-07-27 12:11:38,674 [INFO] app.api.routes_infra: WA[84b101e0] -> sendMessage | target=917982256085 | len=122
2026-07-27 12:11:38,978 [INFO] app.api.routes_infra: WA[84b101e0] <- status=200 | body={"success":true}
2026-07-27 12:11:38,979 [INFO] app.api.routes_infra: PickNotify sent to 7982256085 | ticket_id=1095
2026-07-27 12:14:58,292 [INFO] app.api.routes_infra: WA[e4528c47] -> sendMessage | target=917982256085 | len=324
2026-07-27 12:14:58,579 [INFO] app.api.routes_infra: WA[e4528c47] <- status=200 | body={"success":true}
2026-07-27 12:14:58,579 [INFO] app.api.routes_infra: ResolveNotify sent | ticket_id=1093 contact=7982256085
2026-07-27 12:15:12,025 [INFO] app.api.routes_infra: InfraAlert trigger -> ticket_id=1096 created_by=Simran dept=Technical category=Other
2026-07-27 12:15:12,026 [INFO] app.api.routes_infra: InfraAlert -> sending WA for ticket_id=1096 | msg_len=236
2026-07-27 12:15:12,026 [INFO] app.api.routes_infra: WA[37e2aa33] -> sendMessage | target=120363141953100908@g.us | len=236
2026-07-27 12:15:12,081 [INFO] app.api.routes_infra: WA[37e2aa33] <- status=200 | body={"success":true}
2026-07-27 12:15:12,082 [INFO] app.api.routes_infra: InfraAlert sent | status=200 | resp={"success":true}
2026-07-27 12:19:10,568 [INFO] app.api.routes_infra: WA[74d9aae9] -> sendMessage | target=918368069817 | len=123
2026-07-27 12:19:10,995 [INFO] app.api.routes_infra: WA[74d9aae9] <- status=200 | body={"success":true}
2026-07-27 12:19:10,996 [INFO] app.api.routes_infra: PickNotify sent to 8368069817 | ticket_id=1096
2026-07-27 12:19:15,395 [INFO] app.api.routes_infra: WA[3376d390] -> sendMessage | target=918368069817 | len=240
2026-07-27 12:19:15,706 [INFO] app.api.routes_infra: WA[3376d390] <- status=200 | body={"success":true}
2026-07-27 12:19:15,706 [INFO] app.api.routes_infra: ResolveNotify sent | ticket_id=1096 contact=8368069817
2026-07-27 12:20:29,959 [INFO] app.api.routes_infra: WA[dc04065a] -> sendMessage | target=918527115485 | len=413
2026-07-27 12:20:30,269 [INFO] app.api.routes_infra: WA[dc04065a] <- status=200 | body={"success":true}
2026-07-27 12:20:30,270 [INFO] app.api.routes_infra: ResolveNotify sent | ticket_id=1092 contact=8527115485
2026-07-27 12:35:30,018 [INFO] app.api.routes_infra: WA[fa4bca36] -> sendMessage | target=918448558464 | len=360
2026-07-27 12:35:30,374 [INFO] app.api.routes_infra: WA[fa4bca36] <- status=200 | body={"success":true}
2026-07-27 12:35:30,375 [INFO] app.api.routes_infra: ResolveNotify sent | ticket_id=1090 contact=8448558464
2026-07-27 12:35:34,135 [INFO] app.api.routes_infra: WA[33292867] -> sendMessage | target=918448558464 | len=279
2026-07-27 12:35:34,489 [INFO] app.api.routes_infra: WA[33292867] <- status=200 | body={"success":true}
2026-07-27 12:35:34,489 [INFO] app.api.routes_infra: ResolveNotify sent | ticket_id=1091 contact=8448558464
2026-07-27 14:17:25,341 [INFO] app.api.routes_infra: InfraAlert trigger -> ticket_id=1097 created_by=SALEEM JAVED dept=Customer Care category=Software
2026-07-27 14:17:25,341 [INFO] app.api.routes_infra: InfraAlert -> sending WA for ticket_id=1097 | msg_len=315
2026-07-27 14:17:25,342 [INFO] app.api.routes_infra: WA[40152f56] -> sendMessage | target=120363141953100908@g.us | len=315
2026-07-27 14:17:25,437 [INFO] app.api.routes_infra: WA[40152f56] <- status=200 | body={"success":true}
2026-07-27 14:17:25,437 [INFO] app.api.routes_infra: InfraAlert sent | status=200 | resp={"success":true}
2026-07-27 14:25:07,436 [INFO] app.api.routes_infra: WA[f1c7b4f6] -> sendMessage | target=919654441851 | len=126
2026-07-27 14:25:07,928 [INFO] app.api.routes_infra: WA[f1c7b4f6] <- status=200 | body={"success":true}
2026-07-27 14:25:07,928 [INFO] app.api.routes_infra: PickNotify sent to 9654441851 | ticket_id=1097
2026-07-27 14:29:09,515 [INFO] app.api.routes_infra: WA[2af3fe6e] -> sendMessage | target=919871366002 | len=295
2026-07-27 14:29:09,838 [INFO] app.api.routes_infra: WA[2af3fe6e] <- status=200 | body={"success":true}
2026-07-27 14:29:09,838 [INFO] app.api.routes_infra: ResolveNotify sent | ticket_id=1032 contact=9871366002
2026-07-27 15:09:08,110 [INFO] app.api.routes_infra: Infra resolution SLA hiccup generated | ticket_id=1095 hiccup=HCP-26-1405
2026-07-27 15:13:43,328 [INFO] app.api.routes_infra: WA[6cdcf4ca] -> sendMessage | target=919654441851 | len=300
2026-07-27 15:13:44,427 [INFO] app.api.routes_infra: WA[6cdcf4ca] <- status=200 | body={"success":true}
2026-07-27 15:13:44,427 [INFO] app.api.routes_infra: ResolveNotify sent | ticket_id=1097 contact=9654441851
2026-07-27 15:21:15,354 [INFO] app.api.routes_infra: WA[e89dfba4] -> sendMessage | target=918448546358 | len=301
2026-07-27 15:21:15,710 [INFO] app.api.routes_infra: WA[e89dfba4] <- status=200 | body={"success":true}
2026-07-27 15:21:15,710 [INFO] app.api.routes_infra: ResolveNotify sent | ticket_id=1044 contact=8448546358
2026-07-27 15:42:29,865 [INFO] app.api.routes_infra: InfraAlert trigger -> ticket_id=1098 created_by=Gunjan mehta dept=Marketing category=Software
2026-07-27 15:42:29,869 [INFO] app.api.routes_infra: InfraAlert -> sending WA for ticket_id=1098 | msg_len=377
2026-07-27 15:42:29,869 [INFO] app.api.routes_infra: WA[df533085] -> sendMessage | target=120363141953100908@g.us | len=377
2026-07-27 15:42:29,956 [INFO] app.api.routes_infra: WA[df533085] <- status=200 | body={"success":true}
2026-07-27 15:42:29,956 [INFO] app.api.routes_infra: InfraAlert sent | status=200 | resp={"success":true}
2026-07-27 15:57:49,098 [INFO] app.api.routes_infra: InfraAlert trigger -> ticket_id=1099 created_by=Gunjan mehta dept=Marketing category=Software
2026-07-27 15:57:49,099 [INFO] app.api.routes_infra: InfraAlert -> sending WA for ticket_id=1099 | msg_len=320
2026-07-27 15:57:49,099 [INFO] app.api.routes_infra: WA[e5ea7e8e] -> sendMessage | target=120363141953100908@g.us | len=320
2026-07-27 15:57:49,148 [INFO] app.api.routes_infra: WA[e5ea7e8e] <- status=200 | body={"success":true}
2026-07-27 15:57:49,148 [INFO] app.api.routes_infra: InfraAlert sent | status=200 | resp={"success":true}
2026-07-27 16:00:21,458 [INFO] app.api.routes_infra: InfraAlert trigger -> ticket_id=1100 created_by=SALEEM JAVED dept=Customer Care category=Office Infra
2026-07-27 16:00:21,458 [INFO] app.api.routes_infra: InfraAlert -> sending WA for ticket_id=1100 | msg_len=276
2026-07-27 16:00:21,459 [INFO] app.api.routes_infra: WA[70302976] -> sendMessage | target=120363141953100908@g.us | len=276
2026-07-27 16:00:21,516 [INFO] app.api.routes_infra: WA[70302976] <- status=200 | body={"success":true}
2026-07-27 16:00:21,516 [INFO] app.api.routes_infra: InfraAlert sent | status=200 | resp={"success":true}
2026-07-27 16:05:28,349 [INFO] app.api.routes_infra: InfraAlert trigger -> ticket_id=1101 created_by=Gunjan mehta dept=Marketing category=Software
2026-07-27 16:05:28,349 [INFO] app.api.routes_infra: InfraAlert -> sending WA for ticket_id=1101 | msg_len=350
2026-07-27 16:05:28,350 [INFO] app.api.routes_infra: WA[15df0f01] -> sendMessage | target=120363141953100908@g.us | len=350
2026-07-27 16:05:28,410 [INFO] app.api.routes_infra: WA[15df0f01] <- status=200 | body={"success":true}
2026-07-27 16:05:28,410 [INFO] app.api.routes_infra: InfraAlert sent | status=200 | resp={"success":true}
2026-07-27 17:29:47,928 [INFO] app.api.routes_infra: WA[8c1da42d] -> sendMessage | target=918447623749 | len=247
2026-07-27 17:29:48,220 [INFO] app.api.routes_infra: WA[8c1da42d] <- status=200 | body={"success":true}
2026-07-27 17:29:48,221 [INFO] app.api.routes_infra: ResolveNotify sent | ticket_id=1087 contact=8447623749
2026-07-27 17:34:07,991 [INFO] app.api.routes_infra: WA[454033ab] -> sendMessage | target=919810312510 | len=126
2026-07-27 17:34:08,407 [INFO] app.api.routes_infra: WA[454033ab] <- status=200 | body={"success":true}
2026-07-27 17:34:08,407 [INFO] app.api.routes_infra: PickNotify sent to 9810312510 | ticket_id=1098
2026-07-27 17:34:19,444 [INFO] app.api.routes_infra: WA[de370ae3] -> sendMessage | target=919810312510 | len=126
2026-07-27 17:34:19,896 [INFO] app.api.routes_infra: WA[de370ae3] <- status=200 | body={"success":true}
2026-07-27 17:34:19,897 [INFO] app.api.routes_infra: PickNotify sent to 9810312510 | ticket_id=1099
2026-07-27 17:34:37,714 [INFO] app.api.routes_infra: WA[d3fbb8cf] -> sendMessage | target=919810312510 | len=126
2026-07-27 17:34:38,622 [INFO] app.api.routes_infra: WA[d3fbb8cf] <- status=200 | body={"success":true}
2026-07-27 17:34:38,622 [INFO] app.api.routes_infra: PickNotify sent to 9810312510 | ticket_id=1101
2026-07-27 17:58:35,951 [INFO] app.api.routes_infra: WA[75185934] -> sendMessage | target=919810312510 | len=351
2026-07-27 17:58:36,253 [INFO] app.api.routes_infra: WA[75185934] <- status=200 | body={"success":true}
2026-07-27 17:58:36,254 [INFO] app.api.routes_infra: ResolveNotify sent | ticket_id=1101 contact=9810312510
2026-07-27 17:58:40,851 [INFO] app.api.routes_infra: WA[94ae02b6] -> sendMessage | target=919810312510 | len=321
2026-07-27 17:58:41,188 [INFO] app.api.routes_infra: WA[94ae02b6] <- status=200 | body={"success":true}
2026-07-27 17:58:41,189 [INFO] app.api.routes_infra: ResolveNotify sent | ticket_id=1099 contact=9810312510
2026-07-27 17:58:45,056 [INFO] app.api.routes_infra: WA[e54f575d] -> sendMessage | target=919810312510 | len=378
2026-07-27 17:58:45,389 [INFO] app.api.routes_infra: WA[e54f575d] <- status=200 | body={"success":true}
2026-07-27 17:58:45,389 [INFO] app.api.routes_infra: ResolveNotify sent | ticket_id=1098 contact=9810312510
2026-07-28 11:26:53,220 [INFO] app.api.routes_infra: InfraAlert trigger -> ticket_id=1102 created_by=Ritu Mahalwal dept=Customer Care category=Software
2026-07-28 11:26:53,220 [INFO] app.api.routes_infra: InfraAlert -> sending WA for ticket_id=1102 | msg_len=290
2026-07-28 11:26:53,221 [INFO] app.api.routes_infra: WA[ed0f95ed] -> sendMessage | target=120363141953100908@g.us | len=290
2026-07-28 11:26:53,271 [INFO] app.api.routes_infra: WA[ed0f95ed] <- status=200 | body={"success":true}
2026-07-28 11:26:53,271 [INFO] app.api.routes_infra: InfraAlert sent | status=200 | resp={"success":true}
2026-07-28 11:34:09,615 [INFO] app.api.routes_infra: InfraAlert trigger -> ticket_id=1103 created_by=Sanjeet Kumar dept=Customer Care category=Software
2026-07-28 11:34:09,615 [INFO] app.api.routes_infra: InfraAlert -> sending WA for ticket_id=1103 | msg_len=333
2026-07-28 11:34:09,617 [INFO] app.api.routes_infra: WA[b63f67da] -> sendMessage | target=120363141953100908@g.us | len=333
2026-07-28 11:34:09,675 [INFO] app.api.routes_infra: WA[b63f67da] <- status=200 | body={"success":true}
2026-07-28 11:34:09,676 [INFO] app.api.routes_infra: InfraAlert sent | status=200 | resp={"success":true}
2026-07-28 11:39:01,047 [INFO] app.api.routes_infra: InfraAlert trigger -> ticket_id=1104 created_by=Sanjeet Kumar dept=Customer Care category=Software
2026-07-28 11:39:01,049 [INFO] app.api.routes_infra: InfraAlert -> sending WA for ticket_id=1104 | msg_len=363
2026-07-28 11:39:01,050 [INFO] app.api.routes_infra: WA[a7a80347] -> sendMessage | target=120363141953100908@g.us | len=363
2026-07-28 11:39:01,102 [INFO] app.api.routes_infra: WA[a7a80347] <- status=200 | body={"success":true}
2026-07-28 11:39:01,102 [INFO] app.api.routes_infra: InfraAlert sent | status=200 | resp={"success":true}
2026-07-28 12:09:08,122 [INFO] app.api.routes_infra: Infra resolution SLA hiccup generated | ticket_id=1074 hiccup=HCP-26-1412
2026-07-28 12:09:08,138 [INFO] app.api.routes_infra: Infra resolution SLA hiccup generated | ticket_id=1080 hiccup=HCP-26-1413
2026-07-28 12:14:25,517 [INFO] app.api.routes_infra: WA[589757e2] -> sendMessage | target=917982256085 | len=122
2026-07-28 12:14:25,863 [INFO] app.api.routes_infra: WA[589757e2] <- status=200 | body={"success":true}
2026-07-28 12:14:25,863 [INFO] app.api.routes_infra: PickNotify sent to 7982256085 | ticket_id=1104
2026-07-28 12:14:34,325 [INFO] app.api.routes_infra: WA[2fc5c3ee] -> sendMessage | target=917982256085 | len=122
2026-07-28 12:14:34,667 [INFO] app.api.routes_infra: WA[2fc5c3ee] <- status=200 | body={"success":true}
2026-07-28 12:14:34,667 [INFO] app.api.routes_infra: PickNotify sent to 7982256085 | ticket_id=1103
2026-07-28 12:14:43,442 [INFO] app.api.routes_infra: WA[7f9b360e] -> sendMessage | target=919871366002 | len=122
2026-07-28 12:14:43,803 [INFO] app.api.routes_infra: WA[7f9b360e] <- status=200 | body={"success":true}
2026-07-28 12:14:43,804 [INFO] app.api.routes_infra: PickNotify sent to 9871366002 | ticket_id=1102
2026-07-28 12:28:24,372 [INFO] app.api.routes_infra: WA[f74ebe4a] -> sendMessage | target=917982256085 | len=312
2026-07-28 12:28:25,539 [INFO] app.api.routes_infra: WA[f74ebe4a] <- status=200 | body={"success":true}
2026-07-28 12:28:25,539 [INFO] app.api.routes_infra: ResolveNotify sent | ticket_id=1103 contact=7982256085
2026-07-28 12:31:24,166 [INFO] app.api.routes_infra: WA[fbd0b9c3] -> sendMessage | target=919654441851 | len=123
2026-07-28 12:31:24,507 [INFO] app.api.routes_infra: WA[fbd0b9c3] <- status=200 | body={"success":true}
2026-07-28 12:31:24,507 [INFO] app.api.routes_infra: PickNotify sent to 9654441851 | ticket_id=1100
2026-07-28 12:34:51,260 [INFO] app.api.routes_infra: WA[c05ff678] -> sendMessage | target=917982256085 | len=342
2026-07-28 12:34:51,584 [INFO] app.api.routes_infra: WA[bb1450c3] -> sendMessage | target=917982256085 | len=342
2026-07-28 12:34:51,597 [INFO] app.api.routes_infra: WA[c05ff678] <- status=200 | body={"success":true}
2026-07-28 12:34:51,597 [INFO] app.api.routes_infra: ResolveNotify sent | ticket_id=1104 contact=7982256085
2026-07-28 12:34:51,929 [INFO] app.api.routes_infra: WA[bb1450c3] <- status=200 | body={"success":true}
2026-07-28 12:34:51,929 [INFO] app.api.routes_infra: ResolveNotify sent | ticket_id=1104 contact=7982256085
2026-07-28 12:39:50,046 [INFO] app.api.routes_infra: WA[09b9b2c9] -> sendMessage | target=919871366002 | len=269
2026-07-28 12:39:50,408 [INFO] app.api.routes_infra: WA[09b9b2c9] <- status=200 | body={"success":true}
2026-07-28 12:39:50,408 [INFO] app.api.routes_infra: ResolveNotify sent | ticket_id=1102 contact=9871366002
2026-07-28 13:19:29,603 [INFO] app.api.routes_infra: WA[101e595f] -> sendMessage | target=919958547534 | len=123
2026-07-28 13:19:29,945 [INFO] app.api.routes_infra: WA[101e595f] <- status=200 | body={"success":true}
2026-07-28 13:19:29,946 [INFO] app.api.routes_infra: PickNotify sent to 9958547534 | ticket_id=1074
2026-07-28 13:19:59,251 [INFO] app.api.routes_infra: WA[ced61046] -> sendMessage | target=918448546358 | len=123
2026-07-28 13:19:59,646 [INFO] app.api.routes_infra: WA[ced61046] <- status=200 | body={"success":true}
2026-07-28 13:19:59,646 [INFO] app.api.routes_infra: PickNotify sent to 8448546358 | ticket_id=1080
2026-07-28 13:20:09,831 [INFO] app.api.routes_infra: WA[a4bdf193] -> sendMessage | target=919654441851 | len=258
2026-07-28 13:20:10,172 [INFO] app.api.routes_infra: WA[a4bdf193] <- status=200 | body={"success":true}
2026-07-28 13:20:10,172 [INFO] app.api.routes_infra: ResolveNotify sent | ticket_id=1100 contact=9654441851
2026-07-28 13:56:58,251 [INFO] app.api.routes_infra: InfraAlert trigger -> ticket_id=1105 created_by=Suresh Kundra dept=Customer Care category=Software
2026-07-28 13:56:58,252 [INFO] app.api.routes_infra: InfraAlert -> sending WA for ticket_id=1105 | msg_len=309
2026-07-28 13:56:58,252 [INFO] app.api.routes_infra: WA[90654855] -> sendMessage | target=120363141953100908@g.us | len=309
2026-07-28 13:56:58,312 [INFO] app.api.routes_infra: WA[90654855] <- status=200 | body={"success":true}
2026-07-28 13:56:58,312 [INFO] app.api.routes_infra: InfraAlert sent | status=200 | resp={"success":true}
2026-07-28 13:59:04,063 [INFO] app.api.routes_infra: WA[4dc86ac6] -> sendMessage | target=919667798385 | len=122
2026-07-28 13:59:04,446 [INFO] app.api.routes_infra: WA[4dc86ac6] <- status=200 | body={"success":true}
2026-07-28 13:59:04,446 [INFO] app.api.routes_infra: PickNotify sent to 9667798385 | ticket_id=1105
2026-07-28 14:58:11,003 [INFO] app.api.routes_infra: InfraAlert trigger -> ticket_id=1106 created_by=Shahana Parveen dept=Center Phlebo category=Hardware
2026-07-28 14:58:11,003 [INFO] app.api.routes_infra: InfraAlert -> sending WA for ticket_id=1106 | msg_len=238
2026-07-28 14:58:11,004 [INFO] app.api.routes_infra: WA[7f63c10e] -> sendMessage | target=120363141953100908@g.us | len=238
2026-07-28 14:58:12,223 [INFO] app.api.routes_infra: WA[7f63c10e] <- status=200 | body={"success":true}
2026-07-28 14:58:12,224 [INFO] app.api.routes_infra: InfraAlert sent | status=200 | resp={"success":true}
2026-07-28 17:58:21,577 [INFO] app.api.routes_infra: InfraAlert trigger -> ticket_id=1107 created_by=Gunjan mehta dept=Marketing category=Software
2026-07-28 17:58:21,579 [INFO] app.api.routes_infra: InfraAlert -> sending WA for ticket_id=1107 | msg_len=349
2026-07-28 17:58:21,580 [INFO] app.api.routes_infra: WA[e5d10811] -> sendMessage | target=120363141953100908@g.us | len=349
2026-07-28 17:58:21,648 [INFO] app.api.routes_infra: WA[e5d10811] <- status=200 | body={"success":true}
2026-07-28 17:58:21,648 [INFO] app.api.routes_infra: InfraAlert sent | status=200 | resp={"success":true}
2026-07-28 18:45:55,882 [INFO] app.api.routes_infra: InfraAlert trigger -> ticket_id=1108 created_by=Shalini rawat dept=Technical category=Hardware
2026-07-28 18:45:55,883 [INFO] app.api.routes_infra: InfraAlert -> sending WA for ticket_id=1108 | msg_len=465
2026-07-28 18:45:55,883 [INFO] app.api.routes_infra: WA[6cd14ee5] -> sendMessage | target=120363141953100908@g.us | len=465
2026-07-28 18:45:55,957 [INFO] app.api.routes_infra: WA[6cd14ee5] <- status=200 | body={"success":true}
2026-07-28 18:45:55,957 [INFO] app.api.routes_infra: InfraAlert sent | status=200 | resp={"success":true}
2026-07-28 19:00:25,076 [INFO] app.api.routes_infra: WA[9250b972] -> sendMessage | target=919650692437 | len=123
2026-07-28 19:00:25,554 [INFO] app.api.routes_infra: WA[9250b972] <- status=200 | body={"success":true}
2026-07-28 19:00:25,554 [INFO] app.api.routes_infra: PickNotify sent to 9650692437 | ticket_id=1108
2026-07-28 19:00:32,938 [INFO] app.api.routes_infra: WA[82cdf5ac] -> sendMessage | target=919650692437 | len=462
2026-07-28 19:00:33,378 [INFO] app.api.routes_infra: WA[82cdf5ac] <- status=200 | body={"success":true}
2026-07-28 19:00:33,378 [INFO] app.api.routes_infra: ResolveNotify sent | ticket_id=1108 contact=9650692437
2026-07-28 19:00:46,565 [INFO] app.api.routes_infra: WA[47202df2] -> sendMessage | target=918448546358 | len=123
2026-07-28 19:00:47,073 [INFO] app.api.routes_infra: WA[47202df2] <- status=200 | body={"success":true}
2026-07-28 19:00:47,073 [INFO] app.api.routes_infra: PickNotify sent to 8448546358 | ticket_id=1106
2026-07-28 19:01:37,053 [INFO] app.api.routes_infra: WA[b4d593a5] -> sendMessage | target=918448546358 | len=229
2026-07-28 19:01:37,621 [INFO] app.api.routes_infra: WA[b4d593a5] <- status=200 | body={"success":true}
2026-07-28 19:01:37,621 [INFO] app.api.routes_infra: ResolveNotify sent | ticket_id=1106 contact=8448546358
2026-07-28 19:37:51,838 [INFO] app.api.routes_infra: InfraAlert trigger -> ticket_id=1109 created_by=Shahana Parveen dept=Marketing category=Software
2026-07-28 19:37:51,839 [INFO] app.api.routes_infra: InfraAlert -> sending WA for ticket_id=1109 | msg_len=387
2026-07-28 19:37:51,839 [INFO] app.api.routes_infra: WA[d661a5a7] -> sendMessage | target=120363141953100908@g.us | len=387
2026-07-28 19:37:51,897 [INFO] app.api.routes_infra: WA[d661a5a7] <- status=200 | body={"success":true}
2026-07-28 19:37:51,897 [INFO] app.api.routes_infra: InfraAlert sent | status=200 | resp={"success":true}
2026-07-28 21:05:43,574 [INFO] app.api.routes_infra: InfraAlert trigger -> ticket_id=1110 created_by=Shahana Parveen dept=Marketing category=Software
2026-07-28 21:05:43,575 [INFO] app.api.routes_infra: InfraAlert -> sending WA for ticket_id=1110 | msg_len=305
2026-07-28 21:05:43,575 [INFO] app.api.routes_infra: WA[cc23262a] -> sendMessage | target=120363141953100908@g.us | len=305
2026-07-28 21:05:43,713 [INFO] app.api.routes_infra: WA[cc23262a] <- status=200 | body={"success":true}
2026-07-28 21:05:43,713 [INFO] app.api.routes_infra: InfraAlert sent | status=200 | resp={"success":true}
2026-07-28 21:07:52,868 [INFO] app.api.routes_infra: InfraAlert trigger -> ticket_id=1111 created_by=Shahana Parveen dept=Marketing category=Software
2026-07-28 21:07:52,869 [INFO] app.api.routes_infra: InfraAlert -> sending WA for ticket_id=1111 | msg_len=279
2026-07-28 21:07:52,869 [INFO] app.api.routes_infra: WA[954acff9] -> sendMessage | target=120363141953100908@g.us | len=279
2026-07-28 21:07:52,973 [INFO] app.api.routes_infra: WA[954acff9] <- status=500 | body={"error":"Protocol error (Runtime.callFunctionOn): Promise was collected"}
2026-07-28 21:07:52,973 [ERROR] app.api.routes_infra: InfraAlert failed | status=500 | resp={"error":"Protocol error (Runtime.callFunctionOn): Promise was collected"}
2026-07-28 23:32:00,296 [INFO] app.api.routes_infra: InfraAlert trigger -> ticket_id=1112 created_by=AMAN CHOTALA dept=Technical category=Software
2026-07-28 23:32:00,298 [INFO] app.api.routes_infra: InfraAlert -> sending WA for ticket_id=1112 | msg_len=282
2026-07-28 23:32:00,298 [INFO] app.api.routes_infra: WA[0fdbc57d] -> sendMessage | target=120363141953100908@g.us | len=282
2026-07-28 23:32:00,363 [INFO] app.api.routes_infra: WA[0fdbc57d] <- status=200 | body={"success":true}
2026-07-28 23:32:00,363 [INFO] app.api.routes_infra: InfraAlert sent | status=200 | resp={"success":true}
2026-07-29 08:39:20,361 [INFO] app.api.routes_infra: InfraAlert trigger -> ticket_id=1113 created_by=Vibhor Naithani dept=Technical category=Software
2026-07-29 08:39:20,364 [INFO] app.api.routes_infra: InfraAlert -> sending WA for ticket_id=1113 | msg_len=284
2026-07-29 08:39:20,364 [INFO] app.api.routes_infra: WA[3d2dc4c6] -> sendMessage | target=120363141953100908@g.us | len=284
2026-07-29 08:39:20,418 [INFO] app.api.routes_infra: WA[3d2dc4c6] <- status=200 | body={"success":true}
2026-07-29 08:39:20,418 [INFO] app.api.routes_infra: InfraAlert sent | status=200 | resp={"success":true}
2026-07-29 08:40:04,602 [INFO] app.api.routes_infra: WA[ebe9d1a3] -> sendMessage | target=919773552558 | len=126
2026-07-29 08:40:04,900 [INFO] app.api.routes_infra: WA[ebe9d1a3] <- status=200 | body={"success":true}
2026-07-29 08:40:04,900 [INFO] app.api.routes_infra: PickNotify sent to 9773552558 | ticket_id=1112
2026-07-29 08:40:12,336 [INFO] app.api.routes_infra: WA[40942101] -> sendMessage | target=919773552558 | len=271
2026-07-29 08:40:12,656 [INFO] app.api.routes_infra: WA[40942101] <- status=200 | body={"success":true}
2026-07-29 08:40:12,656 [INFO] app.api.routes_infra: ResolveNotify sent | ticket_id=1112 contact=9773552558
2026-07-29 08:40:34,400 [INFO] app.api.routes_infra: WA[97a618bc] -> sendMessage | target=918448546358 | len=126
2026-07-29 08:40:34,748 [INFO] app.api.routes_infra: WA[97a618bc] <- status=200 | body={"success":true}
2026-07-29 08:40:34,748 [INFO] app.api.routes_infra: PickNotify sent to 8448546358 | ticket_id=1109
2026-07-29 08:40:55,551 [INFO] app.api.routes_infra: WA[dac53e2d] -> sendMessage | target=919810312510 | len=126
2026-07-29 08:40:55,888 [INFO] app.api.routes_infra: WA[dac53e2d] <- status=200 | body={"success":true}
2026-07-29 08:40:55,888 [INFO] app.api.routes_infra: PickNotify sent to 9810312510 | ticket_id=1107
2026-07-29 08:41:28,624 [INFO] app.api.routes_infra: WA[fa39b4cc] -> sendMessage | target=917834834912 | len=126
2026-07-29 08:41:28,972 [INFO] app.api.routes_infra: WA[fa39b4cc] <- status=200 | body={"success":true}
2026-07-29 08:41:28,972 [INFO] app.api.routes_infra: PickNotify sent to 7834834912 | ticket_id=1113
2026-07-29 08:46:14,542 [INFO] app.api.routes_infra: WA[0f2e2914] -> sendMessage | target=917834834912 | len=270
2026-07-29 08:46:14,880 [INFO] app.api.routes_infra: WA[0f2e2914] <- status=200 | body={"success":true}
2026-07-29 08:46:14,880 [INFO] app.api.routes_infra: ResolveNotify sent | ticket_id=1113 contact=7834834912
2026-07-29 11:27:28,822 [INFO] app.api.routes_infra: InfraAlert trigger -> ticket_id=1114 created_by=Sanjeet Kumar dept=Customer Care category=Software
2026-07-29 11:27:28,823 [INFO] app.api.routes_infra: InfraAlert -> sending WA for ticket_id=1114 | msg_len=289
2026-07-29 11:27:28,823 [INFO] app.api.routes_infra: WA[c1bfaef1] -> sendMessage | target=120363141953100908@g.us | len=289
2026-07-29 11:27:28,879 [INFO] app.api.routes_infra: WA[c1bfaef1] <- status=200 | body={"success":true}
2026-07-29 11:27:28,879 [INFO] app.api.routes_infra: InfraAlert sent | status=200 | resp={"success":true}
2026-07-29 13:55:43,081 [INFO] app.api.routes_infra: WA[915c48f2] -> sendMessage | target=917982256085 | len=117
2026-07-29 13:55:43,428 [INFO] app.api.routes_infra: WA[915c48f2] <- status=200 | body={"success":true}
2026-07-29 13:55:43,428 [INFO] app.api.routes_infra: PickNotify sent to 7982256085 | ticket_id=1114
2026-07-29 14:32:45,205 [INFO] app.api.routes_infra: WA[3da437ca] -> sendMessage | target=918448546358 | len=385
2026-07-29 14:32:45,704 [INFO] app.api.routes_infra: WA[3da437ca] <- status=200 | body={"success":true}
2026-07-29 14:32:45,705 [INFO] app.api.routes_infra: ResolveNotify sent | ticket_id=1109 contact=8448546358
2026-07-29 14:32:50,745 [INFO] app.api.routes_infra: WA[1628abb3] -> sendMessage | target=919810312510 | len=350
2026-07-29 14:32:51,255 [INFO] app.api.routes_infra: WA[1628abb3] <- status=200 | body={"success":true}
2026-07-29 14:32:51,256 [INFO] app.api.routes_infra: ResolveNotify sent | ticket_id=1107 contact=9810312510
2026-07-29 15:34:44,901 [INFO] app.api.routes_infra: InfraAlert trigger -> ticket_id=1115 created_by=Rupa dept=Other category=Hardware
2026-07-29 15:34:44,904 [INFO] app.api.routes_infra: InfraAlert -> sending WA for ticket_id=1115 | msg_len=227
2026-07-29 15:34:44,904 [INFO] app.api.routes_infra: WA[0efc7377] -> sendMessage | target=120363141953100908@g.us | len=227
2026-07-29 15:34:44,957 [INFO] app.api.routes_infra: WA[0efc7377] <- status=200 | body={"success":true}
2026-07-29 15:34:44,957 [INFO] app.api.routes_infra: InfraAlert sent | status=200 | resp={"success":true}
2026-07-29 15:52:42,267 [INFO] app.api.routes_infra: WA[327fb790] -> sendMessage | target=917982256085 | len=263
2026-07-29 15:52:42,592 [INFO] app.api.routes_infra: WA[327fb790] <- status=200 | body={"success":true}
2026-07-29 15:52:42,592 [INFO] app.api.routes_infra: ResolveNotify sent | ticket_id=1114 contact=7982256085
2026-07-29 15:54:44,738 [INFO] app.api.routes_infra: InfraAlert trigger -> ticket_id=1116 created_by=ANKITA dept=Other category=Software
2026-07-29 15:54:44,738 [INFO] app.api.routes_infra: InfraAlert -> sending WA for ticket_id=1116 | msg_len=271
2026-07-29 15:54:44,739 [INFO] app.api.routes_infra: WA[73667a55] -> sendMessage | target=120363141953100908@g.us | len=271
2026-07-29 15:54:44,792 [INFO] app.api.routes_infra: WA[73667a55] <- status=200 | body={"success":true}
2026-07-29 15:54:44,792 [INFO] app.api.routes_infra: InfraAlert sent | status=200 | resp={"success":true}
2026-07-29 15:54:57,385 [INFO] app.api.routes_infra: WA[fcc3e911] -> sendMessage | target=918700004157 | len=117
2026-07-29 15:54:57,705 [INFO] app.api.routes_infra: WA[fcc3e911] <- status=200 | body={"success":true}
2026-07-29 15:54:57,706 [INFO] app.api.routes_infra: PickNotify sent to 8700004157 | ticket_id=1116
2026-07-29 15:55:01,970 [INFO] app.api.routes_infra: WA[581a156e] -> sendMessage | target=918700004157 | len=273
2026-07-29 15:55:02,627 [INFO] app.api.routes_infra: WA[581a156e] <- status=200 | body={"success":true}
2026-07-29 15:55:02,627 [INFO] app.api.routes_infra: ResolveNotify sent | ticket_id=1116 contact=8700004157
2026-07-29 16:52:00,124 [INFO] app.api.routes_infra: InfraAlert trigger -> ticket_id=1117 created_by=Rani dept=Technical category=Hardware
2026-07-29 16:52:00,125 [INFO] app.api.routes_infra: InfraAlert -> sending WA for ticket_id=1117 | msg_len=226
2026-07-29 16:52:00,126 [INFO] app.api.routes_infra: WA[68022820] -> sendMessage | target=120363141953100908@g.us | len=226
2026-07-29 16:52:00,197 [INFO] app.api.routes_infra: WA[68022820] <- status=200 | body={"success":true}
2026-07-29 16:52:00,197 [INFO] app.api.routes_infra: InfraAlert sent | status=200 | resp={"success":true}
2026-07-29 16:56:18,837 [INFO] app.api.routes_infra: WA[9e23e99b] -> sendMessage | target=919873439864 | len=123
2026-07-29 16:56:19,282 [INFO] app.api.routes_infra: WA[9e23e99b] <- status=200 | body={"success":true}
2026-07-29 16:56:19,282 [INFO] app.api.routes_infra: PickNotify sent to 9873439864 | ticket_id=1117
2026-07-29 16:56:38,575 [INFO] app.api.routes_infra: WA[9de5dff6] -> sendMessage | target=919873439864 | len=123
2026-07-29 16:56:38,878 [INFO] app.api.routes_infra: WA[9de5dff6] <- status=200 | body={"success":true}
2026-07-29 16:56:38,879 [INFO] app.api.routes_infra: PickNotify sent to 9873439864 | ticket_id=1117
2026-07-29 21:39:08,190 [INFO] app.api.routes_infra: InfraReminder -> processing 2 pending tickets
2026-07-29 21:39:08,191 [INFO] app.api.routes_infra: WA[5b5a7a07] -> sendMessage | target=120363141953100908@g.us | len=320
2026-07-29 21:39:08,307 [INFO] app.api.routes_infra: WA[5b5a7a07] <- status=200 | body={"success":true}
2026-07-29 21:39:08,307 [INFO] app.api.routes_infra: InfraReminder sent | ticket_id=1110 status=200
2026-07-29 21:39:08,307 [INFO] app.api.routes_infra: WA[7fdaeb61] -> sendMessage | target=120363141953100908@g.us | len=294
2026-07-29 21:39:08,450 [INFO] app.api.routes_infra: WA[7fdaeb61] <- status=200 | body={"success":true}
2026-07-29 21:39:08,450 [INFO] app.api.routes_infra: InfraReminder sent | ticket_id=1111 status=200
2026-07-29 21:41:35,529 [INFO] app.api.routes_infra: WA[48b6ab57] -> sendMessage | target=918448546358 | len=122
2026-07-29 21:41:35,960 [INFO] app.api.routes_infra: WA[48b6ab57] <- status=200 | body={"success":true}
2026-07-29 21:41:35,960 [INFO] app.api.routes_infra: PickNotify sent to 8448546358 | ticket_id=1110
2026-07-29 21:41:49,185 [INFO] app.api.routes_infra: WA[ddfd2933] -> sendMessage | target=918448546358 | len=122
2026-07-29 21:41:49,597 [INFO] app.api.routes_infra: WA[ddfd2933] <- status=200 | body={"success":true}
2026-07-29 21:41:49,597 [INFO] app.api.routes_infra: PickNotify sent to 8448546358 | ticket_id=1111
2026-07-30 11:08:26,456 [INFO] app.api.routes_infra: Infra resolution SLA hiccup generated | ticket_id=1071 hiccup=HCP-26-1437
2026-07-30 12:59:51,479 [INFO] app.api.routes_infra: InfraAlert trigger -> ticket_id=1118 created_by=Ritu Mahalwal dept=Customer Care category=Software
2026-07-30 12:59:51,480 [INFO] app.api.routes_infra: InfraAlert -> sending WA for ticket_id=1118 | msg_len=269
2026-07-30 12:59:51,480 [INFO] app.api.routes_infra: WA[3110cfc9] -> sendMessage | target=120363141953100908@g.us | len=269
2026-07-30 12:59:51,577 [INFO] app.api.routes_infra: WA[3110cfc9] <- status=200 | body={"success":true}
2026-07-30 12:59:51,577 [INFO] app.api.routes_infra: InfraAlert sent | status=200 | resp={"success":true}
2026-07-30 13:12:59,619 [INFO] app.api.routes_infra: WA[9988a350] -> sendMessage | target=919958547534 | len=320
2026-07-30 13:12:59,950 [INFO] app.api.routes_infra: WA[9988a350] <- status=200 | body={"success":true}
2026-07-30 13:12:59,951 [INFO] app.api.routes_infra: ResolveNotify sent | ticket_id=1074 contact=9958547534
2026-07-30 13:13:11,514 [INFO] app.api.routes_infra: WA[87a890b5] -> sendMessage | target=919958547534 | len=123
2026-07-30 13:13:11,846 [INFO] app.api.routes_infra: WA[87a890b5] <- status=200 | body={"success":true}
2026-07-30 13:13:11,846 [INFO] app.api.routes_infra: PickNotify sent to 9958547534 | ticket_id=1071
2026-07-30 13:13:29,702 [INFO] app.api.routes_infra: WA[ca07fcd8] -> sendMessage | target=919582878288 | len=123
2026-07-30 13:13:30,110 [INFO] app.api.routes_infra: WA[ca07fcd8] <- status=200 | body={"success":true}
2026-07-30 13:13:30,110 [INFO] app.api.routes_infra: PickNotify sent to 9582878288 | ticket_id=1115
2026-07-30 13:37:56,549 [INFO] app.api.routes_infra: WA[0a670095] -> sendMessage | target=919871366002 | len=122
2026-07-30 13:37:56,923 [INFO] app.api.routes_infra: WA[0a670095] <- status=200 | body={"success":true}
2026-07-30 13:37:56,924 [INFO] app.api.routes_infra: PickNotify sent to 9871366002 | ticket_id=1118
2026-07-30 13:54:36,884 [INFO] app.api.routes_infra: InfraAlert trigger -> ticket_id=1119 created_by=Gulrez Sultan dept=Customer Care category=Office Infra
2026-07-30 13:54:36,885 [INFO] app.api.routes_infra: InfraAlert -> sending WA for ticket_id=1119 | msg_len=257
2026-07-30 13:54:36,885 [INFO] app.api.routes_infra: WA[2c6e8300] -> sendMessage | target=120363141953100908@g.us | len=257
2026-07-30 13:54:37,035 [INFO] app.api.routes_infra: WA[2c6e8300] <- status=200 | body={"success":true}
2026-07-30 13:54:37,035 [INFO] app.api.routes_infra: InfraAlert sent | status=200 | resp={"success":true}
2026-07-30 13:55:43,510 [INFO] app.api.routes_infra: WA[92183dd8] -> sendMessage | target=919818247844 | len=123
2026-07-30 13:55:43,915 [INFO] app.api.routes_infra: WA[92183dd8] <- status=200 | body={"success":true}
2026-07-30 13:55:43,916 [INFO] app.api.routes_infra: PickNotify sent to 9818247844 | ticket_id=1119
2026-07-30 16:13:26,635 [INFO] app.api.routes_infra: WA[58d97922] -> sendMessage | target=919871366002 | len=122
2026-07-30 16:13:26,998 [INFO] app.api.routes_infra: WA[58d97922] <- status=200 | body={"success":true}
2026-07-30 16:13:26,999 [INFO] app.api.routes_infra: PickNotify sent to 9871366002 | ticket_id=1118
2026-07-30 16:13:36,782 [INFO] app.api.routes_infra: WA[21e04be2] -> sendMessage | target=919871366002 | len=122
2026-07-30 16:13:37,148 [INFO] app.api.routes_infra: WA[21e04be2] <- status=200 | body={"success":true}
2026-07-30 16:13:37,148 [INFO] app.api.routes_infra: PickNotify sent to 9871366002 | ticket_id=1046
2026-07-30 16:13:44,230 [INFO] app.api.routes_infra: WA[90f16c8b] -> sendMessage | target=919667798385 | len=122
2026-07-30 16:13:44,551 [INFO] app.api.routes_infra: WA[90f16c8b] <- status=200 | body={"success":true}
2026-07-30 16:13:44,551 [INFO] app.api.routes_infra: PickNotify sent to 9667798385 | ticket_id=1105
2026-07-30 16:13:46,895 [INFO] app.api.routes_infra: WA[2c3017ef] -> sendMessage | target=919810030372 | len=122
2026-07-30 16:13:49,145 [INFO] app.api.routes_infra: WA[2c3017ef] <- status=200 | body={"success":true}
2026-07-30 16:13:49,146 [INFO] app.api.routes_infra: PickNotify sent to 9810030372 | ticket_id=1033
2026-07-30 16:13:54,727 [INFO] app.api.routes_infra: WA[010c1093] -> sendMessage | target=918448546358 | len=122
2026-07-30 16:13:55,104 [INFO] app.api.routes_infra: WA[010c1093] <- status=200 | body={"success":true}
2026-07-30 16:13:55,104 [INFO] app.api.routes_infra: PickNotify sent to 8448546358 | ticket_id=1078
2026-07-30 16:16:25,754 [INFO] app.api.routes_infra: InfraAlert trigger -> ticket_id=1120 created_by=Akshay Kumar Ram dept=House Keeping category=Other
2026-07-30 16:16:25,755 [INFO] app.api.routes_infra: InfraAlert -> sending WA for ticket_id=1120 | msg_len=248
2026-07-30 16:16:25,755 [INFO] app.api.routes_infra: WA[aef7923b] -> sendMessage | target=120363141953100908@g.us | len=248
2026-07-30 16:16:25,873 [INFO] app.api.routes_infra: WA[aef7923b] <- status=200 | body={"success":true}
2026-07-30 16:16:25,874 [INFO] app.api.routes_infra: InfraAlert sent | status=200 | resp={"success":true}
2026-07-30 16:31:13,226 [INFO] app.api.routes_infra: InfraAlert trigger -> ticket_id=1121 created_by=ANKITA dept=Other category=Software
2026-07-30 16:31:13,227 [INFO] app.api.routes_infra: InfraAlert -> sending WA for ticket_id=1121 | msg_len=309
2026-07-30 16:31:13,227 [INFO] app.api.routes_infra: WA[204e0757] -> sendMessage | target=120363141953100908@g.us | len=309
2026-07-30 16:31:13,307 [INFO] app.api.routes_infra: WA[204e0757] <- status=200 | body={"success":true}
2026-07-30 16:31:13,307 [INFO] app.api.routes_infra: InfraAlert sent | status=200 | resp={"success":true}
2026-07-30 16:31:34,356 [INFO] app.api.routes_infra: WA[5f763b49] -> sendMessage | target=918700004157 | len=117
2026-07-30 16:31:34,770 [INFO] app.api.routes_infra: WA[5f763b49] <- status=200 | body={"success":true}
2026-07-30 16:31:34,770 [INFO] app.api.routes_infra: PickNotify sent to 8700004157 | ticket_id=1121
2026-07-30 16:31:39,800 [INFO] app.api.routes_infra: WA[a607d14e] -> sendMessage | target=918700004157 | len=311
2026-07-30 16:31:40,143 [INFO] app.api.routes_infra: WA[a607d14e] <- status=200 | body={"success":true}
2026-07-30 16:31:40,143 [INFO] app.api.routes_infra: ResolveNotify sent | ticket_id=1121 contact=8700004157
2026-07-30 16:34:30,615 [INFO] app.api.routes_infra: InfraAlert trigger -> ticket_id=1122 created_by=Sejal Rai dept=Customer Care category=Other
2026-07-30 16:34:30,616 [INFO] app.api.routes_infra: InfraAlert -> sending WA for ticket_id=1122 | msg_len=219
2026-07-30 16:34:30,616 [INFO] app.api.routes_infra: WA[86579466] -> sendMessage | target=120363141953100908@g.us | len=219
2026-07-30 16:34:30,676 [INFO] app.api.routes_infra: WA[86579466] <- status=200 | body={"success":true}
2026-07-30 16:34:30,676 [INFO] app.api.routes_infra: InfraAlert sent | status=200 | resp={"success":true}
2026-07-30 17:43:40,997 [INFO] app.api.routes_infra: InfraAlert trigger -> ticket_id=1123 created_by=RITIKA dept=Technical category=Office Infra
2026-07-30 17:43:40,997 [INFO] app.api.routes_infra: InfraAlert -> sending WA for ticket_id=1123 | msg_len=245
2026-07-30 17:43:40,998 [INFO] app.api.routes_infra: WA[81ad0acd] -> sendMessage | target=120363141953100908@g.us | len=245
2026-07-30 17:43:41,057 [INFO] app.api.routes_infra: WA[81ad0acd] <- status=200 | body={"success":true}
2026-07-30 17:43:41,058 [INFO] app.api.routes_infra: InfraAlert sent | status=200 | resp={"success":true}
2026-07-30 17:44:28,246 [INFO] app.api.routes_infra: InfraAlert trigger -> ticket_id=1124 created_by=RITIKA dept=Technical category=Other
2026-07-30 17:44:28,249 [INFO] app.api.routes_infra: InfraAlert -> sending WA for ticket_id=1124 | msg_len=240
2026-07-30 17:44:28,251 [INFO] app.api.routes_infra: WA[b6e56654] -> sendMessage | target=120363141953100908@g.us | len=240
2026-07-30 17:44:28,294 [INFO] app.api.routes_infra: WA[b6e56654] <- status=200 | body={"success":true}
2026-07-30 17:44:28,294 [INFO] app.api.routes_infra: InfraAlert sent | status=200 | resp={"success":true}
2026-07-30 18:23:09,229 [INFO] app.api.routes_infra: InfraAlert trigger -> ticket_id=1125 created_by=Harshit dept=Technical category=Hardware
2026-07-30 18:23:09,230 [INFO] app.api.routes_infra: InfraAlert -> sending WA for ticket_id=1125 | msg_len=249
2026-07-30 18:23:09,230 [INFO] app.api.routes_infra: WA[18804815] -> sendMessage | target=120363141953100908@g.us | len=249
2026-07-30 18:23:09,294 [INFO] app.api.routes_infra: WA[18804815] <- status=200 | body={"success":true}
2026-07-30 18:23:09,294 [INFO] app.api.routes_infra: InfraAlert sent | status=200 | resp={"success":true}
2026-07-30 18:23:46,989 [INFO] app.api.routes_infra: WA[442fc83d] -> sendMessage | target=919871366002 | len=248
2026-07-30 18:23:47,351 [INFO] app.api.routes_infra: WA[442fc83d] <- status=200 | body={"success":true}
2026-07-30 18:23:47,351 [INFO] app.api.routes_infra: ResolveNotify sent | ticket_id=1118 contact=9871366002
2026-07-30 18:24:03,975 [INFO] app.api.routes_infra: WA[fe9d9032] -> sendMessage | target=918448546358 | len=299
2026-07-30 18:24:04,375 [INFO] app.api.routes_infra: WA[fe9d9032] <- status=200 | body={"success":true}
2026-07-30 18:24:04,375 [INFO] app.api.routes_infra: ResolveNotify sent | ticket_id=1110 contact=8448546358
2026-07-30 20:02:21,557 [INFO] app.api.routes_infra: WA[dbbad1c0] -> sendMessage | target=919289128660 | len=123
2026-07-30 20:02:22,559 [INFO] app.api.routes_infra: WA[dbbad1c0] <- status=200 | body={"success":true}
2026-07-30 20:02:22,560 [INFO] app.api.routes_infra: PickNotify sent to 9289128660 | ticket_id=1123
2026-07-30 20:02:40,762 [INFO] app.api.routes_infra: WA[09d5174d] -> sendMessage | target=919289128660 | len=236
2026-07-30 20:02:41,273 [INFO] app.api.routes_infra: WA[09d5174d] <- status=200 | body={"success":true}
2026-07-30 20:02:41,274 [INFO] app.api.routes_infra: ResolveNotify sent | ticket_id=1123 contact=9289128660
2026-07-30 20:02:50,244 [INFO] app.api.routes_infra: WA[e3b8da65] -> sendMessage | target=919625412093 | len=233
2026-07-30 20:02:50,644 [INFO] app.api.routes_infra: WA[e3b8da65] <- status=200 | body={"success":true}
2026-07-30 20:02:50,644 [INFO] app.api.routes_infra: ResolveNotify sent | ticket_id=1094 contact=9625412093
2026-07-30 20:03:15,690 [INFO] app.api.routes_infra: WA[0606946c] -> sendMessage | target=919310305734 | len=123
2026-07-30 20:03:16,214 [INFO] app.api.routes_infra: WA[0606946c] <- status=200 | body={"success":true}
2026-07-30 20:03:16,215 [INFO] app.api.routes_infra: PickNotify sent to 9310305734 | ticket_id=1125
2026-07-30 20:03:29,079 [INFO] app.api.routes_infra: WA[6b9af9e3] -> sendMessage | target=919310305734 | len=123
2026-07-30 20:03:29,592 [INFO] app.api.routes_infra: WA[6b9af9e3] <- status=200 | body={"success":true}
2026-07-30 20:03:29,592 [INFO] app.api.routes_infra: PickNotify sent to 9310305734 | ticket_id=1125
2026-07-30 20:04:10,102 [INFO] app.api.routes_infra: WA[473e027b] -> sendMessage | target=919958547534 | len=123
2026-07-30 20:04:10,734 [INFO] app.api.routes_infra: WA[473e027b] <- status=200 | body={"success":true}
2026-07-30 20:04:10,735 [INFO] app.api.routes_infra: PickNotify sent to 9958547534 | ticket_id=1120
2026-07-30 20:04:20,372 [INFO] app.api.routes_infra: WA[3490045e] -> sendMessage | target=918368207989 | len=123
2026-07-30 20:04:20,855 [INFO] app.api.routes_infra: WA[3490045e] <- status=200 | body={"success":true}
2026-07-30 20:04:20,855 [INFO] app.api.routes_infra: PickNotify sent to 8368207989 | ticket_id=1122
2026-07-30 20:04:32,549 [INFO] app.api.routes_infra: WA[2602652e] -> sendMessage | target=919289128660 | len=123
2026-07-30 20:04:32,934 [INFO] app.api.routes_infra: WA[2602652e] <- status=200 | body={"success":true}
2026-07-30 20:04:32,934 [INFO] app.api.routes_infra: PickNotify sent to 9289128660 | ticket_id=1124
2026-07-31 10:42:46,610 [INFO] app.api.routes_infra: InfraAlert trigger -> ticket_id=1126 created_by=Prerna Sharma dept=Customer Care category=Hardware
2026-07-31 10:42:46,610 [INFO] app.api.routes_infra: InfraAlert -> sending WA for ticket_id=1126 | msg_len=276
2026-07-31 10:42:46,611 [INFO] app.api.routes_infra: WA[f097e40b] -> sendMessage | target=120363141953100908@g.us | len=276
2026-07-31 10:42:46,693 [INFO] app.api.routes_infra: WA[f097e40b] <- status=200 | body={"success":true}
2026-07-31 10:42:46,693 [INFO] app.api.routes_infra: InfraAlert sent | status=200 | resp={"success":true}
2026-07-31 11:16:33,602 [INFO] app.api.routes_infra: WA[34528f30] -> sendMessage | target=919310305734 | len=239
2026-07-31 11:16:33,966 [INFO] app.api.routes_infra: WA[34528f30] <- status=200 | body={"success":true}
2026-07-31 11:16:33,966 [INFO] app.api.routes_infra: ResolveNotify sent | ticket_id=1125 contact=9310305734
2026-07-31 12:07:11,968 [INFO] app.api.routes_infra: WA[f20ab8d7] -> sendMessage | target=919910773271 | len=123
2026-07-31 12:07:12,303 [INFO] app.api.routes_infra: WA[f20ab8d7] <- status=200 | body={"success":true}
2026-07-31 12:07:12,303 [INFO] app.api.routes_infra: PickNotify sent to 9910773271 | ticket_id=1126
2026-07-31 12:07:15,452 [INFO] app.api.routes_infra: WA[59881679] -> sendMessage | target=919910773271 | len=256
2026-07-31 12:07:15,777 [INFO] app.api.routes_infra: WA[59881679] <- status=200 | body={"success":true}
2026-07-31 12:07:15,777 [INFO] app.api.routes_infra: ResolveNotify sent | ticket_id=1126 contact=9910773271
2026-07-31 12:28:06,211 [INFO] app.api.routes_infra: InfraAlert trigger -> ticket_id=1127 created_by=Prerna Sharma dept=Technical category=Hardware
2026-07-31 12:28:06,212 [INFO] app.api.routes_infra: InfraAlert -> sending WA for ticket_id=1127 | msg_len=260
2026-07-31 12:28:06,213 [INFO] app.api.routes_infra: WA[bac6ed85] -> sendMessage | target=120363141953100908@g.us | len=260
2026-07-31 12:28:06,269 [INFO] app.api.routes_infra: WA[bac6ed85] <- status=200 | body={"success":true}
2026-07-31 12:28:06,270 [INFO] app.api.routes_infra: InfraAlert sent | status=200 | resp={"success":true}
2026-07-31 12:59:42,123 [INFO] app.api.routes_infra: InfraAlert trigger -> ticket_id=1128 created_by=jyoti dept=Customer Care category=Other
2026-07-31 12:59:42,125 [INFO] app.api.routes_infra: InfraAlert -> sending WA for ticket_id=1128 | msg_len=273
2026-07-31 12:59:42,125 [INFO] app.api.routes_infra: WA[958d1e27] -> sendMessage | target=120363141953100908@g.us | len=273
2026-07-31 12:59:42,178 [INFO] app.api.routes_infra: WA[958d1e27] <- status=200 | body={"success":true}
2026-07-31 12:59:42,178 [INFO] app.api.routes_infra: InfraAlert sent | status=200 | resp={"success":true}
2026-07-31 13:16:18,267 [INFO] app.api.routes_infra: WA[78079263] -> sendMessage | target=919870554746 | len=122
2026-07-31 13:16:18,840 [INFO] app.api.routes_infra: WA[78079263] <- status=200 | body={"success":true}
2026-07-31 13:16:18,841 [INFO] app.api.routes_infra: PickNotify sent to 9870554746 | ticket_id=1128
2026-07-31 13:16:23,267 [INFO] app.api.routes_infra: WA[4737c594] -> sendMessage | target=919870554746 | len=260
2026-07-31 13:16:23,589 [INFO] app.api.routes_infra: WA[4737c594] <- status=200 | body={"success":true}
2026-07-31 13:16:23,590 [INFO] app.api.routes_infra: ResolveNotify sent | ticket_id=1128 contact=9870554746
2026-07-31 13:42:08,642 [INFO] app.api.routes_infra: InfraAlert trigger -> ticket_id=1129 created_by=Akash yadav dept=Customer Care category=Hardware
2026-07-31 13:42:08,642 [INFO] app.api.routes_infra: InfraAlert -> sending WA for ticket_id=1129 | msg_len=283
2026-07-31 13:42:08,642 [INFO] app.api.routes_infra: WA[ee01ada1] -> sendMessage | target=120363141953100908@g.us | len=283
2026-07-31 13:42:08,717 [INFO] app.api.routes_infra: WA[ee01ada1] <- status=200 | body={"success":true}
2026-07-31 13:42:08,717 [INFO] app.api.routes_infra: InfraAlert sent | status=200 | resp={"success":true}
2026-07-31 15:34:43,626 [INFO] app.api.routes_infra: InfraAlert trigger -> ticket_id=1130 created_by=Harshit dept=Technical category=Hardware
2026-07-31 15:34:43,627 [INFO] app.api.routes_infra: InfraAlert -> sending WA for ticket_id=1130 | msg_len=259
2026-07-31 15:34:43,627 [INFO] app.api.routes_infra: WA[45d153ba] -> sendMessage | target=120363141953100908@g.us | len=259
2026-07-31 15:34:43,736 [INFO] app.api.routes_infra: WA[45d153ba] <- status=200 | body={"success":true}
2026-07-31 15:34:43,737 [INFO] app.api.routes_infra: InfraAlert sent | status=200 | resp={"success":true}
2026-07-31 15:45:07,581 [INFO] app.api.routes_infra: InfraAlert trigger -> ticket_id=1131 created_by=Gunjan mehta dept=Marketing category=Software
2026-07-31 15:45:07,582 [INFO] app.api.routes_infra: InfraAlert -> sending WA for ticket_id=1131 | msg_len=401
2026-07-31 15:45:07,582 [INFO] app.api.routes_infra: WA[212273d3] -> sendMessage | target=120363141953100908@g.us | len=401
2026-07-31 15:45:07,639 [INFO] app.api.routes_infra: WA[212273d3] <- status=200 | body={"success":true}
2026-07-31 15:45:07,639 [INFO] app.api.routes_infra: InfraAlert sent | status=200 | resp={"success":true}
2026-07-31 15:48:10,075 [INFO] app.api.routes_infra: WA[e1103c54] -> sendMessage | target=919810312510 | len=126
2026-07-31 15:48:10,378 [INFO] app.api.routes_infra: WA[e1103c54] <- status=200 | body={"success":true}
2026-07-31 15:48:10,378 [INFO] app.api.routes_infra: PickNotify sent to 9810312510 | ticket_id=1131
2026-07-31 15:55:41,641 [INFO] app.api.routes_infra: WA[aae33c66] -> sendMessage | target=919310305734 | len=123
2026-07-31 15:55:42,087 [INFO] app.api.routes_infra: WA[aae33c66] <- status=200 | body={"success":true}
2026-07-31 15:55:42,088 [INFO] app.api.routes_infra: PickNotify sent to 9310305734 | ticket_id=1130
2026-07-31 15:55:47,766 [INFO] app.api.routes_infra: WA[a6966da4] -> sendMessage | target=919310305734 | len=249
2026-07-31 15:55:48,131 [INFO] app.api.routes_infra: WA[a6966da4] <- status=200 | body={"success":true}
2026-07-31 15:55:48,131 [INFO] app.api.routes_infra: ResolveNotify sent | ticket_id=1130 contact=9310305734
2026-07-31 16:11:01,404 [INFO] app.api.routes_infra: WA[1831a22c] -> sendMessage | target=919910773271 | len=123
2026-07-31 16:11:01,749 [INFO] app.api.routes_infra: WA[1831a22c] <- status=200 | body={"success":true}
2026-07-31 16:11:01,750 [INFO] app.api.routes_infra: PickNotify sent to 9910773271 | ticket_id=1127
2026-07-31 16:11:05,176 [INFO] app.api.routes_infra: WA[ea17d779] -> sendMessage | target=919910773271 | len=244
2026-07-31 16:11:05,487 [INFO] app.api.routes_infra: WA[ea17d779] <- status=200 | body={"success":true}
2026-07-31 16:11:05,488 [INFO] app.api.routes_infra: ResolveNotify sent | ticket_id=1127 contact=9910773271
2026-07-31 16:14:27,128 [INFO] app.api.routes_infra: WA[861a67ce] -> sendMessage | target=919899847571 | len=123
2026-07-31 16:14:27,482 [INFO] app.api.routes_infra: WA[861a67ce] <- status=200 | body={"success":true}
2026-07-31 16:14:27,483 [INFO] app.api.routes_infra: PickNotify sent to 9899847571 | ticket_id=1129
2026-07-31 16:14:32,679 [INFO] app.api.routes_infra: WA[02603eab] -> sendMessage | target=919899847571 | len=265
2026-07-31 16:14:33,040 [INFO] app.api.routes_infra: WA[02603eab] <- status=200 | body={"success":true}
2026-07-31 16:14:33,040 [INFO] app.api.routes_infra: ResolveNotify sent | ticket_id=1129 contact=9899847571
2026-07-31 16:18:26,445 [INFO] app.api.routes_infra: Infra resolution SLA hiccup generated | ticket_id=1078 hiccup=HCP-26-1463
2026-07-31 16:18:26,459 [INFO] app.api.routes_infra: Infra resolution SLA hiccup generated | ticket_id=1105 hiccup=HCP-26-1464
2026-07-31 16:21:04,343 [INFO] app.api.routes_infra: InfraAlert trigger -> ticket_id=1132 created_by=Shoeb Alam dept=Technical category=Software
2026-07-31 16:21:04,343 [INFO] app.api.routes_infra: InfraAlert -> sending WA for ticket_id=1132 | msg_len=226
2026-07-31 16:21:04,343 [INFO] app.api.routes_infra: WA[c6e25deb] -> sendMessage | target=120363141953100908@g.us | len=226
2026-07-31 16:21:04,487 [INFO] app.api.routes_infra: WA[c6e25deb] <- status=200 | body={"success":true}
2026-07-31 16:21:04,488 [INFO] app.api.routes_infra: InfraAlert sent | status=200 | resp={"success":true}
2026-07-31 16:21:56,957 [INFO] app.api.routes_infra: WA[9df522f8] -> sendMessage | target=917982209598 | len=123
2026-07-31 16:21:57,341 [INFO] app.api.routes_infra: WA[9df522f8] <- status=200 | body={"success":true}
2026-07-31 16:21:57,341 [INFO] app.api.routes_infra: PickNotify sent to 7982209598 | ticket_id=1132
2026-07-31 16:21:59,349 [INFO] app.api.routes_infra: WA[94a994b1] -> sendMessage | target=917982209598 | len=226
2026-07-31 16:21:59,753 [INFO] app.api.routes_infra: WA[94a994b1] <- status=200 | body={"success":true}
2026-07-31 16:21:59,754 [INFO] app.api.routes_infra: ResolveNotify sent | ticket_id=1132 contact=7982209598
2026-07-31 16:42:51,625 [INFO] app.api.routes_infra: InfraAlert trigger -> ticket_id=1133 created_by=Nibha dept=Customer Care category=Software
2026-07-31 16:42:51,626 [INFO] app.api.routes_infra: InfraAlert -> sending WA for ticket_id=1133 | msg_len=238
2026-07-31 16:42:51,626 [INFO] app.api.routes_infra: WA[d00bbd8c] -> sendMessage | target=120363141953100908@g.us | len=238
2026-07-31 16:42:51,672 [INFO] app.api.routes_infra: WA[d00bbd8c] <- status=200 | body={"success":true}
2026-07-31 16:42:51,673 [INFO] app.api.routes_infra: InfraAlert sent | status=200 | resp={"success":true}
2026-07-31 16:53:47,781 [INFO] app.api.routes_infra: WA[b52d16ea] -> sendMessage | target=919560817948 | len=122
2026-07-31 16:53:48,225 [INFO] app.api.routes_infra: WA[b52d16ea] <- status=200 | body={"success":true}
2026-07-31 16:53:48,226 [INFO] app.api.routes_infra: PickNotify sent to 9560817948 | ticket_id=1133
2026-07-31 16:53:50,892 [INFO] app.api.routes_infra: WA[a08340a7] -> sendMessage | target=919560817948 | len=226
2026-07-31 16:53:51,246 [INFO] app.api.routes_infra: WA[a08340a7] <- status=200 | body={"success":true}
2026-07-31 16:53:51,247 [INFO] app.api.routes_infra: ResolveNotify sent | ticket_id=1133 contact=9560817948
2026-07-31 16:58:10,411 [INFO] app.api.routes_infra: InfraAlert trigger -> ticket_id=1134 created_by=ANKITA dept=Other category=Software
2026-07-31 16:58:10,412 [INFO] app.api.routes_infra: InfraAlert -> sending WA for ticket_id=1134 | msg_len=306
2026-07-31 16:58:10,412 [INFO] app.api.routes_infra: WA[ca88b668] -> sendMessage | target=120363141953100908@g.us | len=306
2026-07-31 16:58:10,474 [INFO] app.api.routes_infra: WA[ca88b668] <- status=200 | body={"success":true}
2026-07-31 16:58:10,474 [INFO] app.api.routes_infra: InfraAlert sent | status=200 | resp={"success":true}
2026-07-31 16:58:26,543 [INFO] app.api.routes_infra: WA[bd382310] -> sendMessage | target=918700004157 | len=117
2026-07-31 16:58:26,911 [INFO] app.api.routes_infra: WA[bd382310] <- status=200 | body={"success":true}
2026-07-31 16:58:26,911 [INFO] app.api.routes_infra: PickNotify sent to 8700004157 | ticket_id=1134
2026-07-31 16:58:31,025 [INFO] app.api.routes_infra: WA[0c7d9a00] -> sendMessage | target=918700004157 | len=308
2026-07-31 16:58:31,373 [INFO] app.api.routes_infra: WA[0c7d9a00] <- status=200 | body={"success":true}
2026-07-31 16:58:31,374 [INFO] app.api.routes_infra: ResolveNotify sent | ticket_id=1134 contact=8700004157
2026-07-31 17:17:32,004 [INFO] app.api.routes_infra: InfraAlert trigger -> ticket_id=1135 created_by=Shalini rawat dept=Technical category=Software
2026-07-31 17:17:32,005 [INFO] app.api.routes_infra: InfraAlert -> sending WA for ticket_id=1135 | msg_len=313
2026-07-31 17:17:32,006 [INFO] app.api.routes_infra: WA[d16220f6] -> sendMessage | target=120363141953100908@g.us | len=313
2026-07-31 17:17:32,059 [INFO] app.api.routes_infra: WA[d16220f6] <- status=200 | body={"success":true}
2026-07-31 17:17:32,059 [INFO] app.api.routes_infra: InfraAlert sent | status=200 | resp={"success":true}
2026-07-31 17:18:39,620 [INFO] app.api.routes_infra: InfraAlert trigger -> ticket_id=1136 created_by=Bhawana Manral dept=Other category=Software
2026-07-31 17:18:39,621 [INFO] app.api.routes_infra: InfraAlert -> sending WA for ticket_id=1136 | msg_len=275
2026-07-31 17:18:39,622 [INFO] app.api.routes_infra: WA[5b0d1d88] -> sendMessage | target=120363141953100908@g.us | len=275
2026-07-31 17:18:39,714 [INFO] app.api.routes_infra: WA[5b0d1d88] <- status=200 | body={"success":true}
2026-07-31 17:18:39,715 [INFO] app.api.routes_infra: InfraAlert sent | status=200 | resp={"success":true}
2026-07-31 17:20:28,395 [INFO] app.api.routes_infra: WA[0318052c] -> sendMessage | target=916398831177 | len=117
2026-07-31 17:20:28,772 [INFO] app.api.routes_infra: WA[0318052c] <- status=200 | body={"success":true}
2026-07-31 17:20:28,772 [INFO] app.api.routes_infra: PickNotify sent to 6398831177 | ticket_id=1136
2026-07-31 17:27:37,350 [INFO] app.api.routes_infra: WA[b6cc4e40] -> sendMessage | target=916398831177 | len=257
2026-07-31 17:27:37,733 [INFO] app.api.routes_infra: WA[b6cc4e40] <- status=200 | body={"success":true}
2026-07-31 17:27:37,734 [INFO] app.api.routes_infra: ResolveNotify sent | ticket_id=1136 contact=6398831177
2026-07-31 17:36:37,306 [INFO] app.api.routes_infra: WA[e552f416] -> sendMessage | target=919650692437 | len=126
2026-07-31 17:36:37,657 [INFO] app.api.routes_infra: WA[e552f416] <- status=200 | body={"success":true}
2026-07-31 17:36:37,658 [INFO] app.api.routes_infra: PickNotify sent to 9650692437 | ticket_id=1135
2026-07-31 17:48:12,815 [INFO] app.api.routes_infra: InfraAlert trigger -> ticket_id=1137 created_by=Akash yadav dept=Customer Care category=Hardware
2026-07-31 17:48:12,816 [INFO] app.api.routes_infra: InfraAlert -> sending WA for ticket_id=1137 | msg_len=280
2026-07-31 17:48:12,817 [INFO] app.api.routes_infra: WA[f73d68a1] -> sendMessage | target=120363141953100908@g.us | len=280
2026-07-31 17:48:12,870 [INFO] app.api.routes_infra: WA[f73d68a1] <- status=200 | body={"success":true}
2026-07-31 17:48:12,871 [INFO] app.api.routes_infra: InfraAlert sent | status=200 | resp={"success":true}
2026-07-31 18:24:28,282 [INFO] app.api.routes_infra: WA[c2c21852] -> sendMessage | target=919818247844 | len=238
2026-07-31 18:24:28,647 [INFO] app.api.routes_infra: WA[c2c21852] <- status=200 | body={"success":true}
2026-07-31 18:24:28,647 [INFO] app.api.routes_infra: ResolveNotify sent | ticket_id=1119 contact=9818247844
2026-07-31 18:27:23,336 [INFO] app.api.routes_infra: WA[803d348d] -> sendMessage | target=919582878288 | len=123
2026-07-31 18:27:23,712 [INFO] app.api.routes_infra: WA[803d348d] <- status=200 | body={"success":true}
2026-07-31 18:27:23,712 [INFO] app.api.routes_infra: PickNotify sent to 9582878288 | ticket_id=1115
2026-07-31 20:48:07,961 [INFO] app.api.routes_infra: Infra resolution SLA hiccup generated | ticket_id=1135 hiccup=HCP-26-1471
2026-07-31 20:48:07,974 [INFO] app.api.routes_infra: WA[96d70719] -> sendMessage | target=919650692437 | len=313
2026-07-31 20:48:08,340 [INFO] app.api.routes_infra: WA[96d70719] <- status=200 | body={"success":true}
2026-07-31 20:48:08,340 [INFO] app.api.routes_infra: ResolveNotify sent | ticket_id=1135 contact=9650692437
2026-07-31 20:48:13,483 [INFO] app.api.routes_infra: WA[8ace308e] -> sendMessage | target=919810312510 | len=402
2026-07-31 20:48:13,872 [INFO] app.api.routes_infra: WA[8ace308e] <- status=200 | body={"success":true}
2026-07-31 20:48:13,873 [INFO] app.api.routes_infra: ResolveNotify sent | ticket_id=1131 contact=9810312510
2026-07-31 20:58:05,614 [INFO] app.api.routes_infra: InfraAlert trigger -> ticket_id=1138 created_by=Shahana Parveen dept=Marketing category=Hardware
2026-07-31 20:58:05,615 [INFO] app.api.routes_infra: InfraAlert -> sending WA for ticket_id=1138 | msg_len=277
2026-07-31 20:58:05,615 [INFO] app.api.routes_infra: WA[12dbad49] -> sendMessage | target=120363141953100908@g.us | len=277
2026-07-31 20:58:05,666 [INFO] app.api.routes_infra: WA[12dbad49] <- status=200 | body={"success":true}
2026-07-31 20:58:05,666 [INFO] app.api.routes_infra: InfraAlert sent | status=200 | resp={"success":true}
2026-08-01 10:22:01,142 [INFO] app.api.routes_infra: WA[fa0ec836] -> sendMessage | target=919899847571 | len=123
2026-08-01 10:22:01,513 [INFO] app.api.routes_infra: WA[fa0ec836] <- status=200 | body={"success":true}
2026-08-01 10:22:01,514 [INFO] app.api.routes_infra: PickNotify sent to 9899847571 | ticket_id=1137
2026-08-01 10:22:37,004 [INFO] app.api.routes_infra: WA[7f3c4d09] -> sendMessage | target=919289128660 | len=123
2026-08-01 10:22:37,353 [INFO] app.api.routes_infra: WA[7f3c4d09] <- status=200 | body={"success":true}
2026-08-01 10:22:37,353 [INFO] app.api.routes_infra: PickNotify sent to 9289128660 | ticket_id=1124
2026-08-01 10:22:43,077 [INFO] app.api.routes_infra: WA[0a67ea3e] -> sendMessage | target=918368207989 | len=123
2026-08-01 10:22:43,440 [INFO] app.api.routes_infra: WA[0a67ea3e] <- status=200 | body={"success":true}
2026-08-01 10:22:43,441 [INFO] app.api.routes_infra: PickNotify sent to 8368207989 | ticket_id=1122
2026-08-01 10:34:15,774 [INFO] app.api.routes_infra: WA[7a5d77c4] -> sendMessage | target=918448546358 | len=123
2026-08-01 10:34:16,173 [INFO] app.api.routes_infra: WA[7a5d77c4] <- status=200 | body={"success":true}
2026-08-01 10:34:16,173 [INFO] app.api.routes_infra: PickNotify sent to 8448546358 | ticket_id=1138
2026-08-01 10:34:21,404 [INFO] app.api.routes_infra: WA[cd6a279d] -> sendMessage | target=918448546358 | len=272
2026-08-01 10:34:21,752 [INFO] app.api.routes_infra: WA[cd6a279d] <- status=200 | body={"success":true}
2026-08-01 10:34:21,753 [INFO] app.api.routes_infra: ResolveNotify sent | ticket_id=1138 contact=8448546358
2026-08-01 11:18:26,437 [INFO] app.api.routes_infra: Infra resolution SLA hiccup generated | ticket_id=1111 hiccup=HCP-26-1477
2026-08-01 11:33:26,219 [INFO] app.api.routes_infra: InfraAlert trigger -> ticket_id=1139 created_by=Aashu kashyap dept=Other category=Office Infra
2026-08-01 11:33:26,220 [INFO] app.api.routes_infra: InfraAlert -> sending WA for ticket_id=1139 | msg_len=244
2026-08-01 11:33:26,221 [INFO] app.api.routes_infra: WA[4dd3aad5] -> sendMessage | target=120363141953100908@g.us | len=244
2026-08-01 11:33:26,294 [INFO] app.api.routes_infra: WA[4dd3aad5] <- status=200 | body={"success":true}
2026-08-01 11:33:26,294 [INFO] app.api.routes_infra: InfraAlert sent | status=200 | resp={"success":true}
2026-08-01 12:00:18,966 [INFO] app.api.routes_infra: InfraAlert trigger -> ticket_id=1140 created_by=Shabnam khan dept=Technical category=Software
2026-08-01 12:00:18,966 [INFO] app.api.routes_infra: InfraAlert -> sending WA for ticket_id=1140 | msg_len=268
2026-08-01 12:00:18,968 [INFO] app.api.routes_infra: WA[91738de6] -> sendMessage | target=120363141953100908@g.us | len=268
2026-08-01 12:00:19,137 [INFO] app.api.routes_infra: WA[91738de6] <- status=200 | body={"success":true}
2026-08-01 12:00:19,137 [INFO] app.api.routes_infra: InfraAlert sent | status=200 | resp={"success":true}
2026-08-01 12:01:46,547 [INFO] app.api.routes_infra: WA[9b84e7d4] -> sendMessage | target=919818393041 | len=122
2026-08-01 12:01:46,876 [INFO] app.api.routes_infra: WA[9b84e7d4] <- status=200 | body={"success":true}
2026-08-01 12:01:46,876 [INFO] app.api.routes_infra: PickNotify sent to 9818393041 | ticket_id=1140
2026-08-01 12:01:48,839 [INFO] app.api.routes_infra: WA[41eeb67a] -> sendMessage | target=919818393041 | len=252
2026-08-01 12:01:49,163 [INFO] app.api.routes_infra: WA[41eeb67a] <- status=200 | body={"success":true}
2026-08-01 12:01:49,163 [INFO] app.api.routes_infra: ResolveNotify sent | ticket_id=1140 contact=9818393041
2026-08-01 12:04:41,590 [INFO] app.api.routes_infra: WA[4a636d36] -> sendMessage | target=916203999124 | len=123
2026-08-01 12:04:41,978 [INFO] app.api.routes_infra: WA[4a636d36] <- status=200 | body={"success":true}
2026-08-01 12:04:41,979 [INFO] app.api.routes_infra: PickNotify sent to 6203999124 | ticket_id=1139
2026-08-01 12:08:43,770 [INFO] app.api.routes_infra: WA[58ff1ad2] -> sendMessage | target=919899847571 | len=262
2026-08-01 12:08:44,129 [INFO] app.api.routes_infra: WA[58ff1ad2] <- status=200 | body={"success":true}
2026-08-01 12:08:44,130 [INFO] app.api.routes_infra: ResolveNotify sent | ticket_id=1137 contact=9899847571
2026-08-01 12:35:48,231 [INFO] app.api.routes_infra: InfraAlert trigger -> ticket_id=1141 created_by=Akash yadav dept=Customer Care category=Hardware
2026-08-01 12:35:48,234 [INFO] app.api.routes_infra: InfraAlert -> sending WA for ticket_id=1141 | msg_len=278
2026-08-01 12:35:48,234 [INFO] app.api.routes_infra: WA[99f67ed2] -> sendMessage | target=120363141953100908@g.us | len=278
2026-08-01 12:35:48,305 [INFO] app.api.routes_infra: WA[99f67ed2] <- status=200 | body={"success":true}
2026-08-01 12:35:48,305 [INFO] app.api.routes_infra: InfraAlert sent | status=200 | resp={"success":true}
2026-08-01 12:35:53,505 [INFO] app.api.routes_infra: InfraAlert trigger -> ticket_id=1142 created_by=Nitu dept=Customer Care category=Hardware
2026-08-01 12:35:53,505 [INFO] app.api.routes_infra: InfraAlert -> sending WA for ticket_id=1142 | msg_len=252
2026-08-01 12:35:53,506 [INFO] app.api.routes_infra: WA[e67487e3] -> sendMessage | target=120363141953100908@g.us | len=252
2026-08-01 12:35:53,612 [INFO] app.api.routes_infra: WA[e67487e3] <- status=200 | body={"success":true}
2026-08-01 12:35:53,612 [INFO] app.api.routes_infra: InfraAlert sent | status=200 | resp={"success":true}
2026-08-01 13:19:37,998 [INFO] app.api.routes_infra: InfraAlert trigger -> ticket_id=1143 created_by=Maria Dass dept=Customer Care category=Office Infra
2026-08-01 13:19:37,999 [INFO] app.api.routes_infra: InfraAlert -> sending WA for ticket_id=1143 | msg_len=267
2026-08-01 13:19:38,001 [INFO] app.api.routes_infra: WA[4cbc4c22] -> sendMessage | target=120363141953100908@g.us | len=267
2026-08-01 13:19:38,190 [INFO] app.api.routes_infra: WA[4cbc4c22] <- status=200 | body={"success":true}
2026-08-01 13:19:38,190 [INFO] app.api.routes_infra: InfraAlert sent | status=200 | resp={"success":true}
2026-08-01 14:16:17,526 [INFO] app.api.routes_infra: WA[a772fdae] -> sendMessage | target=919654876714 | len=123
2026-08-01 14:16:17,890 [INFO] app.api.routes_infra: WA[a772fdae] <- status=200 | body={"success":true}
2026-08-01 14:16:17,890 [INFO] app.api.routes_infra: PickNotify sent to 9654876714 | ticket_id=1143
2026-08-01 14:16:22,638 [INFO] app.api.routes_infra: WA[183fa37a] -> sendMessage | target=919654876714 | len=263
2026-08-01 14:16:22,979 [INFO] app.api.routes_infra: WA[183fa37a] <- status=200 | body={"success":true}
2026-08-01 14:16:22,979 [INFO] app.api.routes_infra: ResolveNotify sent | ticket_id=1143 contact=9654876714
2026-08-01 14:16:52,874 [INFO] app.api.routes_infra: WA[6d9af04e] -> sendMessage | target=918130931547 | len=123
2026-08-01 14:16:53,201 [INFO] app.api.routes_infra: WA[6d9af04e] <- status=200 | body={"success":true}
2026-08-01 14:16:53,202 [INFO] app.api.routes_infra: PickNotify sent to 8130931547 | ticket_id=1142
2026-08-01 14:16:58,217 [INFO] app.api.routes_infra: WA[616a9884] -> sendMessage | target=919899847571 | len=123
2026-08-01 14:16:58,584 [INFO] app.api.routes_infra: WA[616a9884] <- status=200 | body={"success":true}
2026-08-01 14:16:58,584 [INFO] app.api.routes_infra: PickNotify sent to 9899847571 | ticket_id=1141
2026-08-01 15:19:22,552 [INFO] app.api.routes_infra: WA[ae6b5539] -> sendMessage | target=919871366002 | len=281
2026-08-01 15:19:23,022 [INFO] app.api.routes_infra: WA[ae6b5539] <- status=200 | body={"success":true}
2026-08-01 15:19:23,022 [INFO] app.api.routes_infra: ResolveNotify sent | ticket_id=1046 contact=9871366002
2026-08-01 16:31:05,232 [INFO] app.api.routes_infra: WA[963a899d] -> sendMessage | target=918448546358 | len=123
2026-08-01 16:31:05,591 [INFO] app.api.routes_infra: WA[963a899d] <- status=200 | body={"success":true}
2026-08-01 16:31:05,591 [INFO] app.api.routes_infra: PickNotify sent to 8448546358 | ticket_id=1080
2026-08-01 16:31:10,997 [INFO] app.api.routes_infra: WA[016e02ee] -> sendMessage | target=918448546358 | len=275
2026-08-01 16:31:11,370 [INFO] app.api.routes_infra: WA[016e02ee] <- status=200 | body={"success":true}
2026-08-01 16:31:11,371 [INFO] app.api.routes_infra: ResolveNotify sent | ticket_id=1080 contact=8448546358
2026-08-01 19:23:39,756 [INFO] app.api.routes_infra: WA[59970ba8] -> sendMessage | target=918130931547 | len=241
2026-08-01 19:23:40,314 [INFO] app.api.routes_infra: WA[59970ba8] <- status=200 | body={"success":true}
2026-08-01 19:23:40,315 [INFO] app.api.routes_infra: ResolveNotify sent | ticket_id=1142 contact=8130931547
2026-08-01 19:23:45,413 [INFO] app.api.routes_infra: WA[541c8ef2] -> sendMessage | target=919899847571 | len=260
2026-08-01 19:23:45,770 [INFO] app.api.routes_infra: WA[541c8ef2] <- status=200 | body={"success":true}
2026-08-01 19:23:45,770 [INFO] app.api.routes_infra: ResolveNotify sent | ticket_id=1141 contact=9899847571
2026-08-01 19:29:18,937 [INFO] app.api.routes_infra: InfraAlert trigger -> ticket_id=1144 created_by=Aashu kashyap dept=Technical category=Hardware
2026-08-01 19:29:18,938 [INFO] app.api.routes_infra: InfraAlert -> sending WA for ticket_id=1144 | msg_len=237
2026-08-01 19:29:18,939 [INFO] app.api.routes_infra: WA[abbe2e9d] -> sendMessage | target=120363141953100908@g.us | len=237
2026-08-01 19:29:18,996 [INFO] app.api.routes_infra: WA[abbe2e9d] <- status=200 | body={"success":true}
2026-08-01 19:29:18,996 [INFO] app.api.routes_infra: InfraAlert sent | status=200 | resp={"success":true}
2026-08-01 19:40:52,885 [INFO] app.api.routes_infra: InfraAlert trigger -> ticket_id=1145 created_by=ANKITA dept=Other category=Software
2026-08-01 19:40:52,886 [INFO] app.api.routes_infra: InfraAlert -> sending WA for ticket_id=1145 | msg_len=286
2026-08-01 19:40:52,886 [INFO] app.api.routes_infra: WA[fab246a9] -> sendMessage | target=120363141953100908@g.us | len=286
2026-08-01 19:41:00,043 [INFO] app.api.routes_infra: WA[fab246a9] <- status=200 | body={"success":true}
2026-08-01 19:41:00,044 [INFO] app.api.routes_infra: InfraAlert sent | status=200 | resp={"success":true}
2026-08-01 19:41:01,913 [INFO] app.api.routes_infra: WA[3e941ef5] -> sendMessage | target=918700004157 | len=117
2026-08-01 19:41:02,457 [INFO] app.api.routes_infra: WA[3e941ef5] <- status=200 | body={"success":true}
2026-08-01 19:41:02,457 [INFO] app.api.routes_infra: PickNotify sent to 8700004157 | ticket_id=1145
2026-08-01 19:41:07,830 [INFO] app.api.routes_infra: WA[f35c5971] -> sendMessage | target=918700004157 | len=288
2026-08-01 19:41:08,585 [INFO] app.api.routes_infra: WA[f35c5971] <- status=200 | body={"success":true}
2026-08-01 19:41:08,586 [INFO] app.api.routes_infra: ResolveNotify sent | ticket_id=1145 contact=8700004157
2026-08-01 19:44:17,985 [INFO] app.api.routes_infra: WA[a9dbc9d4] -> sendMessage | target=916203999124 | len=123
2026-08-01 19:44:18,301 [INFO] app.api.routes_infra: WA[a9dbc9d4] <- status=200 | body={"success":true}
2026-08-01 19:44:18,301 [INFO] app.api.routes_infra: PickNotify sent to 6203999124 | ticket_id=1144
2026-08-01 19:44:20,139 [INFO] app.api.routes_infra: WA[206760f3] -> sendMessage | target=916203999124 | len=234
2026-08-01 19:44:20,520 [INFO] app.api.routes_infra: WA[206760f3] <- status=200 | body={"success":true}
2026-08-01 19:44:20,521 [INFO] app.api.routes_infra: ResolveNotify sent | ticket_id=1144 contact=6203999124
2026-08-02 11:31:08,928 [INFO] app.api.routes_infra: InfraAlert trigger -> ticket_id=1146 created_by=Sanjeet Kumar dept=Customer Care category=Software
2026-08-02 11:31:08,928 [INFO] app.api.routes_infra: InfraAlert -> sending WA for ticket_id=1146 | msg_len=354
2026-08-02 11:31:08,928 [INFO] app.api.routes_infra: WA[7bafdab8] -> sendMessage | target=120363141953100908@g.us | len=354
2026-08-02 11:31:09,044 [INFO] app.api.routes_infra: WA[7bafdab8] <- status=200 | body={"success":true}
2026-08-02 11:31:09,044 [INFO] app.api.routes_infra: InfraAlert sent | status=200 | resp={"success":true}
2026-08-02 12:55:45,635 [INFO] app.api.routes_infra: InfraAlert trigger -> ticket_id=1147 created_by=Shabnam khan dept=Technical category=Office Infra
2026-08-02 12:55:45,636 [INFO] app.api.routes_infra: InfraAlert -> sending WA for ticket_id=1147 | msg_len=259
2026-08-02 12:55:45,636 [INFO] app.api.routes_infra: WA[418403d4] -> sendMessage | target=120363141953100908@g.us | len=259
2026-08-02 12:55:45,747 [INFO] app.api.routes_infra: WA[418403d4] <- status=200 | body={"success":true}
2026-08-02 12:55:45,747 [INFO] app.api.routes_infra: InfraAlert sent | status=200 | resp={"success":true}
2026-08-02 13:04:22,177 [INFO] app.api.routes_infra: WA[2dc3d76c] -> sendMessage | target=917982256085 | len=126
2026-08-02 13:04:22,552 [INFO] app.api.routes_infra: WA[2dc3d76c] <- status=200 | body={"success":true}
2026-08-02 13:04:22,553 [INFO] app.api.routes_infra: PickNotify sent to 7982256085 | ticket_id=1146
2026-08-02 13:05:29,177 [INFO] app.api.routes_infra: WA[90e41de8] -> sendMessage | target=917982256085 | len=350
2026-08-02 13:05:29,523 [INFO] app.api.routes_infra: WA[90e41de8] <- status=200 | body={"success":true}
2026-08-02 13:05:29,524 [INFO] app.api.routes_infra: ResolveNotify sent | ticket_id=1146 contact=7982256085
2026-08-02 13:53:33,601 [INFO] app.api.routes_infra: InfraAlert trigger -> ticket_id=1148 created_by=Sanjeet Kumar dept=Customer Care category=Software
2026-08-02 13:53:33,602 [INFO] app.api.routes_infra: InfraAlert -> sending WA for ticket_id=1148 | msg_len=334
2026-08-02 13:53:33,602 [INFO] app.api.routes_infra: WA[3571aecf] -> sendMessage | target=120363141953100908@g.us | len=334
2026-08-02 13:53:33,736 [INFO] app.api.routes_infra: WA[3571aecf] <- status=200 | body={"success":true}
2026-08-02 13:53:33,737 [INFO] app.api.routes_infra: InfraAlert sent | status=200 | resp={"success":true}
2026-08-03 10:36:04,749 [INFO] app.api.routes_infra: InfraAlert trigger -> ticket_id=1149 created_by=Gulrez Sultan dept=Other category=Office Infra
2026-08-03 10:36:04,750 [INFO] app.api.routes_infra: InfraAlert -> sending WA for ticket_id=1149 | msg_len=273
2026-08-03 10:36:04,750 [INFO] app.api.routes_infra: WA[8175f4f4] -> sendMessage | target=120363141953100908@g.us | len=273
2026-08-03 10:36:04,812 [INFO] app.api.routes_infra: WA[8175f4f4] <- status=200 | body={"success":true}
2026-08-03 10:36:04,812 [INFO] app.api.routes_infra: InfraAlert sent | status=200 | resp={"success":true}
2026-08-03 10:47:57,046 [INFO] app.api.routes_infra: InfraAlert trigger -> ticket_id=1150 created_by=Harshit dept=Technical category=Hardware
2026-08-03 10:47:57,046 [INFO] app.api.routes_infra: InfraAlert -> sending WA for ticket_id=1150 | msg_len=260
2026-08-03 10:47:57,047 [INFO] app.api.routes_infra: WA[77191d12] -> sendMessage | target=120363141953100908@g.us | len=260
2026-08-03 10:47:57,095 [INFO] app.api.routes_infra: WA[77191d12] <- status=200 | body={"success":true}
2026-08-03 10:47:57,095 [INFO] app.api.routes_infra: InfraAlert sent | status=200 | resp={"success":true}
2026-08-03 11:18:49,649 [INFO] app.api.routes_infra: WA[7377b4a6] -> sendMessage | target=919310305734 | len=123
2026-08-03 11:18:49,967 [INFO] app.api.routes_infra: WA[7377b4a6] <- status=200 | body={"success":true}
2026-08-03 11:18:49,967 [INFO] app.api.routes_infra: PickNotify sent to 9310305734 | ticket_id=1150
2026-08-03 11:35:48,555 [INFO] app.api.routes_infra: InfraAlert trigger -> ticket_id=1151 created_by=Shalini rawat dept=Technical category=Software
2026-08-03 11:35:48,555 [INFO] app.api.routes_infra: InfraAlert -> sending WA for ticket_id=1151 | msg_len=275
2026-08-03 11:35:48,556 [INFO] app.api.routes_infra: WA[a3e2f4f3] -> sendMessage | target=120363141953100908@g.us | len=275
2026-08-03 11:35:48,610 [INFO] app.api.routes_infra: WA[a3e2f4f3] <- status=200 | body={"success":true}
2026-08-03 11:35:48,611 [INFO] app.api.routes_infra: InfraAlert sent | status=200 | resp={"success":true}
2026-08-03 11:42:10,349 [INFO] app.api.routes_infra: WA[cfd0083b] -> sendMessage | target=919818393041 | len=123
2026-08-03 11:42:10,684 [INFO] app.api.routes_infra: WA[cfd0083b] <- status=200 | body={"success":true}
2026-08-03 11:42:10,685 [INFO] app.api.routes_infra: PickNotify sent to 9818393041 | ticket_id=1147
2026-08-03 11:44:09,804 [INFO] app.api.routes_infra: WA[7b9aae5c] -> sendMessage | target=919818247844 | len=123
2026-08-03 11:44:10,243 [INFO] app.api.routes_infra: WA[7b9aae5c] <- status=200 | body={"success":true}
2026-08-03 11:44:10,244 [INFO] app.api.routes_infra: PickNotify sent to 9818247844 | ticket_id=1149
2026-08-03 11:44:22,656 [INFO] app.api.routes_infra: WA[be453fa5] -> sendMessage | target=919650692437 | len=126
2026-08-03 11:44:23,247 [INFO] app.api.routes_infra: WA[be453fa5] <- status=200 | body={"success":true}
2026-08-03 11:44:23,247 [INFO] app.api.routes_infra: PickNotify sent to 9650692437 | ticket_id=1151
2026-08-03 11:44:30,927 [INFO] app.api.routes_infra: WA[895a6f2d] -> sendMessage | target=919650692437 | len=275
2026-08-03 11:44:31,331 [INFO] app.api.routes_infra: WA[895a6f2d] <- status=200 | body={"success":true}
2026-08-03 11:44:31,331 [INFO] app.api.routes_infra: ResolveNotify sent | ticket_id=1151 contact=9650692437
2026-08-03 11:58:07,468 [INFO] app.api.routes_infra: WA[29a13c5b] -> sendMessage | target=917982256085 | len=122
2026-08-03 11:58:08,029 [INFO] app.api.routes_infra: WA[29a13c5b] <- status=200 | body={"success":true}
2026-08-03 11:58:08,030 [INFO] app.api.routes_infra: PickNotify sent to 7982256085 | ticket_id=1148
2026-08-03 12:24:55,504 [INFO] app.api.routes_infra: WA[3bfb8ef2] -> sendMessage | target=917982256085 | len=313
2026-08-03 12:24:55,866 [INFO] app.api.routes_infra: WA[3bfb8ef2] <- status=200 | body={"success":true}
2026-08-03 12:24:55,866 [INFO] app.api.routes_infra: ResolveNotify sent | ticket_id=1148 contact=7982256085
2026-08-03 12:36:39,935 [INFO] app.api.routes_infra: WA[2c25aac2] -> sendMessage | target=919818247844 | len=262
2026-08-03 12:36:40,286 [INFO] app.api.routes_infra: WA[2c25aac2] <- status=200 | body={"success":true}
2026-08-03 12:36:40,286 [INFO] app.api.routes_infra: ResolveNotify sent | ticket_id=1149 contact=9818247844
2026-08-03 14:09:33,337 [INFO] app.api.routes_infra: InfraAlert trigger -> ticket_id=1152 created_by=Divya bisht dept=Technical category=Hardware
2026-08-03 14:09:33,338 [INFO] app.api.routes_infra: InfraAlert -> sending WA for ticket_id=1152 | msg_len=250
2026-08-03 14:09:33,338 [INFO] app.api.routes_infra: WA[b36cf61c] -> sendMessage | target=120363141953100908@g.us | len=250
2026-08-03 14:09:33,623 [INFO] app.api.routes_infra: WA[b36cf61c] <- status=200 | body={"success":true}
2026-08-03 14:09:33,623 [INFO] app.api.routes_infra: InfraAlert sent | status=200 | resp={"success":true}
2026-08-03 16:25:42,565 [INFO] app.api.routes_infra: WA[f57732dc] -> sendMessage | target=919258180594 | len=123
2026-08-03 16:25:42,983 [INFO] app.api.routes_infra: WA[f57732dc] <- status=200 | body={"success":true}
2026-08-03 16:25:42,984 [INFO] app.api.routes_infra: PickNotify sent to 9258180594 | ticket_id=1152
2026-08-03 16:25:46,424 [INFO] app.api.routes_infra: WA[e6e7f894] -> sendMessage | target=919258180594 | len=236
2026-08-03 16:25:46,744 [INFO] app.api.routes_infra: WA[e6e7f894] <- status=200 | body={"success":true}
2026-08-03 16:25:46,745 [INFO] app.api.routes_infra: ResolveNotify sent | ticket_id=1152 contact=9258180594
2026-08-03 16:29:26,535 [INFO] app.api.routes_infra: InfraAlert trigger -> ticket_id=1153 created_by=Shalini rawat dept=Technical category=Software
2026-08-03 16:29:26,535 [INFO] app.api.routes_infra: InfraAlert -> sending WA for ticket_id=1153 | msg_len=315
2026-08-03 16:29:26,536 [INFO] app.api.routes_infra: WA[0c815bf9] -> sendMessage | target=120363141953100908@g.us | len=315
2026-08-03 16:29:26,591 [INFO] app.api.routes_infra: WA[0c815bf9] <- status=200 | body={"success":true}
2026-08-03 16:29:26,592 [INFO] app.api.routes_infra: InfraAlert sent | status=200 | resp={"success":true}
2026-08-03 16:53:56,638 [INFO] app.api.routes_infra: WA[2e2264cf] -> sendMessage | target=919650692437 | len=126
2026-08-03 16:53:57,014 [INFO] app.api.routes_infra: WA[2e2264cf] <- status=200 | body={"success":true}
2026-08-03 16:53:57,015 [INFO] app.api.routes_infra: PickNotify sent to 9650692437 | ticket_id=1153
2026-08-03 16:54:00,626 [INFO] app.api.routes_infra: WA[c1dfbb33] -> sendMessage | target=919650692437 | len=315
2026-08-03 16:54:00,984 [INFO] app.api.routes_infra: WA[c1dfbb33] <- status=200 | body={"success":true}
2026-08-03 16:54:00,984 [INFO] app.api.routes_infra: ResolveNotify sent | ticket_id=1153 contact=9650692437
2026-08-03 18:10:35,110 [INFO] app.api.routes_infra: InfraAlert trigger -> ticket_id=1154 created_by=Aman Shukla dept=Field category=Other
2026-08-03 18:10:35,111 [INFO] app.api.routes_infra: InfraAlert -> sending WA for ticket_id=1154 | msg_len=312
2026-08-03 18:10:35,112 [INFO] app.api.routes_infra: WA[b3cb2dad] -> sendMessage | target=120363141953100908@g.us | len=312
2026-08-03 18:10:35,188 [INFO] app.api.routes_infra: WA[b3cb2dad] <- status=200 | body={"success":true}
2026-08-03 18:10:35,188 [INFO] app.api.routes_infra: InfraAlert sent | status=200 | resp={"success":true}
2026-08-04 10:37:34,764 [INFO] app.api.routes_infra: WA[5a7be76f] -> sendMessage | target=916203999124 | len=245
2026-08-04 10:37:35,065 [INFO] app.api.routes_infra: WA[5a7be76f] <- status=200 | body={"success":true}
2026-08-04 10:37:35,066 [INFO] app.api.routes_infra: ResolveNotify sent | ticket_id=1139 contact=6203999124
2026-08-04 10:37:45,084 [INFO] app.api.routes_infra: WA[20867a5d] -> sendMessage | target=919958547534 | len=225
2026-08-04 10:37:45,411 [INFO] app.api.routes_infra: WA[20867a5d] <- status=200 | body={"success":true}
2026-08-04 10:37:45,411 [INFO] app.api.routes_infra: ResolveNotify sent | ticket_id=1120 contact=9958547534
2026-08-04 10:38:03,290 [INFO] app.api.routes_infra: WA[cb0832bd] -> sendMessage | target=919958547534 | len=123
2026-08-04 10:38:03,667 [INFO] app.api.routes_infra: WA[cb0832bd] <- status=200 | body={"success":true}
2026-08-04 10:38:03,668 [INFO] app.api.routes_infra: PickNotify sent to 9958547534 | ticket_id=1071
2026-08-04 10:38:13,657 [INFO] app.api.routes_infra: WA[c0c94711] -> sendMessage | target=918178408980 | len=123
2026-08-04 10:38:14,000 [INFO] app.api.routes_infra: WA[c0c94711] <- status=200 | body={"success":true}
2026-08-04 10:38:14,001 [INFO] app.api.routes_infra: PickNotify sent to 8178408980 | ticket_id=1154
2026-08-04 11:02:40,183 [INFO] app.api.routes_infra: InfraAlert trigger -> ticket_id=1155 created_by=Shalini rawat dept=Technical category=Hardware
2026-08-04 11:02:40,183 [INFO] app.api.routes_infra: InfraAlert -> sending WA for ticket_id=1155 | msg_len=246
2026-08-04 11:02:40,184 [INFO] app.api.routes_infra: WA[c3396e38] -> sendMessage | target=120363141953100908@g.us | len=246
2026-08-04 11:02:40,348 [INFO] app.api.routes_infra: WA[c3396e38] <- status=200 | body={"success":true}
2026-08-04 11:02:40,348 [INFO] app.api.routes_infra: InfraAlert sent | status=200 | resp={"success":true}
2026-08-04 12:04:59,546 [INFO] app.api.routes_infra: InfraAlert trigger -> ticket_id=1156 created_by=Sejal Rai dept=Customer Care category=Hardware
2026-08-04 12:04:59,548 [INFO] app.api.routes_infra: InfraAlert -> sending WA for ticket_id=1156 | msg_len=281
2026-08-04 12:04:59,548 [INFO] app.api.routes_infra: WA[99336833] -> sendMessage | target=120363141953100908@g.us | len=281
2026-08-04 12:04:59,603 [INFO] app.api.routes_infra: WA[99336833] <- status=200 | body={"success":true}
2026-08-04 12:04:59,603 [INFO] app.api.routes_infra: InfraAlert sent | status=200 | resp={"success":true}
2026-08-04 12:12:52,223 [INFO] app.api.routes_infra: WA[ee9a0a90] -> sendMessage | target=918368207989 | len=123
2026-08-04 12:12:52,700 [INFO] app.api.routes_infra: WA[ee9a0a90] <- status=200 | body={"success":true}
2026-08-04 12:12:52,701 [INFO] app.api.routes_infra: PickNotify sent to 8368207989 | ticket_id=1156
2026-08-04 12:14:11,753 [INFO] app.api.routes_infra: WA[695bf696] -> sendMessage | target=918368207989 | len=266
2026-08-04 12:14:12,154 [INFO] app.api.routes_infra: WA[695bf696] <- status=200 | body={"success":true}
2026-08-04 12:14:12,154 [INFO] app.api.routes_infra: ResolveNotify sent | ticket_id=1156 contact=8368207989
2026-08-04 12:47:42,108 [INFO] app.api.routes_infra: WA[34c026de] -> sendMessage | target=919650692437 | len=123
2026-08-04 12:47:42,449 [INFO] app.api.routes_infra: WA[34c026de] <- status=200 | body={"success":true}
2026-08-04 12:47:42,449 [INFO] app.api.routes_infra: PickNotify sent to 9650692437 | ticket_id=1155
2026-08-04 12:47:44,986 [INFO] app.api.routes_infra: WA[12cadbbb] -> sendMessage | target=919650692437 | len=243
2026-08-04 12:47:45,328 [INFO] app.api.routes_infra: WA[12cadbbb] <- status=200 | body={"success":true}
2026-08-04 12:47:45,328 [INFO] app.api.routes_infra: ResolveNotify sent | ticket_id=1155 contact=9650692437
2026-08-04 13:24:35,552 [INFO] app.api.routes_infra: InfraAlert trigger -> ticket_id=1157 created_by=SALEEM JAVED dept=Other category=Hardware
2026-08-04 13:24:35,552 [INFO] app.api.routes_infra: InfraAlert -> sending WA for ticket_id=1157 | msg_len=322
2026-08-04 13:24:35,553 [INFO] app.api.routes_infra: WA[9cbd89bc] -> sendMessage | target=120363141953100908@g.us | len=322
2026-08-04 13:24:35,617 [INFO] app.api.routes_infra: WA[9cbd89bc] <- status=200 | body={"success":true}
2026-08-04 13:24:35,617 [INFO] app.api.routes_infra: InfraAlert sent | status=200 | resp={"success":true}
2026-08-04 13:57:11,947 [INFO] app.api.routes_infra: InfraAlert trigger -> ticket_id=1158 created_by=ANKITA dept=Other category=Software
2026-08-04 13:57:11,947 [INFO] app.api.routes_infra: InfraAlert -> sending WA for ticket_id=1158 | msg_len=317
2026-08-04 13:57:11,948 [INFO] app.api.routes_infra: WA[24c12069] -> sendMessage | target=120363141953100908@g.us | len=317
2026-08-04 13:57:12,007 [INFO] app.api.routes_infra: WA[24c12069] <- status=200 | body={"success":true}
2026-08-04 13:57:12,008 [INFO] app.api.routes_infra: InfraAlert sent | status=200 | resp={"success":true}
2026-08-04 13:57:22,533 [INFO] app.api.routes_infra: WA[ee27e700] -> sendMessage | target=918700004157 | len=117
2026-08-04 13:57:22,904 [INFO] app.api.routes_infra: WA[ee27e700] <- status=200 | body={"success":true}
2026-08-04 13:57:22,905 [INFO] app.api.routes_infra: PickNotify sent to 8700004157 | ticket_id=1158
2026-08-04 13:57:26,461 [INFO] app.api.routes_infra: WA[acf822e6] -> sendMessage | target=918700004157 | len=319
2026-08-04 13:57:26,964 [INFO] app.api.routes_infra: WA[acf822e6] <- status=200 | body={"success":true}
2026-08-04 13:57:26,964 [INFO] app.api.routes_infra: ResolveNotify sent | ticket_id=1158 contact=8700004157
2026-08-04 20:48:32,074 [INFO] app.api.routes_infra: InfraAlert trigger -> ticket_id=1159 created_by=Shahana Parveen dept=Marketing category=Software
2026-08-04 20:48:32,074 [INFO] app.api.routes_infra: InfraAlert -> sending WA for ticket_id=1159 | msg_len=632
2026-08-04 20:48:32,074 [INFO] app.api.routes_infra: WA[eeaec057] -> sendMessage | target=120363141953100908@g.us | len=632
2026-08-04 20:48:32,203 [INFO] app.api.routes_infra: WA[eeaec057] <- status=200 | body={"success":true}
2026-08-04 20:48:32,203 [INFO] app.api.routes_infra: InfraAlert sent | status=200 | resp={"success":true}
2026-08-05 08:57:01,403 [INFO] app.api.routes_infra: InfraAlert trigger -> ticket_id=1160 created_by=SONA dept=Customer Care category=Software
2026-08-05 08:57:01,404 [INFO] app.api.routes_infra: InfraAlert -> sending WA for ticket_id=1160 | msg_len=311
2026-08-05 08:57:01,404 [INFO] app.api.routes_infra: WA[afcf7fdd] -> sendMessage | target=120363141953100908@g.us | len=311
2026-08-05 08:57:01,462 [INFO] app.api.routes_infra: WA[afcf7fdd] <- status=200 | body={"success":true}
2026-08-05 08:57:01,462 [INFO] app.api.routes_infra: InfraAlert sent | status=200 | resp={"success":true}
2026-08-05 11:05:49,669 [INFO] app.api.routes_infra: WA[b16f6f8d] -> sendMessage | target=919582878288 | len=225
2026-08-05 11:05:49,982 [INFO] app.api.routes_infra: WA[b16f6f8d] <- status=200 | body={"success":true}
2026-08-05 11:05:49,983 [INFO] app.api.routes_infra: ResolveNotify sent | ticket_id=1115 contact=9582878288
2026-08-05 11:06:21,394 [INFO] app.api.routes_infra: WA[e8612f97] -> sendMessage | target=918178408980 | len=302
2026-08-05 11:06:21,901 [INFO] app.api.routes_infra: WA[e8612f97] <- status=200 | body={"success":true}
2026-08-05 11:06:21,901 [INFO] app.api.routes_infra: ResolveNotify sent | ticket_id=1154 contact=8178408980
2026-08-05 11:06:26,336 [INFO] app.api.routes_infra: WA[3fab434a] -> sendMessage | target=918368207989 | len=216
2026-08-05 11:06:27,083 [INFO] app.api.routes_infra: WA[3fab434a] <- status=200 | body={"success":true}
2026-08-05 11:06:27,083 [INFO] app.api.routes_infra: ResolveNotify sent | ticket_id=1122 contact=8368207989
2026-08-05 11:32:20,491 [INFO] app.api.routes_infra: Infra auto hiccup generated | ticket_id=1157 hiccups=HCP-26-1509, HCP-26-1510
2026-08-05 11:36:49,835 [INFO] app.api.routes_infra: WA[5fa0a46f] -> sendMessage | target=919654441851 | len=123
2026-08-05 11:36:50,156 [INFO] app.api.routes_infra: WA[5fa0a46f] <- status=200 | body={"success":true}
2026-08-05 11:36:50,156 [INFO] app.api.routes_infra: PickNotify sent to 9654441851 | ticket_id=1157
2026-08-05 11:51:39,560 [INFO] app.api.routes_infra: InfraAlert trigger -> ticket_id=1161 created_by=jyoti dept=Customer Care category=Software
2026-08-05 11:51:39,561 [INFO] app.api.routes_infra: InfraAlert -> sending WA for ticket_id=1161 | msg_len=273
2026-08-05 11:51:39,562 [INFO] app.api.routes_infra: WA[06bd75f3] -> sendMessage | target=120363141953100908@g.us | len=273
2026-08-05 11:51:39,985 [INFO] app.api.routes_infra: WA[06bd75f3] <- status=200 | body={"success":true}
2026-08-05 11:51:39,986 [INFO] app.api.routes_infra: InfraAlert sent | status=200 | resp={"success":true}
2026-08-05 12:07:07,060 [INFO] app.api.routes_infra: InfraAlert trigger -> ticket_id=1162 created_by=Ritu Mahalwal dept=Customer Care category=Software
2026-08-05 12:07:07,061 [INFO] app.api.routes_infra: InfraAlert -> sending WA for ticket_id=1162 | msg_len=304
2026-08-05 12:07:07,061 [INFO] app.api.routes_infra: WA[e1283414] -> sendMessage | target=120363141953100908@g.us | len=304
2026-08-05 12:07:07,113 [INFO] app.api.routes_infra: WA[e1283414] <- status=200 | body={"success":true}
2026-08-05 12:07:07,113 [INFO] app.api.routes_infra: InfraAlert sent | status=200 | resp={"success":true}
2026-08-05 12:14:58,268 [INFO] app.api.routes_infra: InfraAlert trigger -> ticket_id=1163 created_by=Ritu Mahalwal dept=Customer Care category=Software
2026-08-05 12:14:58,268 [INFO] app.api.routes_infra: InfraAlert -> sending WA for ticket_id=1163 | msg_len=307
2026-08-05 12:14:58,269 [INFO] app.api.routes_infra: WA[b00e20af] -> sendMessage | target=120363141953100908@g.us | len=307
2026-08-05 12:14:58,434 [INFO] app.api.routes_infra: WA[b00e20af] <- status=200 | body={"success":true}
2026-08-05 12:14:58,435 [INFO] app.api.routes_infra: InfraAlert sent | status=200 | resp={"success":true}
2026-08-05 12:29:26,878 [INFO] app.api.routes_infra: WA[7adc458c] -> sendMessage | target=919871366002 | len=122
2026-08-05 12:29:27,210 [INFO] app.api.routes_infra: WA[7adc458c] <- status=200 | body={"success":true}
2026-08-05 12:29:27,210 [INFO] app.api.routes_infra: PickNotify sent to 9871366002 | ticket_id=1162
2026-08-05 12:29:29,519 [INFO] app.api.routes_infra: WA[f67c8457] -> sendMessage | target=919871366002 | len=283
2026-08-05 12:29:29,825 [INFO] app.api.routes_infra: WA[f67c8457] <- status=200 | body={"success":true}
2026-08-05 12:29:29,825 [INFO] app.api.routes_infra: ResolveNotify sent | ticket_id=1162 contact=9871366002
2026-08-05 12:29:39,847 [INFO] app.api.routes_infra: WA[2a2eef39] -> sendMessage | target=919871366002 | len=126
2026-08-05 12:29:40,158 [INFO] app.api.routes_infra: WA[2a2eef39] <- status=200 | body={"success":true}
2026-08-05 12:29:40,158 [INFO] app.api.routes_infra: PickNotify sent to 9871366002 | ticket_id=1163
2026-08-05 12:30:18,213 [INFO] app.api.routes_infra: WA[5107e045] -> sendMessage | target=918076741165 | len=122
2026-08-05 12:30:18,563 [INFO] app.api.routes_infra: WA[5107e045] <- status=200 | body={"success":true}
2026-08-05 12:30:18,564 [INFO] app.api.routes_infra: PickNotify sent to 8076741165 | ticket_id=1160
2026-08-05 12:34:31,718 [INFO] app.api.routes_infra: InfraAlert trigger -> ticket_id=1164 created_by=Sejal Rai dept=Customer Care category=Hardware
2026-08-05 12:34:31,719 [INFO] app.api.routes_infra: InfraAlert -> sending WA for ticket_id=1164 | msg_len=246
2026-08-05 12:34:31,720 [INFO] app.api.routes_infra: WA[87bce21f] -> sendMessage | target=120363141953100908@g.us | len=246
2026-08-05 12:34:31,772 [INFO] app.api.routes_infra: WA[87bce21f] <- status=200 | body={"success":true}
2026-08-05 12:34:31,772 [INFO] app.api.routes_infra: InfraAlert sent | status=200 | resp={"success":true}
2026-08-05 12:44:40,002 [INFO] app.api.routes_infra: WA[e552a0b3] -> sendMessage | target=918076741165 | len=312
2026-08-05 12:44:40,345 [INFO] app.api.routes_infra: WA[e552a0b3] <- status=200 | body={"success":true}
2026-08-05 12:44:40,345 [INFO] app.api.routes_infra: ResolveNotify sent | ticket_id=1160 contact=8076741165
2026-08-05 12:45:04,938 [INFO] app.api.routes_infra: WA[dc453b6a] -> sendMessage | target=919870554746 | len=122
2026-08-05 12:45:05,999 [INFO] app.api.routes_infra: WA[dc453b6a] <- status=200 | body={"success":true}
2026-08-05 12:45:05,999 [INFO] app.api.routes_infra: PickNotify sent to 9870554746 | ticket_id=1161
2026-08-05 15:02:20,512 [INFO] app.api.routes_infra: Infra auto hiccup generated | ticket_id=1159 hiccups=HCP-26-1547, HCP-26-1548, HCP-26-1549
2026-08-05 15:03:47,096 [INFO] app.api.routes_infra: WA[76f40c4b] -> sendMessage | target=918448546358 | len=126
2026-08-05 15:03:47,555 [INFO] app.api.routes_infra: WA[76f40c4b] <- status=200 | body={"success":true}
2026-08-05 15:03:47,555 [INFO] app.api.routes_infra: PickNotify sent to 8448546358 | ticket_id=1159
2026-08-05 15:10:08,564 [INFO] app.api.routes_infra: WA[d100fc1b] -> sendMessage | target=918448546358 | len=630
2026-08-05 15:10:08,942 [INFO] app.api.routes_infra: WA[d100fc1b] <- status=200 | body={"success":true}
2026-08-05 15:10:08,942 [INFO] app.api.routes_infra: ResolveNotify sent | ticket_id=1159 contact=8448546358
2026-08-05 15:44:32,801 [INFO] app.api.routes_infra: InfraAlert trigger -> ticket_id=1165 created_by=Aashu kashyap dept=Technical category=Hardware
2026-08-05 15:44:32,802 [INFO] app.api.routes_infra: InfraAlert -> sending WA for ticket_id=1165 | msg_len=237
2026-08-05 15:44:32,802 [INFO] app.api.routes_infra: WA[fd8d3152] -> sendMessage | target=120363141953100908@g.us | len=237
2026-08-05 15:44:32,859 [INFO] app.api.routes_infra: WA[fd8d3152] <- status=200 | body={"success":true}
2026-08-05 15:44:32,860 [INFO] app.api.routes_infra: InfraAlert sent | status=200 | resp={"success":true}
2026-08-05 15:55:21,988 [INFO] app.api.routes_infra: WA[ff66c48e] -> sendMessage | target=916203999124 | len=123
2026-08-05 15:55:22,431 [INFO] app.api.routes_infra: WA[ff66c48e] <- status=200 | body={"success":true}
2026-08-05 15:55:22,431 [INFO] app.api.routes_infra: PickNotify sent to 6203999124 | ticket_id=1165
2026-08-05 15:55:26,449 [INFO] app.api.routes_infra: WA[3663c4e6] -> sendMessage | target=916203999124 | len=234
2026-08-05 15:55:26,945 [INFO] app.api.routes_infra: WA[3663c4e6] <- status=200 | body={"success":true}
2026-08-05 15:55:26,945 [INFO] app.api.routes_infra: ResolveNotify sent | ticket_id=1165 contact=6203999124
2026-08-05 15:55:29,796 [INFO] app.api.routes_infra: WA[65f9d54a] -> sendMessage | target=916203999124 | len=234
2026-08-05 15:55:30,188 [INFO] app.api.routes_infra: WA[65f9d54a] <- status=200 | body={"success":true}
2026-08-05 15:55:30,189 [INFO] app.api.routes_infra: ResolveNotify sent | ticket_id=1165 contact=6203999124
2026-08-05 15:55:34,011 [INFO] app.api.routes_infra: WA[bc33b54e] -> sendMessage | target=918368207989 | len=123
2026-08-05 15:55:34,406 [INFO] app.api.routes_infra: WA[bc33b54e] <- status=200 | body={"success":true}
2026-08-05 15:55:34,407 [INFO] app.api.routes_infra: PickNotify sent to 8368207989 | ticket_id=1164
2026-08-05 15:55:38,535 [INFO] app.api.routes_infra: WA[b3adb0c4] -> sendMessage | target=918368207989 | len=123
2026-08-05 15:55:38,930 [INFO] app.api.routes_infra: WA[b3adb0c4] <- status=200 | body={"success":true}
2026-08-05 15:55:38,930 [INFO] app.api.routes_infra: PickNotify sent to 8368207989 | ticket_id=1164
2026-08-05 15:55:42,634 [INFO] app.api.routes_infra: WA[d30d1a8d] -> sendMessage | target=918368207989 | len=243
2026-08-05 15:55:43,105 [INFO] app.api.routes_infra: WA[d30d1a8d] <- status=200 | body={"success":true}
2026-08-05 15:55:43,107 [INFO] app.api.routes_infra: ResolveNotify sent | ticket_id=1164 contact=8368207989
2026-08-05 15:55:43,116 [INFO] app.api.routes_infra: WA[3bb10309] -> sendMessage | target=918368207989 | len=243
2026-08-05 15:55:43,540 [INFO] app.api.routes_infra: WA[3bb10309] <- status=200 | body={"success":true}
2026-08-05 15:55:43,540 [INFO] app.api.routes_infra: ResolveNotify sent | ticket_id=1164 contact=8368207989
2026-08-05 19:51:24,329 [INFO] app.api.routes_infra: WA[6e9a9e78] -> sendMessage | target=919289128660 | len=231
2026-08-05 19:51:24,770 [INFO] app.api.routes_infra: WA[6e9a9e78] <- status=200 | body={"success":true}
2026-08-05 19:51:24,770 [INFO] app.api.routes_infra: ResolveNotify sent | ticket_id=1124 contact=9289128660
2026-08-06 08:07:53,072 [INFO] app.api.routes_infra: InfraAlert trigger -> ticket_id=1166 created_by=Prerna Sharma dept=Technical category=Hardware
2026-08-06 08:07:53,072 [INFO] app.api.routes_infra: InfraAlert -> sending WA for ticket_id=1166 | msg_len=268
2026-08-06 08:07:53,073 [INFO] app.api.routes_infra: WA[f1c17561] -> sendMessage | target=120363141953100908@g.us | len=268
2026-08-06 08:07:53,124 [INFO] app.api.routes_infra: WA[f1c17561] <- status=200 | body={"success":true}
2026-08-06 08:07:53,124 [INFO] app.api.routes_infra: InfraAlert sent | status=200 | resp={"success":true}
2026-08-06 08:09:30,304 [INFO] app.api.routes_infra: InfraAlert trigger -> ticket_id=1167 created_by=Sejal Rai dept=Customer Care category=Software
2026-08-06 08:09:30,305 [INFO] app.api.routes_infra: InfraAlert -> sending WA for ticket_id=1167 | msg_len=234
2026-08-06 08:09:30,305 [INFO] app.api.routes_infra: WA[0458d47e] -> sendMessage | target=120363141953100908@g.us | len=234
2026-08-06 08:09:30,356 [INFO] app.api.routes_infra: WA[0458d47e] <- status=200 | body={"success":true}
2026-08-06 08:09:30,356 [INFO] app.api.routes_infra: InfraAlert sent | status=200 | resp={"success":true}
2026-08-06 10:44:55,802 [INFO] app.api.routes_infra: InfraAlert trigger -> ticket_id=1168 created_by=Nazia dept=Technical category=Hardware
2026-08-06 10:44:55,803 [INFO] app.api.routes_infra: InfraAlert -> sending WA for ticket_id=1168 | msg_len=254
2026-08-06 10:44:55,803 [INFO] app.api.routes_infra: WA[92681793] -> sendMessage | target=120363141953100908@g.us | len=254
2026-08-06 10:44:55,868 [INFO] app.api.routes_infra: WA[92681793] <- status=200 | body={"success":true}
2026-08-06 10:44:55,869 [INFO] app.api.routes_infra: InfraAlert sent | status=200 | resp={"success":true}
2026-08-06 11:02:20,481 [INFO] app.api.routes_infra: Infra resolution SLA hiccup generated | ticket_id=1033 hiccup=HCP-26-1551
2026-08-06 11:40:57,335 [INFO] app.api.routes_infra: WA[dee2d87b] -> sendMessage | target=919711237334 | len=123
2026-08-06 11:40:57,781 [INFO] app.api.routes_infra: WA[dee2d87b] <- status=200 | body={"success":true}
2026-08-06 11:40:57,782 [INFO] app.api.routes_infra: PickNotify sent to 9711237334 | ticket_id=1168
2026-08-06 11:55:56,735 [INFO] app.api.routes_infra: WA[9c5b4036] -> sendMessage | target=919711237334 | len=246
2026-08-06 11:55:57,395 [INFO] app.api.routes_infra: WA[9c5b4036] <- status=200 | body={"success":true}
2026-08-06 11:55:57,396 [INFO] app.api.routes_infra: ResolveNotify sent | ticket_id=1168 contact=9711237334
2026-08-06 12:17:58,965 [INFO] app.api.routes_infra: WA[29d533d2] -> sendMessage | target=918368207989 | len=122
2026-08-06 12:17:59,551 [INFO] app.api.routes_infra: WA[29d533d2] <- status=200 | body={"success":true}
2026-08-06 12:17:59,551 [INFO] app.api.routes_infra: PickNotify sent to 8368207989 | ticket_id=1167
2026-08-06 12:18:01,586 [INFO] app.api.routes_infra: WA[655ffc9c] -> sendMessage | target=919910773271 | len=122
2026-08-06 12:18:02,212 [INFO] app.api.routes_infra: WA[655ffc9c] <- status=200 | body={"success":true}
2026-08-06 12:18:02,212 [INFO] app.api.routes_infra: PickNotify sent to 9910773271 | ticket_id=1166
2026-08-06 12:18:10,779 [INFO] app.api.routes_infra: WA[d54cdd0f] -> sendMessage | target=918368207989 | len=230
2026-08-06 12:18:11,098 [INFO] app.api.routes_infra: WA[d54cdd0f] <- status=200 | body={"success":true}
2026-08-06 12:18:11,099 [INFO] app.api.routes_infra: ResolveNotify sent | ticket_id=1167 contact=8368207989
2026-08-06 12:18:13,210 [INFO] app.api.routes_infra: WA[e516655b] -> sendMessage | target=919910773271 | len=251
2026-08-06 12:18:13,602 [INFO] app.api.routes_infra: WA[e516655b] <- status=200 | body={"success":true}
2026-08-06 12:18:13,603 [INFO] app.api.routes_infra: ResolveNotify sent | ticket_id=1166 contact=9910773271
2026-08-07 11:11:08,146 [INFO] app.api.routes_infra: InfraAlert trigger -> ticket_id=1169 created_by=Prerna Sharma dept=Customer Care category=Software
2026-08-07 11:11:08,148 [INFO] app.api.routes_infra: InfraAlert -> sending WA for ticket_id=1169 | msg_len=280
2026-08-07 11:11:08,149 [INFO] app.api.routes_infra: WA[77c0ab75] -> sendMessage | target=120363141953100908@g.us | len=280
2026-08-07 11:11:08,199 [INFO] app.api.routes_infra: WA[77c0ab75] <- status=200 | body={"success":true}
2026-08-07 11:11:08,200 [INFO] app.api.routes_infra: InfraAlert sent | status=200 | resp={"success":true}
2026-08-07 11:25:27,190 [INFO] app.api.routes_infra: WA[2746ce28] -> sendMessage | target=919910773271 | len=122
2026-08-07 11:25:30,995 [INFO] app.api.routes_infra: WA[2746ce28] <- status=200 | body={"success":true}
2026-08-07 11:25:30,996 [INFO] app.api.routes_infra: PickNotify sent to 9910773271 | ticket_id=1169
2026-08-07 11:25:33,866 [INFO] app.api.routes_infra: WA[3a7db0be] -> sendMessage | target=919910773271 | len=259
2026-08-07 11:25:34,449 [INFO] app.api.routes_infra: WA[3a7db0be] <- status=200 | body={"success":true}
2026-08-07 11:25:34,449 [INFO] app.api.routes_infra: ResolveNotify sent | ticket_id=1169 contact=9910773271
2026-08-07 11:59:10,281 [INFO] app.api.routes_infra: InfraAlert trigger -> ticket_id=1170 created_by=Akash yadav dept=Customer Care category=Software
2026-08-07 11:59:10,282 [INFO] app.api.routes_infra: InfraAlert -> sending WA for ticket_id=1170 | msg_len=284
2026-08-07 11:59:10,283 [INFO] app.api.routes_infra: WA[e262fbbd] -> sendMessage | target=120363141953100908@g.us | len=284
2026-08-07 11:59:10,339 [INFO] app.api.routes_infra: WA[e262fbbd] <- status=200 | body={"success":true}
2026-08-07 11:59:10,339 [INFO] app.api.routes_infra: InfraAlert sent | status=200 | resp={"success":true}
2026-08-07 14:31:26,951 [INFO] app.api.routes_infra: WA[c5aa9e53] -> sendMessage | target=919899847571 | len=122
2026-08-07 14:31:27,344 [INFO] app.api.routes_infra: WA[c5aa9e53] <- status=200 | body={"success":true}
2026-08-07 14:31:27,344 [INFO] app.api.routes_infra: PickNotify sent to 9899847571 | ticket_id=1170
2026-08-07 14:31:38,599 [INFO] app.api.routes_infra: WA[cdf0d534] -> sendMessage | target=919870554746 | len=122
2026-08-07 14:31:39,073 [INFO] app.api.routes_infra: WA[cdf0d534] <- status=200 | body={"success":true}
2026-08-07 14:31:39,073 [INFO] app.api.routes_infra: PickNotify sent to 9870554746 | ticket_id=1161
2026-08-07 16:23:47,432 [INFO] app.api.routes_infra: InfraAlert trigger -> ticket_id=1171 created_by=Suresh Kundra dept=Customer Care category=Software
2026-08-07 16:23:47,434 [INFO] app.api.routes_infra: InfraAlert -> sending WA for ticket_id=1171 | msg_len=302
2026-08-07 16:23:47,435 [INFO] app.api.routes_infra: WA[e05300a0] -> sendMessage | target=120363141953100908@g.us | len=302
2026-08-07 16:23:47,509 [INFO] app.api.routes_infra: WA[e05300a0] <- status=200 | body={"success":true}
2026-08-07 16:23:47,509 [INFO] app.api.routes_infra: InfraAlert sent | status=200 | resp={"success":true}
2026-08-07 16:29:54,772 [INFO] app.api.routes_infra: WA[f756c55d] -> sendMessage | target=919667798385 | len=122
2026-08-07 16:29:55,557 [INFO] app.api.routes_infra: WA[f756c55d] <- status=200 | body={"success":true}
2026-08-07 16:29:55,557 [INFO] app.api.routes_infra: PickNotify sent to 9667798385 | ticket_id=1171
2026-08-07 16:56:44,608 [INFO] app.api.routes_infra: InfraAlert trigger -> ticket_id=1172 created_by=SAHIL BISHT dept=Admin category=Office Infra
2026-08-07 16:56:44,609 [INFO] app.api.routes_infra: InfraAlert -> sending WA for ticket_id=1172 | msg_len=284
2026-08-07 16:56:44,609 [INFO] app.api.routes_infra: WA[9e6445f6] -> sendMessage | target=120363141953100908@g.us | len=284
2026-08-07 16:56:44,708 [INFO] app.api.routes_infra: WA[9e6445f6] <- status=200 | body={"success":true}
2026-08-07 16:56:44,709 [INFO] app.api.routes_infra: InfraAlert sent | status=200 | resp={"success":true}
2026-08-07 16:56:52,200 [INFO] app.api.routes_infra: WA[0374f668] -> sendMessage | target=918057054076 | len=122
2026-08-07 16:56:52,647 [INFO] app.api.routes_infra: WA[0374f668] <- status=200 | body={"success":true}
2026-08-07 16:56:52,647 [INFO] app.api.routes_infra: PickNotify sent to 8057054076 | ticket_id=1172
2026-08-07 16:56:58,323 [INFO] app.api.routes_infra: WA[a9caed5b] -> sendMessage | target=918057054076 | len=273
2026-08-07 16:56:58,948 [INFO] app.api.routes_infra: WA[a9caed5b] <- status=200 | body={"success":true}
2026-08-07 16:56:58,948 [INFO] app.api.routes_infra: ResolveNotify sent | ticket_id=1172 contact=8057054076
2026-08-07 17:36:24,219 [INFO] app.api.routes_infra: WA[dfd65fad] -> sendMessage | target=919871366002 | len=299
2026-08-07 17:36:24,581 [INFO] app.api.routes_infra: WA[dfd65fad] <- status=200 | body={"success":true}
2026-08-07 17:36:24,582 [INFO] app.api.routes_infra: ResolveNotify sent | ticket_id=1163 contact=9871366002
2026-08-08 11:06:14,703 [INFO] app.api.routes_infra: InfraAlert trigger -> ticket_id=1173 created_by=Gulrez Sultan dept=Technical category=Software
2026-08-08 11:06:14,704 [INFO] app.api.routes_infra: InfraAlert -> sending WA for ticket_id=1173 | msg_len=279
2026-08-08 11:06:14,704 [INFO] app.api.routes_infra: WA[7c03d2ba] -> sendMessage | target=120363141953100908@g.us | len=279
2026-08-08 11:06:14,758 [INFO] app.api.routes_infra: WA[7c03d2ba] <- status=200 | body={"success":true}
2026-08-08 11:06:14,758 [INFO] app.api.routes_infra: InfraAlert sent | status=200 | resp={"success":true}
2026-08-08 11:10:08,078 [INFO] app.api.routes_infra: WA[6cb7a433] -> sendMessage | target=919818247844 | len=117
2026-08-08 11:10:09,342 [INFO] app.api.routes_infra: WA[6cb7a433] <- status=200 | body={"success":true}
2026-08-08 11:10:09,342 [INFO] app.api.routes_infra: PickNotify sent to 9818247844 | ticket_id=1173
2026-08-08 11:10:26,547 [INFO] app.api.routes_infra: WA[b49e05de] -> sendMessage | target=919818247844 | len=270
2026-08-08 11:10:26,892 [INFO] app.api.routes_infra: WA[b49e05de] <- status=200 | body={"success":true}
2026-08-08 11:10:26,893 [INFO] app.api.routes_infra: ResolveNotify sent | ticket_id=1173 contact=9818247844
2026-08-08 12:00:58,118 [INFO] app.api.routes_infra: Infra resolution SLA hiccup generated | ticket_id=1147 hiccup=HCP-26-1570
2026-08-08 13:34:20,587 [INFO] app.api.routes_infra: InfraAlert trigger -> ticket_id=1174 created_by=Sanjeet Kumar dept=Customer Care category=Software
2026-08-08 13:34:20,588 [INFO] app.api.routes_infra: InfraAlert -> sending WA for ticket_id=1174 | msg_len=279
2026-08-08 13:34:20,588 [INFO] app.api.routes_infra: WA[6fd3ded4] -> sendMessage | target=120363141953100908@g.us | len=279
2026-08-08 13:34:20,729 [INFO] app.api.routes_infra: WA[6fd3ded4] <- status=200 | body={"success":true}
2026-08-08 13:34:20,729 [INFO] app.api.routes_infra: InfraAlert sent | status=200 | resp={"success":true}
2026-08-09 07:43:58,646 [INFO] app.api.routes_infra: InfraAlert trigger -> ticket_id=1175 created_by=jyoti dept=Customer Care category=Software
2026-08-09 07:43:58,647 [INFO] app.api.routes_infra: InfraAlert -> sending WA for ticket_id=1175 | msg_len=247
2026-08-09 07:43:58,647 [INFO] app.api.routes_infra: WA[822c8b23] -> sendMessage | target=120363141953100908@g.us | len=247
2026-08-09 07:43:58,870 [INFO] app.api.routes_infra: WA[822c8b23] <- status=200 | body={"success":true}
2026-08-09 07:43:58,870 [INFO] app.api.routes_infra: InfraAlert sent | status=200 | resp={"success":true}
2026-08-09 12:14:37,191 [INFO] app.api.routes_infra: WA[48914181] -> sendMessage | target=919818393041 | len=123
2026-08-09 12:14:37,585 [INFO] app.api.routes_infra: WA[48914181] <- status=200 | body={"success":true}
2026-08-09 12:14:37,586 [INFO] app.api.routes_infra: PickNotify sent to 9818393041 | ticket_id=1147
2026-08-09 12:14:43,789 [INFO] app.api.routes_infra: WA[5bd2f8a6] -> sendMessage | target=919818393041 | len=244
2026-08-09 12:14:44,089 [INFO] app.api.routes_infra: WA[5bd2f8a6] <- status=200 | body={"success":true}
2026-08-09 12:14:44,089 [INFO] app.api.routes_infra: ResolveNotify sent | ticket_id=1147 contact=9818393041
2026-08-09 12:15:14,888 [INFO] app.api.routes_infra: WA[ed89d545] -> sendMessage | target=919958547534 | len=123
2026-08-09 12:15:15,326 [INFO] app.api.routes_infra: WA[ed89d545] <- status=200 | body={"success":true}
2026-08-09 12:15:15,327 [INFO] app.api.routes_infra: PickNotify sent to 9958547534 | ticket_id=1071
2026-08-09 12:49:10,854 [INFO] app.api.routes_infra: WA[49cfc26e] -> sendMessage | target=919870554746 | len=122
2026-08-09 12:49:11,217 [INFO] app.api.routes_infra: WA[49cfc26e] <- status=200 | body={"success":true}
2026-08-09 12:49:11,217 [INFO] app.api.routes_infra: PickNotify sent to 9870554746 | ticket_id=1175
2026-08-09 12:49:18,912 [INFO] app.api.routes_infra: WA[20cb9cbd] -> sendMessage | target=919870554746 | len=373
2026-08-09 12:49:19,343 [INFO] app.api.routes_infra: WA[20cb9cbd] <- status=200 | body={"success":true}
2026-08-09 12:49:19,344 [INFO] app.api.routes_infra: InvalidNotify sent | ticket_id=1175 contact=9870554746
2026-08-09 13:50:59,497 [INFO] app.api.routes_infra: InfraReminder -> processing 1 pending tickets
2026-08-09 13:50:59,498 [INFO] app.api.routes_infra: WA[e76166db] -> sendMessage | target=120363141953100908@g.us | len=281
2026-08-09 13:50:59,903 [INFO] app.api.routes_infra: WA[e76166db] <- status=200 | body={"success":true}
2026-08-09 13:50:59,903 [INFO] app.api.routes_infra: InfraReminder sent | ticket_id=1174 status=200
2026-08-09 14:42:52,379 [INFO] app.api.routes_infra: InfraAlert trigger -> ticket_id=1176 created_by=Shahana Parveen dept=Marketing category=Software
2026-08-09 14:42:52,380 [INFO] app.api.routes_infra: InfraAlert -> sending WA for ticket_id=1176 | msg_len=461
2026-08-09 14:42:52,380 [INFO] app.api.routes_infra: WA[fd94095b] -> sendMessage | target=120363141953100908@g.us | len=461
2026-08-09 14:42:52,441 [INFO] app.api.routes_infra: WA[fd94095b] <- status=200 | body={"success":true}
2026-08-09 14:42:52,441 [INFO] app.api.routes_infra: InfraAlert sent | status=200 | resp={"success":true}
2026-08-09 17:16:25,567 [INFO] app.api.routes_infra: WA[8077f643] -> sendMessage | target=918448546358 | len=117
2026-08-09 17:16:25,991 [INFO] app.api.routes_infra: WA[8077f643] <- status=200 | body={"success":true}
2026-08-09 17:16:25,991 [INFO] app.api.routes_infra: PickNotify sent to 8448546358 | ticket_id=1176
2026-08-09 17:16:32,862 [INFO] app.api.routes_infra: WA[6f0d859d] -> sendMessage | target=918448546358 | len=450
2026-08-09 17:16:33,292 [INFO] app.api.routes_infra: WA[6f0d859d] <- status=200 | body={"success":true}
2026-08-09 17:16:33,292 [INFO] app.api.routes_infra: ResolveNotify sent | ticket_id=1176 contact=8448546358
2026-08-10 11:00:58,118 [INFO] app.api.routes_infra: Infra resolution SLA hiccup generated | ticket_id=1117 hiccup=HCP-26-1583
2026-08-10 11:38:11,834 [INFO] app.api.routes_infra: WA[3795bff1] -> sendMessage | target=919873439864 | len=219
2026-08-10 11:38:12,278 [INFO] app.api.routes_infra: WA[3795bff1] <- status=200 | body={"success":true}
2026-08-10 11:38:12,279 [INFO] app.api.routes_infra: ResolveNotify sent | ticket_id=1117 contact=9873439864
2026-08-10 11:40:58,127 [INFO] app.api.routes_infra: Infra auto hiccup generated | ticket_id=1174 hiccups=HCP-26-1584, HCP-26-1585, HCP-26-1586
2026-08-10 12:50:50,805 [INFO] app.api.routes_infra: InfraAlert trigger -> ticket_id=1177 created_by=VIMAL RANJAN PANDEY dept=Technical category=Office Infra
2026-08-10 12:50:50,805 [INFO] app.api.routes_infra: InfraAlert -> sending WA for ticket_id=1177 | msg_len=297
2026-08-10 12:50:50,806 [INFO] app.api.routes_infra: WA[f7778cba] -> sendMessage | target=120363141953100908@g.us | len=297
2026-08-10 12:50:51,440 [INFO] app.api.routes_infra: WA[f7778cba] <- status=200 | body={"success":true}
2026-08-10 12:50:51,440 [INFO] app.api.routes_infra: InfraAlert sent | status=200 | resp={"success":true}
2026-08-10 13:00:38,023 [INFO] app.api.routes_infra: InfraAlert trigger -> ticket_id=1178 created_by=Shoeb Alam dept=Customer Care category=Hardware
2026-08-10 13:00:38,024 [INFO] app.api.routes_infra: InfraAlert -> sending WA for ticket_id=1178 | msg_len=290
2026-08-10 13:00:38,024 [INFO] app.api.routes_infra: WA[01cc981f] -> sendMessage | target=120363141953100908@g.us | len=290
2026-08-10 13:00:38,084 [INFO] app.api.routes_infra: WA[01cc981f] <- status=200 | body={"success":true}
2026-08-10 13:00:38,084 [INFO] app.api.routes_infra: InfraAlert sent | status=200 | resp={"success":true}
2026-08-10 13:04:40,256 [INFO] app.api.routes_infra: WA[dbd7fbe1] -> sendMessage | target=917982209598 | len=123
2026-08-10 13:04:40,613 [INFO] app.api.routes_infra: WA[dbd7fbe1] <- status=200 | body={"success":true}
2026-08-10 13:04:40,613 [INFO] app.api.routes_infra: PickNotify sent to 7982209598 | ticket_id=1178
2026-08-10 13:04:43,373 [INFO] app.api.routes_infra: WA[5fb09edb] -> sendMessage | target=917982209598 | len=273
2026-08-10 13:04:43,717 [INFO] app.api.routes_infra: WA[5fb09edb] <- status=200 | body={"success":true}
2026-08-10 13:04:43,717 [INFO] app.api.routes_infra: ResolveNotify sent | ticket_id=1178 contact=7982209598
2026-08-10 14:02:15,887 [INFO] app.api.routes_infra: WA[e9e0b1d5] -> sendMessage | target=918826140791 | len=123
2026-08-10 14:02:16,408 [INFO] app.api.routes_infra: WA[e9e0b1d5] <- status=200 | body={"success":true}
2026-08-10 14:02:16,408 [INFO] app.api.routes_infra: PickNotify sent to 8826140791 | ticket_id=1177
2026-08-10 15:00:58,110 [INFO] app.api.routes_infra: Infra resolution SLA hiccup generated | ticket_id=1161 hiccup=HCP-26-1587
2026-08-10 15:00:58,126 [INFO] app.api.routes_infra: Infra resolution SLA hiccup generated | ticket_id=1170 hiccup=HCP-26-1588
2026-08-10 15:29:55,791 [INFO] app.api.routes_infra: InfraAlert trigger -> ticket_id=1179 created_by=Ritu Mahalwal dept=Customer Care category=Software
2026-08-10 15:29:55,791 [INFO] app.api.routes_infra: InfraAlert -> sending WA for ticket_id=1179 | msg_len=315
2026-08-10 15:29:55,792 [INFO] app.api.routes_infra: WA[2ce9390d] -> sendMessage | target=120363141953100908@g.us | len=315
2026-08-10 15:29:55,879 [INFO] app.api.routes_infra: WA[2ce9390d] <- status=200 | body={"success":true}
2026-08-10 15:29:55,880 [INFO] app.api.routes_infra: InfraAlert sent | status=200 | resp={"success":true}
2026-08-10 16:30:58,119 [INFO] app.api.routes_infra: Infra resolution SLA hiccup generated | ticket_id=1171 hiccup=HCP-26-1589
2026-08-10 17:22:00,894 [INFO] app.api.routes_infra: InfraAlert trigger -> ticket_id=1180 created_by=Shoeb Alam dept=Customer Care category=Software
2026-08-10 17:22:00,894 [INFO] app.api.routes_infra: InfraAlert -> sending WA for ticket_id=1180 | msg_len=294
2026-08-10 17:22:00,895 [INFO] app.api.routes_infra: WA[49d80233] -> sendMessage | target=120363141953100908@g.us | len=294
2026-08-10 17:22:00,954 [INFO] app.api.routes_infra: WA[49d80233] <- status=200 | body={"success":true}
2026-08-10 17:22:00,955 [INFO] app.api.routes_infra: InfraAlert sent | status=200 | resp={"success":true}
2026-08-10 17:56:09,188 [INFO] app.api.routes_infra: InfraAlert trigger -> ticket_id=1181 created_by=Sanjeet Kumar dept=Customer Care category=Software
2026-08-10 17:56:09,189 [INFO] app.api.routes_infra: InfraAlert -> sending WA for ticket_id=1181 | msg_len=287
2026-08-10 17:56:09,189 [INFO] app.api.routes_infra: WA[5e796687] -> sendMessage | target=120363141953100908@g.us | len=287
2026-08-10 17:56:09,254 [INFO] app.api.routes_infra: WA[5e796687] <- status=200 | body={"success":true}
2026-08-10 17:56:09,255 [INFO] app.api.routes_infra: InfraAlert sent | status=200 | resp={"success":true}
2026-08-10 18:05:05,921 [INFO] app.api.routes_infra: WA[c160019e] -> sendMessage | target=917982209598 | len=126
2026-08-10 18:05:06,382 [INFO] app.api.routes_infra: WA[c160019e] <- status=200 | body={"success":true}
2026-08-10 18:05:06,382 [INFO] app.api.routes_infra: PickNotify sent to 7982209598 | ticket_id=1180
2026-08-10 19:33:40,514 [INFO] app.api.routes_infra: WA[df3b5f2b] -> sendMessage | target=917982256085 | len=122
2026-08-10 19:33:40,883 [INFO] app.api.routes_infra: WA[df3b5f2b] <- status=200 | body={"success":true}
2026-08-10 19:33:40,883 [INFO] app.api.routes_infra: PickNotify sent to 7982256085 | ticket_id=1181
2026-08-10 19:33:43,538 [INFO] app.api.routes_infra: WA[f75c07b6] -> sendMessage | target=917982256085 | len=266
2026-08-10 19:33:44,440 [INFO] app.api.routes_infra: WA[07c6ece3] -> sendMessage | target=917982256085 | len=266
2026-08-10 19:33:45,422 [INFO] app.api.routes_infra: WA[f75c07b6] <- status=200 | body={"success":true}
2026-08-10 19:33:45,423 [INFO] app.api.routes_infra: ResolveNotify sent | ticket_id=1181 contact=7982256085
2026-08-10 19:33:45,503 [INFO] app.api.routes_infra: WA[07c6ece3] <- status=200 | body={"success":true}
2026-08-10 19:33:45,503 [INFO] app.api.routes_infra: ResolveNotify sent | ticket_id=1181 contact=7982256085
2026-08-10 19:39:35,771 [INFO] app.api.routes_infra: WA[db0c380d] -> sendMessage | target=919871366002 | len=122
2026-08-10 19:39:36,365 [INFO] app.api.routes_infra: WA[db0c380d] <- status=200 | body={"success":true}
2026-08-10 19:39:36,366 [INFO] app.api.routes_infra: PickNotify sent to 9871366002 | ticket_id=1179
2026-08-10 19:40:24,144 [INFO] app.api.routes_infra: WA[0c24cd22] -> sendMessage | target=917982256085 | len=122
2026-08-10 19:40:24,513 [INFO] app.api.routes_infra: WA[0c24cd22] <- status=200 | body={"success":true}
2026-08-10 19:40:24,513 [INFO] app.api.routes_infra: PickNotify sent to 7982256085 | ticket_id=1174
2026-08-11 13:11:22,306 [INFO] app.api.routes_infra: InfraAlert trigger -> ticket_id=1182 created_by=Prerna Sharma dept=Customer Care category=Other
2026-08-11 13:11:22,307 [INFO] app.api.routes_infra: InfraAlert -> sending WA for ticket_id=1182 | msg_len=353
2026-08-11 13:11:22,307 [INFO] app.api.routes_infra: WA[a128ef6c] -> sendMessage | target=120363141953100908@g.us | len=353
2026-08-11 13:11:22,363 [INFO] app.api.routes_infra: WA[a128ef6c] <- status=200 | body={"success":true}
2026-08-11 13:11:22,363 [INFO] app.api.routes_infra: InfraAlert sent | status=200 | resp={"success":true}
2026-08-11 13:13:14,846 [INFO] app.api.routes_infra: WA[74dbd772] -> sendMessage | target=917982209598 | len=280
2026-08-11 13:13:15,367 [INFO] app.api.routes_infra: WA[74dbd772] <- status=200 | body={"success":true}
2026-08-11 13:13:15,367 [INFO] app.api.routes_infra: ResolveNotify sent | ticket_id=1180 contact=7982209598
2026-08-11 15:24:38,481 [INFO] app.api.routes_infra: InfraAlert trigger -> ticket_id=1183 created_by=Suresh Kundra dept=Customer Care category=Software
2026-08-11 15:24:38,482 [INFO] app.api.routes_infra: InfraAlert -> sending WA for ticket_id=1183 | msg_len=300
2026-08-11 15:24:38,483 [INFO] app.api.routes_infra: WA[79b8bdf0] -> sendMessage | target=120363141953100908@g.us | len=300
2026-08-11 15:24:38,546 [INFO] app.api.routes_infra: WA[79b8bdf0] <- status=200 | body={"success":true}
2026-08-11 15:24:38,546 [INFO] app.api.routes_infra: InfraAlert sent | status=200 | resp={"success":true}
2026-08-11 17:32:12,146 [INFO] app.api.routes_infra: WA[ea583b6f] -> sendMessage | target=919871366002 | len=294
2026-08-11 17:32:12,481 [INFO] app.api.routes_infra: WA[ea583b6f] <- status=200 | body={"success":true}
2026-08-11 17:32:12,482 [INFO] app.api.routes_infra: ResolveNotify sent | ticket_id=1179 contact=9871366002
2026-08-12 08:42:24,042 [INFO] app.api.routes_infra: InfraAlert trigger -> ticket_id=1184 created_by=Ritu Mahalwal dept=Customer Care category=Software
2026-08-12 08:42:24,043 [INFO] app.api.routes_infra: InfraAlert -> sending WA for ticket_id=1184 | msg_len=249
2026-08-12 08:42:24,044 [INFO] app.api.routes_infra: WA[fe07c592] -> sendMessage | target=120363141953100908@g.us | len=249
2026-08-12 08:42:34,056 [ERROR] app.api.routes_infra: WA[fe07c592] send_whatsapp_to_number exception: HTTPConnectionPool(host='10.1.1.44', port=3004): Max retries exceeded with url: /api/messages/send (Caused by ConnectTimeoutError(<HTTPConnection(host='10.1.1.44', port=3004) at 0x796119ca6010>, 'Connection to 10.1.1.44 timed out. (connect timeout=10)'))
Traceback (most recent call last):
  File "/usr/local/lib/python3.11/site-packages/urllib3/connection.py", line 204, in _new_conn
    sock = connection.create_connection(
           ^^^^^^^^^^^^^^^^^^^^^^^^^^^^^
  File "/usr/local/lib/python3.11/site-packages/urllib3/util/connection.py", line 85, in create_connection
    raise err
  File "/usr/local/lib/python3.11/site-packages/urllib3/util/connection.py", line 73, in create_connection
    sock.connect(sa)
TimeoutError: timed out

The above exception was the direct cause of the following exception:

Traceback (most recent call last):
  File "/usr/local/lib/python3.11/site-packages/urllib3/connectionpool.py", line 787, in urlopen
    response = self._make_request(
               ^^^^^^^^^^^^^^^^^^^
  File "/usr/local/lib/python3.11/site-packages/urllib3/connectionpool.py", line 493, in _make_request
    conn.request(
  File "/usr/local/lib/python3.11/site-packages/urllib3/connection.py", line 500, in request
    self.endheaders()
  File "/usr/local/lib/python3.11/http/client.py", line 1318, in endheaders
    self._send_output(message_body, encode_chunked=encode_chunked)
  File "/usr/local/lib/python3.11/http/client.py", line 1078, in _send_output
    self.send(msg)
  File "/usr/local/lib/python3.11/http/client.py", line 1016, in send
    self.connect()
  File "/usr/local/lib/python3.11/site-packages/urllib3/connection.py", line 331, in connect
    self.sock = self._new_conn()
                ^^^^^^^^^^^^^^^^
  File "/usr/local/lib/python3.11/site-packages/urllib3/connection.py", line 213, in _new_conn
    raise ConnectTimeoutError(
urllib3.exceptions.ConnectTimeoutError: (<HTTPConnection(host='10.1.1.44', port=3004) at 0x796119ca6010>, 'Connection to 10.1.1.44 timed out. (connect timeout=10)')

The above exception was the direct cause of the following exception:

Traceback (most recent call last):
  File "/usr/local/lib/python3.11/site-packages/requests/adapters.py", line 645, in send
    resp = conn.urlopen(
           ^^^^^^^^^^^^^
  File "/usr/local/lib/python3.11/site-packages/urllib3/connectionpool.py", line 841, in urlopen
    retries = retries.increment(
              ^^^^^^^^^^^^^^^^^^
  File "/usr/local/lib/python3.11/site-packages/urllib3/util/retry.py", line 535, in increment
    raise MaxRetryError(_pool, url, reason) from reason  # type: ignore[arg-type]
    ^^^^^^^^^^^^^^^^^^^^^^^^^^^^^^^^^^^^^^^^^^^^^^^^^^^
urllib3.exceptions.MaxRetryError: HTTPConnectionPool(host='10.1.1.44', port=3004): Max retries exceeded with url: /api/messages/send (Caused by ConnectTimeoutError(<HTTPConnection(host='10.1.1.44', port=3004) at 0x796119ca6010>, 'Connection to 10.1.1.44 timed out. (connect timeout=10)'))

During handling of the above exception, another exception occurred:

Traceback (most recent call last):
  File "/app/app/api/routes_infra.py", line 151, in send_whatsapp_to_number
    r = requests.post(
        ^^^^^^^^^^^^^^
  File "/usr/local/lib/python3.11/site-packages/requests/api.py", line 115, in post
    return request("post", url, data=data, json=json, **kwargs)
           ^^^^^^^^^^^^^^^^^^^^^^^^^^^^^^^^^^^^^^^^^^^^^^^^^^^^
  File "/usr/local/lib/python3.11/site-packages/requests/api.py", line 59, in request
    return session.request(method=method, url=url, **kwargs)
           ^^^^^^^^^^^^^^^^^^^^^^^^^^^^^^^^^^^^^^^^^^^^^^^^^
  File "/usr/local/lib/python3.11/site-packages/requests/sessions.py", line 592, in request
    resp = self.send(prep, **send_kwargs)
           ^^^^^^^^^^^^^^^^^^^^^^^^^^^^^^
  File "/usr/local/lib/python3.11/site-packages/requests/sessions.py", line 706, in send
    r = adapter.send(request, **kwargs)
        ^^^^^^^^^^^^^^^^^^^^^^^^^^^^^^^
  File "/usr/local/lib/python3.11/site-packages/requests/adapters.py", line 666, in send
    raise ConnectTimeout(e, request=request)
requests.exceptions.ConnectTimeout: HTTPConnectionPool(host='10.1.1.44', port=3004): Max retries exceeded with url: /api/messages/send (Caused by ConnectTimeoutError(<HTTPConnection(host='10.1.1.44', port=3004) at 0x796119ca6010>, 'Connection to 10.1.1.44 timed out. (connect timeout=10)'))
2026-08-12 08:42:34,059 [ERROR] app.api.routes_infra: InfraAlert failed | status=500 | resp=HTTPConnectionPool(host='10.1.1.44', port=3004): Max retries exceeded with url: /api/messages/send (Caused by ConnectTimeoutError(<HTTPConnection(host='10.1.1.44', port=3004) at 0x796119ca6010>, 'Connection to 10.1.1.44 timed out. (connect timeout=10)'))
2026-08-12 10:15:33,490 [INFO] app.api.routes_infra: InfraAlert trigger -> ticket_id=1185 created_by=Rani dept=Technical category=Hardware
2026-08-12 10:15:33,491 [INFO] app.api.routes_infra: InfraAlert -> sending WA for ticket_id=1185 | msg_len=239
2026-08-12 10:15:33,492 [INFO] app.api.routes_infra: WA[2959df7a] -> sendMessage | target=120363141953100908@g.us | len=239
2026-08-12 10:15:43,505 [ERROR] app.api.routes_infra: WA[2959df7a] send_whatsapp_to_number exception: HTTPConnectionPool(host='10.1.1.44', port=3004): Max retries exceeded with url: /api/messages/send (Caused by ConnectTimeoutError(<HTTPConnection(host='10.1.1.44', port=3004) at 0x796119c66a50>, 'Connection to 10.1.1.44 timed out. (connect timeout=10)'))
Traceback (most recent call last):
  File "/usr/local/lib/python3.11/site-packages/urllib3/connection.py", line 204, in _new_conn
    sock = connection.create_connection(
           ^^^^^^^^^^^^^^^^^^^^^^^^^^^^^
  File "/usr/local/lib/python3.11/site-packages/urllib3/util/connection.py", line 85, in create_connection
    raise err
  File "/usr/local/lib/python3.11/site-packages/urllib3/util/connection.py", line 73, in create_connection
    sock.connect(sa)
TimeoutError: timed out

The above exception was the direct cause of the following exception:

Traceback (most recent call last):
  File "/usr/local/lib/python3.11/site-packages/urllib3/connectionpool.py", line 787, in urlopen
    response = self._make_request(
               ^^^^^^^^^^^^^^^^^^^
  File "/usr/local/lib/python3.11/site-packages/urllib3/connectionpool.py", line 493, in _make_request
    conn.request(
  File "/usr/local/lib/python3.11/site-packages/urllib3/connection.py", line 500, in request
    self.endheaders()
  File "/usr/local/lib/python3.11/http/client.py", line 1318, in endheaders
    self._send_output(message_body, encode_chunked=encode_chunked)
  File "/usr/local/lib/python3.11/http/client.py", line 1078, in _send_output
    self.send(msg)
  File "/usr/local/lib/python3.11/http/client.py", line 1016, in send
    self.connect()
  File "/usr/local/lib/python3.11/site-packages/urllib3/connection.py", line 331, in connect
    self.sock = self._new_conn()
                ^^^^^^^^^^^^^^^^
  File "/usr/local/lib/python3.11/site-packages/urllib3/connection.py", line 213, in _new_conn
    raise ConnectTimeoutError(
urllib3.exceptions.ConnectTimeoutError: (<HTTPConnection(host='10.1.1.44', port=3004) at 0x796119c66a50>, 'Connection to 10.1.1.44 timed out. (connect timeout=10)')

The above exception was the direct cause of the following exception:

Traceback (most recent call last):
  File "/usr/local/lib/python3.11/site-packages/requests/adapters.py", line 645, in send
    resp = conn.urlopen(
           ^^^^^^^^^^^^^
  File "/usr/local/lib/python3.11/site-packages/urllib3/connectionpool.py", line 841, in urlopen
    retries = retries.increment(
              ^^^^^^^^^^^^^^^^^^
  File "/usr/local/lib/python3.11/site-packages/urllib3/util/retry.py", line 535, in increment
    raise MaxRetryError(_pool, url, reason) from reason  # type: ignore[arg-type]
    ^^^^^^^^^^^^^^^^^^^^^^^^^^^^^^^^^^^^^^^^^^^^^^^^^^^
urllib3.exceptions.MaxRetryError: HTTPConnectionPool(host='10.1.1.44', port=3004): Max retries exceeded with url: /api/messages/send (Caused by ConnectTimeoutError(<HTTPConnection(host='10.1.1.44', port=3004) at 0x796119c66a50>, 'Connection to 10.1.1.44 timed out. (connect timeout=10)'))

During handling of the above exception, another exception occurred:

Traceback (most recent call last):
  File "/app/app/api/routes_infra.py", line 151, in send_whatsapp_to_number
    r = requests.post(
        ^^^^^^^^^^^^^^
  File "/usr/local/lib/python3.11/site-packages/requests/api.py", line 115, in post
    return request("post", url, data=data, json=json, **kwargs)
           ^^^^^^^^^^^^^^^^^^^^^^^^^^^^^^^^^^^^^^^^^^^^^^^^^^^^
  File "/usr/local/lib/python3.11/site-packages/requests/api.py", line 59, in request
    return session.request(method=method, url=url, **kwargs)
           ^^^^^^^^^^^^^^^^^^^^^^^^^^^^^^^^^^^^^^^^^^^^^^^^^
  File "/usr/local/lib/python3.11/site-packages/requests/sessions.py", line 592, in request
    resp = self.send(prep, **send_kwargs)
           ^^^^^^^^^^^^^^^^^^^^^^^^^^^^^^
  File "/usr/local/lib/python3.11/site-packages/requests/sessions.py", line 706, in send
    r = adapter.send(request, **kwargs)
        ^^^^^^^^^^^^^^^^^^^^^^^^^^^^^^^
  File "/usr/local/lib/python3.11/site-packages/requests/adapters.py", line 666, in send
    raise ConnectTimeout(e, request=request)
requests.exceptions.ConnectTimeout: HTTPConnectionPool(host='10.1.1.44', port=3004): Max retries exceeded with url: /api/messages/send (Caused by ConnectTimeoutError(<HTTPConnection(host='10.1.1.44', port=3004) at 0x796119c66a50>, 'Connection to 10.1.1.44 timed out. (connect timeout=10)'))
2026-08-12 10:15:43,509 [ERROR] app.api.routes_infra: InfraAlert failed | status=500 | resp=HTTPConnectionPool(host='10.1.1.44', port=3004): Max retries exceeded with url: /api/messages/send (Caused by ConnectTimeoutError(<HTTPConnection(host='10.1.1.44', port=3004) at 0x796119c66a50>, 'Connection to 10.1.1.44 timed out. (connect timeout=10)'))
2026-08-12 11:20:58,098 [WARNING] app.api.routes_infra: Infra auto hiccup skipped: no mapped owners found for ticket_id=1182 category=Other subcategory=Other
2026-08-12 11:33:55,040 [INFO] app.api.routes_infra: WA[d253771b] -> sendMessage | target=919667798385 | len=122
2026-08-12 11:34:05,049 [ERROR] app.api.routes_infra: WA[d253771b] send_whatsapp_to_number exception: HTTPConnectionPool(host='10.1.1.44', port=3004): Max retries exceeded with url: /api/messages/send (Caused by ConnectTimeoutError(<HTTPConnection(host='10.1.1.44', port=3004) at 0x7a9995765650>, 'Connection to 10.1.1.44 timed out. (connect timeout=10)'))
Traceback (most recent call last):
  File "/usr/local/lib/python3.11/site-packages/urllib3/connection.py", line 204, in _new_conn
    sock = connection.create_connection(
           ^^^^^^^^^^^^^^^^^^^^^^^^^^^^^
  File "/usr/local/lib/python3.11/site-packages/urllib3/util/connection.py", line 85, in create_connection
    raise err
  File "/usr/local/lib/python3.11/site-packages/urllib3/util/connection.py", line 73, in create_connection
    sock.connect(sa)
TimeoutError: timed out

The above exception was the direct cause of the following exception:

Traceback (most recent call last):
  File "/usr/local/lib/python3.11/site-packages/urllib3/connectionpool.py", line 787, in urlopen
    response = self._make_request(
               ^^^^^^^^^^^^^^^^^^^
  File "/usr/local/lib/python3.11/site-packages/urllib3/connectionpool.py", line 493, in _make_request
    conn.request(
  File "/usr/local/lib/python3.11/site-packages/urllib3/connection.py", line 500, in request
    self.endheaders()
  File "/usr/local/lib/python3.11/http/client.py", line 1318, in endheaders
    self._send_output(message_body, encode_chunked=encode_chunked)
  File "/usr/local/lib/python3.11/http/client.py", line 1078, in _send_output
    self.send(msg)
  File "/usr/local/lib/python3.11/http/client.py", line 1016, in send
    self.connect()
  File "/usr/local/lib/python3.11/site-packages/urllib3/connection.py", line 331, in connect
    self.sock = self._new_conn()
                ^^^^^^^^^^^^^^^^
  File "/usr/local/lib/python3.11/site-packages/urllib3/connection.py", line 213, in _new_conn
    raise ConnectTimeoutError(
urllib3.exceptions.ConnectTimeoutError: (<HTTPConnection(host='10.1.1.44', port=3004) at 0x7a9995765650>, 'Connection to 10.1.1.44 timed out. (connect timeout=10)')

The above exception was the direct cause of the following exception:

Traceback (most recent call last):
  File "/usr/local/lib/python3.11/site-packages/requests/adapters.py", line 645, in send
    resp = conn.urlopen(
           ^^^^^^^^^^^^^
  File "/usr/local/lib/python3.11/site-packages/urllib3/connectionpool.py", line 841, in urlopen
    retries = retries.increment(
              ^^^^^^^^^^^^^^^^^^
  File "/usr/local/lib/python3.11/site-packages/urllib3/util/retry.py", line 535, in increment
    raise MaxRetryError(_pool, url, reason) from reason  # type: ignore[arg-type]
    ^^^^^^^^^^^^^^^^^^^^^^^^^^^^^^^^^^^^^^^^^^^^^^^^^^^
urllib3.exceptions.MaxRetryError: HTTPConnectionPool(host='10.1.1.44', port=3004): Max retries exceeded with url: /api/messages/send (Caused by ConnectTimeoutError(<HTTPConnection(host='10.1.1.44', port=3004) at 0x7a9995765650>, 'Connection to 10.1.1.44 timed out. (connect timeout=10)'))

During handling of the above exception, another exception occurred:

Traceback (most recent call last):
  File "/app/app/api/routes_infra.py", line 151, in send_whatsapp_to_number
    r = requests.post(
        ^^^^^^^^^^^^^^
  File "/usr/local/lib/python3.11/site-packages/requests/api.py", line 115, in post
    return request("post", url, data=data, json=json, **kwargs)
           ^^^^^^^^^^^^^^^^^^^^^^^^^^^^^^^^^^^^^^^^^^^^^^^^^^^^
  File "/usr/local/lib/python3.11/site-packages/requests/api.py", line 59, in request
    return session.request(method=method, url=url, **kwargs)
           ^^^^^^^^^^^^^^^^^^^^^^^^^^^^^^^^^^^^^^^^^^^^^^^^^
  File "/usr/local/lib/python3.11/site-packages/requests/sessions.py", line 592, in request
    resp = self.send(prep, **send_kwargs)
           ^^^^^^^^^^^^^^^^^^^^^^^^^^^^^^
  File "/usr/local/lib/python3.11/site-packages/requests/sessions.py", line 706, in send
    r = adapter.send(request, **kwargs)
        ^^^^^^^^^^^^^^^^^^^^^^^^^^^^^^^
  File "/usr/local/lib/python3.11/site-packages/requests/adapters.py", line 666, in send
    raise ConnectTimeout(e, request=request)
requests.exceptions.ConnectTimeout: HTTPConnectionPool(host='10.1.1.44', port=3004): Max retries exceeded with url: /api/messages/send (Caused by ConnectTimeoutError(<HTTPConnection(host='10.1.1.44', port=3004) at 0x7a9995765650>, 'Connection to 10.1.1.44 timed out. (connect timeout=10)'))
2026-08-12 11:34:05,053 [ERROR] app.api.routes_infra: PickNotify failed | ticket_id=1183 status=500 resp=HTTPConnectionPool(host='10.1.1.44', port=3004): Max retries exceeded with url: /api/messages/send (Caused by ConnectTimeoutError(<HTTPConnection(host='10.1.1.44', port=3004) at 0x7a9995765650>, 'Connection to 10.1.1.44 timed out. (connect timeout=10)'))
2026-08-12 11:44:36,355 [INFO] app.api.routes_infra: WA[a7c7827d] -> sendMessage | target=919667798385 | len=292
2026-08-12 11:44:46,366 [ERROR] app.api.routes_infra: WA[a7c7827d] send_whatsapp_to_number exception: HTTPConnectionPool(host='10.1.1.44', port=3004): Max retries exceeded with url: /api/messages/send (Caused by ConnectTimeoutError(<HTTPConnection(host='10.1.1.44', port=3004) at 0x78baae15e110>, 'Connection to 10.1.1.44 timed out. (connect timeout=10)'))
Traceback (most recent call last):
  File "/usr/local/lib/python3.11/site-packages/urllib3/connection.py", line 204, in _new_conn
    sock = connection.create_connection(
           ^^^^^^^^^^^^^^^^^^^^^^^^^^^^^
  File "/usr/local/lib/python3.11/site-packages/urllib3/util/connection.py", line 85, in create_connection
    raise err
  File "/usr/local/lib/python3.11/site-packages/urllib3/util/connection.py", line 73, in create_connection
    sock.connect(sa)
TimeoutError: timed out

The above exception was the direct cause of the following exception:

Traceback (most recent call last):
  File "/usr/local/lib/python3.11/site-packages/urllib3/connectionpool.py", line 787, in urlopen
    response = self._make_request(
               ^^^^^^^^^^^^^^^^^^^
  File "/usr/local/lib/python3.11/site-packages/urllib3/connectionpool.py", line 493, in _make_request
    conn.request(
  File "/usr/local/lib/python3.11/site-packages/urllib3/connection.py", line 500, in request
    self.endheaders()
  File "/usr/local/lib/python3.11/http/client.py", line 1318, in endheaders
    self._send_output(message_body, encode_chunked=encode_chunked)
  File "/usr/local/lib/python3.11/http/client.py", line 1078, in _send_output
    self.send(msg)
  File "/usr/local/lib/python3.11/http/client.py", line 1016, in send
    self.connect()
  File "/usr/local/lib/python3.11/site-packages/urllib3/connection.py", line 331, in connect
    self.sock = self._new_conn()
                ^^^^^^^^^^^^^^^^
  File "/usr/local/lib/python3.11/site-packages/urllib3/connection.py", line 213, in _new_conn
    raise ConnectTimeoutError(
urllib3.exceptions.ConnectTimeoutError: (<HTTPConnection(host='10.1.1.44', port=3004) at 0x78baae15e110>, 'Connection to 10.1.1.44 timed out. (connect timeout=10)')

The above exception was the direct cause of the following exception:

Traceback (most recent call last):
  File "/usr/local/lib/python3.11/site-packages/requests/adapters.py", line 645, in send
    resp = conn.urlopen(
           ^^^^^^^^^^^^^
  File "/usr/local/lib/python3.11/site-packages/urllib3/connectionpool.py", line 841, in urlopen
    retries = retries.increment(
              ^^^^^^^^^^^^^^^^^^
  File "/usr/local/lib/python3.11/site-packages/urllib3/util/retry.py", line 535, in increment
    raise MaxRetryError(_pool, url, reason) from reason  # type: ignore[arg-type]
    ^^^^^^^^^^^^^^^^^^^^^^^^^^^^^^^^^^^^^^^^^^^^^^^^^^^
urllib3.exceptions.MaxRetryError: HTTPConnectionPool(host='10.1.1.44', port=3004): Max retries exceeded with url: /api/messages/send (Caused by ConnectTimeoutError(<HTTPConnection(host='10.1.1.44', port=3004) at 0x78baae15e110>, 'Connection to 10.1.1.44 timed out. (connect timeout=10)'))

During handling of the above exception, another exception occurred:

Traceback (most recent call last):
  File "/app/app/api/routes_infra.py", line 151, in send_whatsapp_to_number
    r = requests.post(
        ^^^^^^^^^^^^^^
  File "/usr/local/lib/python3.11/site-packages/requests/api.py", line 115, in post
    return request("post", url, data=data, json=json, **kwargs)
           ^^^^^^^^^^^^^^^^^^^^^^^^^^^^^^^^^^^^^^^^^^^^^^^^^^^^
  File "/usr/local/lib/python3.11/site-packages/requests/api.py", line 59, in request
    return session.request(method=method, url=url, **kwargs)
           ^^^^^^^^^^^^^^^^^^^^^^^^^^^^^^^^^^^^^^^^^^^^^^^^^
  File "/usr/local/lib/python3.11/site-packages/requests/sessions.py", line 592, in request
    resp = self.send(prep, **send_kwargs)
           ^^^^^^^^^^^^^^^^^^^^^^^^^^^^^^
  File "/usr/local/lib/python3.11/site-packages/requests/sessions.py", line 706, in send
    r = adapter.send(request, **kwargs)
        ^^^^^^^^^^^^^^^^^^^^^^^^^^^^^^^
  File "/usr/local/lib/python3.11/site-packages/requests/adapters.py", line 666, in send
    raise ConnectTimeout(e, request=request)
requests.exceptions.ConnectTimeout: HTTPConnectionPool(host='10.1.1.44', port=3004): Max retries exceeded with url: /api/messages/send (Caused by ConnectTimeoutError(<HTTPConnection(host='10.1.1.44', port=3004) at 0x78baae15e110>, 'Connection to 10.1.1.44 timed out. (connect timeout=10)'))
2026-08-12 11:44:46,369 [ERROR] app.api.routes_infra: ResolveNotify failed | ticket_id=1183 status=500 resp=HTTPConnectionPool(host='10.1.1.44', port=3004): Max retries exceeded with url: /api/messages/send (Caused by ConnectTimeoutError(<HTTPConnection(host='10.1.1.44', port=3004) at 0x78baae15e110>, 'Connection to 10.1.1.44 timed out. (connect timeout=10)'))
2026-08-12 13:11:31,552 [INFO] app.api.routes_infra: InfraAlert trigger -> ticket_id=1186 created_by=Suresh Kundra dept=Customer Care category=Software
2026-08-12 13:11:31,553 [INFO] app.api.routes_infra: InfraAlert -> sending WA for ticket_id=1186 | msg_len=254
2026-08-12 13:11:31,553 [INFO] app.api.routes_infra: WA[6e5f5df6] -> sendMessage | target=120363141953100908@g.us | len=254
2026-08-12 13:11:31,637 [INFO] app.api.routes_infra: WA[6e5f5df6] <- status=200 | body={"success":true}
2026-08-12 13:11:31,638 [INFO] app.api.routes_infra: InfraAlert sent | status=200 | resp={"success":true}
2026-08-12 13:51:01,578 [INFO] app.api.routes_infra: InfraReminder -> processing 1 pending tickets
2026-08-12 13:51:01,578 [INFO] app.api.routes_infra: WA[8052e7b7] -> sendMessage | target=120363141953100908@g.us | len=355
2026-08-12 13:51:01,679 [INFO] app.api.routes_infra: WA[8052e7b7] <- status=200 | body={"success":true}
2026-08-12 13:51:01,679 [INFO] app.api.routes_infra: InfraReminder sent | ticket_id=1182 status=200
2026-08-12 14:00:37,210 [INFO] app.api.routes_infra: WA[c14bef1b] -> sendMessage | target=919910773271 | len=126
2026-08-12 14:00:37,587 [INFO] app.api.routes_infra: WA[c14bef1b] <- status=200 | body={"success":true}
2026-08-12 14:00:37,588 [INFO] app.api.routes_infra: PickNotify sent to 9910773271 | ticket_id=1182
2026-08-12 15:00:58,124 [INFO] app.api.routes_infra: Infra auto hiccup generated | ticket_id=1184 hiccups=HCP-26-1619, HCP-26-1620, HCP-26-1621
2026-08-12 15:00:58,145 [INFO] app.api.routes_infra: Infra auto hiccup generated | ticket_id=1185 hiccups=HCP-26-1622, HCP-26-1623
2026-08-12 15:00:58,184 [INFO] app.api.routes_infra: Infra resolution SLA hiccup generated | ticket_id=1177 hiccup=HCP-26-1624
2026-08-12 15:02:04,182 [INFO] app.api.routes_infra: WA[24b0fcca] -> sendMessage | target=919871366002 | len=122
2026-08-12 15:02:04,519 [INFO] app.api.routes_infra: WA[24b0fcca] <- status=200 | body={"success":true}
2026-08-12 15:02:04,519 [INFO] app.api.routes_infra: PickNotify sent to 9871366002 | ticket_id=1184
2026-08-12 15:02:16,209 [INFO] app.api.routes_infra: WA[ab0d2a42] -> sendMessage | target=919871366002 | len=228
2026-08-12 15:02:16,534 [INFO] app.api.routes_infra: WA[ab0d2a42] <- status=200 | body={"success":true}
2026-08-12 15:02:16,534 [INFO] app.api.routes_infra: ResolveNotify sent | ticket_id=1184 contact=9871366002
2026-08-12 16:39:35,469 [INFO] app.api.routes_infra: WA[6117f584] -> sendMessage | target=918826140791 | len=123
2026-08-12 16:39:35,845 [INFO] app.api.routes_infra: WA[6117f584] <- status=200 | body={"success":true}
2026-08-12 16:39:35,846 [INFO] app.api.routes_infra: PickNotify sent to 8826140791 | ticket_id=1177
2026-08-12 16:39:38,750 [INFO] app.api.routes_infra: WA[e2606c26] -> sendMessage | target=918826140791 | len=275
2026-08-12 16:39:39,092 [INFO] app.api.routes_infra: WA[e2606c26] <- status=200 | body={"success":true}
2026-08-12 16:39:39,093 [INFO] app.api.routes_infra: ResolveNotify sent | ticket_id=1177 contact=8826140791
2026-08-12 16:40:03,533 [INFO] app.api.routes_infra: WA[b072736d] -> sendMessage | target=919873439864 | len=123
2026-08-12 16:40:03,900 [INFO] app.api.routes_infra: WA[b072736d] <- status=200 | body={"success":true}
2026-08-12 16:40:03,901 [INFO] app.api.routes_infra: PickNotify sent to 9873439864 | ticket_id=1185
2026-08-12 17:54:58,076 [INFO] app.api.routes_infra: InfraAlert trigger -> ticket_id=1187 created_by=Sanjeet Kumar dept=Customer Care category=Software
2026-08-12 17:54:58,077 [INFO] app.api.routes_infra: InfraAlert -> sending WA for ticket_id=1187 | msg_len=246
2026-08-12 17:54:58,078 [INFO] app.api.routes_infra: WA[a3909175] -> sendMessage | target=120363141953100908@g.us | len=246
2026-08-12 17:54:58,171 [INFO] app.api.routes_infra: WA[a3909175] <- status=200 | body={"success":true}
2026-08-12 17:54:58,171 [INFO] app.api.routes_infra: InfraAlert sent | status=200 | resp={"success":true}
2026-08-12 18:05:00,553 [INFO] app.api.routes_infra: WA[777ed4d2] -> sendMessage | target=917982256085 | len=126
2026-08-12 18:05:00,910 [INFO] app.api.routes_infra: WA[777ed4d2] <- status=200 | body={"success":true}
2026-08-12 18:05:00,911 [INFO] app.api.routes_infra: PickNotify sent to 7982256085 | ticket_id=1187
2026-08-12 18:11:48,866 [INFO] app.api.routes_infra: InfraAlert trigger -> ticket_id=1188 created_by=Shalini rawat dept=Technical category=Software
2026-08-12 18:11:48,867 [INFO] app.api.routes_infra: InfraAlert -> sending WA for ticket_id=1188 | msg_len=265
2026-08-12 18:11:48,867 [INFO] app.api.routes_infra: WA[80bc0cce] -> sendMessage | target=120363141953100908@g.us | len=265
2026-08-12 18:11:48,936 [INFO] app.api.routes_infra: WA[80bc0cce] <- status=200 | body={"success":true}
2026-08-12 18:11:48,936 [INFO] app.api.routes_infra: InfraAlert sent | status=200 | resp={"success":true}
2026-08-12 18:19:03,209 [INFO] app.api.routes_infra: WA[23bd8ef4] -> sendMessage | target=919650692437 | len=126
2026-08-12 18:19:03,573 [INFO] app.api.routes_infra: WA[23bd8ef4] <- status=200 | body={"success":true}
2026-08-12 18:19:03,573 [INFO] app.api.routes_infra: PickNotify sent to 9650692437 | ticket_id=1188
2026-08-12 18:19:06,849 [INFO] app.api.routes_infra: WA[012fdefc] -> sendMessage | target=919650692437 | len=265
2026-08-12 18:19:07,186 [INFO] app.api.routes_infra: WA[012fdefc] <- status=200 | body={"success":true}
2026-08-12 18:19:07,187 [INFO] app.api.routes_infra: ResolveNotify sent | ticket_id=1188 contact=9650692437
2026-08-13 10:25:53,669 [INFO] app.api.routes_infra: InfraAlert trigger -> ticket_id=1189 created_by=SONA dept=Customer Care category=Software
2026-08-13 10:25:53,670 [INFO] app.api.routes_infra: InfraAlert -> sending WA for ticket_id=1189 | msg_len=270
2026-08-13 10:25:53,670 [INFO] app.api.routes_infra: WA[486fc926] -> sendMessage | target=120363141953100908@g.us | len=270
2026-08-13 10:25:54,240 [INFO] app.api.routes_infra: WA[486fc926] <- status=200 | body={"success":true}
2026-08-13 10:25:54,240 [INFO] app.api.routes_infra: InfraAlert sent | status=200 | resp={"success":true}
2026-08-13 11:00:58,114 [INFO] app.api.routes_infra: Infra resolution SLA hiccup generated | ticket_id=1187 hiccup=HCP-26-1637
2026-08-13 11:19:44,351 [INFO] app.api.routes_infra: WA[c1c12bf5] -> sendMessage | target=917982256085 | len=242
2026-08-13 11:19:44,712 [INFO] app.api.routes_infra: WA[c1c12bf5] <- status=200 | body={"success":true}
2026-08-13 11:19:44,712 [INFO] app.api.routes_infra: ResolveNotify sent | ticket_id=1187 contact=7982256085
2026-08-13 11:20:58,198 [INFO] app.api.routes_infra: Infra auto hiccup generated | ticket_id=1186 hiccups=HCP-26-1638, HCP-26-1639, HCP-26-1640
2026-08-13 11:23:00,328 [INFO] app.api.routes_infra: WA[2720ec35] -> sendMessage | target=919667798385 | len=122
2026-08-13 11:23:01,701 [INFO] app.api.routes_infra: WA[2720ec35] <- status=200 | body={"success":true}
2026-08-13 11:23:01,702 [INFO] app.api.routes_infra: PickNotify sent to 9667798385 | ticket_id=1186
2026-08-13 11:23:04,674 [INFO] app.api.routes_infra: WA[988bfc1b] -> sendMessage | target=919667798385 | len=246
2026-08-13 11:23:05,396 [INFO] app.api.routes_infra: WA[988bfc1b] <- status=200 | body={"success":true}
2026-08-13 11:23:05,396 [INFO] app.api.routes_infra: ResolveNotify sent | ticket_id=1186 contact=9667798385
2026-08-13 11:23:19,347 [INFO] app.api.routes_infra: WA[c2987750] -> sendMessage | target=918076741165 | len=122
2026-08-13 11:23:20,879 [INFO] app.api.routes_infra: WA[c2987750] <- status=200 | body={"success":true}
2026-08-13 11:23:20,879 [INFO] app.api.routes_infra: PickNotify sent to 8076741165 | ticket_id=1189
2026-08-13 12:02:05,402 [INFO] app.api.routes_infra: InfraAlert trigger -> ticket_id=1190 created_by=Md Shaquib Alam dept=Technical category=Software
2026-08-13 12:02:05,403 [INFO] app.api.routes_infra: InfraAlert -> sending WA for ticket_id=1190 | msg_len=432
2026-08-13 12:02:05,403 [INFO] app.api.routes_infra: WA[51119f35] -> sendMessage | target=120363141953100908@g.us | len=432
2026-08-13 12:02:05,461 [INFO] app.api.routes_infra: WA[51119f35] <- status=200 | body={"success":true}
2026-08-13 12:02:05,461 [INFO] app.api.routes_infra: InfraAlert sent | status=200 | resp={"success":true}
2026-08-13 12:36:56,604 [INFO] app.api.routes_infra: InfraAlert trigger -> ticket_id=1191 created_by=Ritu Mahalwal dept=Customer Care category=Software
2026-08-13 12:36:56,604 [INFO] app.api.routes_infra: InfraAlert -> sending WA for ticket_id=1191 | msg_len=299
2026-08-13 12:36:56,605 [INFO] app.api.routes_infra: WA[b3a76a5b] -> sendMessage | target=120363141953100908@g.us | len=299
2026-08-13 12:36:56,750 [INFO] app.api.routes_infra: WA[b3a76a5b] <- status=200 | body={"success":true}
2026-08-13 12:36:56,750 [INFO] app.api.routes_infra: InfraAlert sent | status=200 | resp={"success":true}
2026-08-13 12:58:33,775 [INFO] app.api.routes_infra: WA[fbc399a5] -> sendMessage | target=918448558464 | len=126
2026-08-13 12:58:34,101 [INFO] app.api.routes_infra: WA[fbc399a5] <- status=200 | body={"success":true}
2026-08-13 12:58:34,101 [INFO] app.api.routes_infra: PickNotify sent to 8448558464 | ticket_id=1190
2026-08-13 14:31:03,144 [INFO] app.api.routes_infra: InfraAlert trigger -> ticket_id=1192 created_by=Rohit Kumar Pandey dept=Admin category=Software
2026-08-13 14:31:03,145 [INFO] app.api.routes_infra: InfraAlert -> sending WA for ticket_id=1192 | msg_len=286
2026-08-13 14:31:03,145 [INFO] app.api.routes_infra: WA[dbdb43ca] -> sendMessage | target=120363141953100908@g.us | len=286
2026-08-13 14:31:03,200 [INFO] app.api.routes_infra: WA[dbdb43ca] <- status=200 | body={"success":true}
2026-08-13 14:31:03,200 [INFO] app.api.routes_infra: InfraAlert sent | status=200 | resp={"success":true}
2026-08-13 14:42:39,204 [INFO] app.api.routes_infra: WA[85eb4c16] -> sendMessage | target=918448558464 | len=417
2026-08-13 14:42:39,540 [INFO] app.api.routes_infra: WA[85eb4c16] <- status=200 | body={"success":true}
2026-08-13 14:42:39,541 [INFO] app.api.routes_infra: ResolveNotify sent | ticket_id=1190 contact=8448558464
2026-08-13 14:43:06,898 [INFO] app.api.routes_infra: WA[796c6efb] -> sendMessage | target=919598226263 | len=126
2026-08-13 14:43:07,241 [INFO] app.api.routes_infra: WA[796c6efb] <- status=200 | body={"success":true}
2026-08-13 14:43:07,242 [INFO] app.api.routes_infra: PickNotify sent to 9598226263 | ticket_id=1192
2026-08-13 16:40:58,132 [INFO] app.api.routes_infra: Infra auto hiccup generated | ticket_id=1191 hiccups=HCP-26-1645, HCP-26-1646, HCP-26-1647
2026-08-13 16:45:34,420 [INFO] app.api.routes_infra: WA[119ef17d] -> sendMessage | target=919871366002 | len=122
2026-08-13 16:45:34,785 [INFO] app.api.routes_infra: WA[119ef17d] <- status=200 | body={"success":true}
2026-08-13 16:45:34,785 [INFO] app.api.routes_infra: PickNotify sent to 9871366002 | ticket_id=1191
2026-08-13 17:14:11,150 [INFO] app.api.routes_infra: WA[e7e35f28] -> sendMessage | target=919871366002 | len=291
2026-08-13 17:14:11,538 [INFO] app.api.routes_infra: WA[e7e35f28] <- status=200 | body={"success":true}
2026-08-13 17:14:11,538 [INFO] app.api.routes_infra: ResolveNotify sent | ticket_id=1191 contact=9871366002
2026-08-13 18:48:14,972 [INFO] app.api.routes_infra: InfraAlert trigger -> ticket_id=1193 created_by=Shabnam khan dept=Technical category=Software
2026-08-13 18:48:14,973 [INFO] app.api.routes_infra: InfraAlert -> sending WA for ticket_id=1193 | msg_len=292
2026-08-13 18:48:14,974 [INFO] app.api.routes_infra: WA[9413a29d] -> sendMessage | target=120363141953100908@g.us | len=292
2026-08-13 18:48:15,033 [INFO] app.api.routes_infra: WA[9413a29d] <- status=200 | body={"success":true}
2026-08-13 18:48:15,033 [INFO] app.api.routes_infra: InfraAlert sent | status=200 | resp={"success":true}
2026-08-13 19:18:50,716 [INFO] app.api.routes_infra: WA[40cbe462] -> sendMessage | target=919818393041 | len=126
2026-08-13 19:18:51,038 [INFO] app.api.routes_infra: WA[40cbe462] <- status=200 | body={"success":true}
2026-08-13 19:18:51,038 [INFO] app.api.routes_infra: PickNotify sent to 9818393041 | ticket_id=1193
2026-08-13 19:26:27,430 [INFO] app.api.routes_infra: WA[105d9382] -> sendMessage | target=919818393041 | len=293
2026-08-13 19:26:27,743 [INFO] app.api.routes_infra: WA[105d9382] <- status=200 | body={"success":true}
2026-08-13 19:26:27,743 [INFO] app.api.routes_infra: ResolveNotify sent | ticket_id=1193 contact=9818393041
2026-08-14 13:15:03,550 [INFO] app.api.routes_infra: InfraAlert trigger -> ticket_id=1194 created_by=Suresh Kundra dept=Customer Care category=Software
2026-08-14 13:15:03,551 [INFO] app.api.routes_infra: InfraAlert -> sending WA for ticket_id=1194 | msg_len=258
2026-08-14 13:15:03,552 [INFO] app.api.routes_infra: WA[64a3fb44] -> sendMessage | target=120363141953100908@g.us | len=258
2026-08-14 13:15:03,661 [INFO] app.api.routes_infra: WA[64a3fb44] <- status=200 | body={"success":true}
2026-08-14 13:15:03,661 [INFO] app.api.routes_infra: InfraAlert sent | status=200 | resp={"success":true}
2026-08-14 14:23:49,519 [INFO] app.api.routes_infra: InfraAlert trigger -> ticket_id=1195 created_by=Dr Vipul Bhasin dept=Home Collection category=Software
2026-08-14 14:23:49,520 [INFO] app.api.routes_infra: InfraAlert -> sending WA for ticket_id=1195 | msg_len=327
2026-08-14 14:23:49,521 [INFO] app.api.routes_infra: WA[a344481e] -> sendMessage | target=120363141953100908@g.us | len=327
2026-08-14 14:23:49,572 [INFO] app.api.routes_infra: WA[a344481e] <- status=200 | body={"success":true}
2026-08-14 14:23:49,572 [INFO] app.api.routes_infra: InfraAlert sent | status=200 | resp={"success":true}
2026-08-14 14:23:58,284 [INFO] app.api.routes_infra: WA[87cd58ad] -> sendMessage | target=919598226263 | len=272
2026-08-14 14:23:58,615 [INFO] app.api.routes_infra: WA[87cd58ad] <- status=200 | body={"success":true}
2026-08-14 14:23:58,615 [INFO] app.api.routes_infra: ResolveNotify sent | ticket_id=1192 contact=9598226263
2026-08-14 14:24:51,002 [INFO] app.api.routes_infra: WA[927ce8d7] -> sendMessage | target=919910773271 | len=126
2026-08-14 14:24:51,398 [INFO] app.api.routes_infra: WA[927ce8d7] <- status=200 | body={"success":true}
2026-08-14 14:24:51,398 [INFO] app.api.routes_infra: PickNotify sent to 9910773271 | ticket_id=1182
2026-08-15 14:04:51,730 [INFO] app.api.routes_infra: InfraReminder -> processing 1 pending tickets
2026-08-15 14:04:51,731 [INFO] app.api.routes_infra: WA[1af5a9f8] -> sendMessage | target=120363141953100908@g.us | len=273
2026-08-15 14:04:51,868 [INFO] app.api.routes_infra: WA[1af5a9f8] <- status=200 | body={"success":true}
2026-08-15 14:04:51,869 [INFO] app.api.routes_infra: InfraReminder sent | ticket_id=1194 status=200
2026-08-15 15:04:51,719 [INFO] app.api.routes_infra: InfraReminder -> processing 1 pending tickets
2026-08-15 15:04:51,719 [INFO] app.api.routes_infra: WA[2b242a52] -> sendMessage | target=120363141953100908@g.us | len=342
2026-08-15 15:04:51,765 [INFO] app.api.routes_infra: WA[2b242a52] <- status=200 | body={"success":true}
2026-08-15 15:04:51,765 [INFO] app.api.routes_infra: InfraReminder sent | ticket_id=1195 status=200
2026-08-17 11:14:51,654 [INFO] app.api.routes_infra: Infra resolution SLA hiccup generated | ticket_id=1174 hiccup=HCP-26-1674
2026-08-17 11:24:51,731 [INFO] app.api.routes_infra: Infra auto hiccup generated | ticket_id=1194 hiccups=HCP-26-1676, HCP-26-1677, HCP-26-1678
2026-08-17 11:34:51,665 [INFO] app.api.routes_infra: Infra resolution SLA hiccup generated | ticket_id=1150 hiccup=HCP-26-1679
2026-08-17 11:34:51,682 [INFO] app.api.routes_infra: Infra resolution SLA hiccup generated | ticket_id=1189 hiccup=HCP-26-1680
2026-08-17 11:58:52,288 [INFO] app.api.routes_infra: WA[5ebc6d92] -> sendMessage | target=919873439864 | len=232
2026-08-17 11:58:52,729 [INFO] app.api.routes_infra: WA[5ebc6d92] <- status=200 | body={"success":true}
2026-08-17 11:58:52,729 [INFO] app.api.routes_infra: ResolveNotify sent | ticket_id=1185 contact=9873439864
2026-08-17 12:24:51,684 [INFO] app.api.routes_infra: Infra auto hiccup generated | ticket_id=1195 hiccups=HCP-26-1683, HCP-26-1684, HCP-26-1685
2026-08-17 12:37:23,190 [INFO] app.api.routes_infra: WA[e723e1df] -> sendMessage | target=919810030372 | len=122
2026-08-17 12:37:23,669 [INFO] app.api.routes_infra: WA[e723e1df] <- status=200 | body={"success":true}
2026-08-17 12:37:23,669 [INFO] app.api.routes_infra: PickNotify sent to 9810030372 | ticket_id=1195
2026-08-17 12:37:31,643 [INFO] app.api.routes_infra: WA[74b746e8] -> sendMessage | target=919667798385 | len=122
2026-08-17 12:37:32,246 [INFO] app.api.routes_infra: WA[74b746e8] <- status=200 | body={"success":true}
2026-08-17 12:37:32,246 [INFO] app.api.routes_infra: PickNotify sent to 9667798385 | ticket_id=1194
2026-08-17 13:04:42,604 [INFO] app.api.routes_infra: InfraAlert trigger -> ticket_id=1196 created_by=Md Shaquib Alam dept=Technical category=Software
2026-08-17 13:04:42,604 [INFO] app.api.routes_infra: InfraAlert -> sending WA for ticket_id=1196 | msg_len=446
2026-08-17 13:04:42,605 [INFO] app.api.routes_infra: WA[60ba0580] -> sendMessage | target=120363141953100908@g.us | len=446
2026-08-17 13:04:42,655 [INFO] app.api.routes_infra: WA[60ba0580] <- status=200 | body={"success":true}
2026-08-17 13:04:42,656 [INFO] app.api.routes_infra: InfraAlert sent | status=200 | resp={"success":true}
2026-08-17 13:16:43,978 [INFO] app.api.routes_infra: InfraAlert trigger -> ticket_id=1197 created_by=Prerna Sharma dept=Customer Care category=Software
2026-08-17 13:16:43,978 [INFO] app.api.routes_infra: InfraAlert -> sending WA for ticket_id=1197 | msg_len=373
2026-08-17 13:16:43,978 [INFO] app.api.routes_infra: WA[386d6dbe] -> sendMessage | target=120363141953100908@g.us | len=373
2026-08-17 13:16:44,629 [INFO] app.api.routes_infra: WA[386d6dbe] <- status=200 | body={"success":true}
2026-08-17 13:16:44,630 [INFO] app.api.routes_infra: InfraAlert sent | status=200 | resp={"success":true}
2026-08-17 14:17:57,857 [INFO] app.api.routes_infra: InfraAlert trigger -> ticket_id=1198 created_by=Manisha dept=Technical category=Software
2026-08-17 14:17:57,857 [INFO] app.api.routes_infra: InfraAlert -> sending WA for ticket_id=1198 | msg_len=250
2026-08-17 14:17:57,858 [INFO] app.api.routes_infra: WA[d899d14b] -> sendMessage | target=120363141953100908@g.us | len=250
2026-08-17 14:17:57,903 [INFO] app.api.routes_infra: WA[d899d14b] <- status=200 | body={"success":true}
2026-08-17 14:17:57,903 [INFO] app.api.routes_infra: InfraAlert sent | status=200 | resp={"success":true}
2026-08-17 14:33:41,939 [INFO] app.api.routes_infra: WA[18b67be9] -> sendMessage | target=919910773271 | len=126
2026-08-17 14:33:42,335 [INFO] app.api.routes_infra: WA[18b67be9] <- status=200 | body={"success":true}
2026-08-17 14:33:42,335 [INFO] app.api.routes_infra: PickNotify sent to 9910773271 | ticket_id=1197
2026-08-17 14:33:56,635 [INFO] app.api.routes_infra: WA[ccbe38e0] -> sendMessage | target=918448558464 | len=126
2026-08-17 14:33:57,069 [INFO] app.api.routes_infra: WA[ccbe38e0] <- status=200 | body={"success":true}
2026-08-17 14:33:57,070 [INFO] app.api.routes_infra: PickNotify sent to 8448558464 | ticket_id=1196
2026-08-17 14:54:52,969 [INFO] app.api.routes_infra: InfraAlert trigger -> ticket_id=1199 created_by=SONA dept=Customer Care category=Software
2026-08-17 14:54:52,970 [INFO] app.api.routes_infra: InfraAlert -> sending WA for ticket_id=1199 | msg_len=250
2026-08-17 14:54:52,970 [INFO] app.api.routes_infra: WA[50132ac0] -> sendMessage | target=120363141953100908@g.us | len=250
2026-08-17 14:54:53,025 [INFO] app.api.routes_infra: WA[50132ac0] <- status=200 | body={"success":true}
2026-08-17 14:54:53,025 [INFO] app.api.routes_infra: InfraAlert sent | status=200 | resp={"success":true}
2026-08-17 15:11:36,046 [INFO] app.api.routes_infra: InfraAlert trigger -> ticket_id=1200 created_by=Shabnam khan dept=Technical category=Software
2026-08-17 15:11:36,047 [INFO] app.api.routes_infra: InfraAlert -> sending WA for ticket_id=1200 | msg_len=317
2026-08-17 15:11:36,047 [INFO] app.api.routes_infra: WA[d7fb8510] -> sendMessage | target=120363141953100908@g.us | len=317
2026-08-17 15:11:36,095 [INFO] app.api.routes_infra: WA[d7fb8510] <- status=200 | body={"success":true}
2026-08-17 15:11:36,096 [INFO] app.api.routes_infra: InfraAlert sent | status=200 | resp={"success":true}
2026-08-17 15:16:58,644 [INFO] app.api.routes_infra: WA[9861e3cc] -> sendMessage | target=919818393041 | len=126
2026-08-17 15:16:59,022 [INFO] app.api.routes_infra: WA[9861e3cc] <- status=200 | body={"success":true}
2026-08-17 15:16:59,023 [INFO] app.api.routes_infra: PickNotify sent to 9818393041 | ticket_id=1200
2026-08-17 15:26:40,496 [INFO] app.api.routes_infra: WA[96c5e33b] -> sendMessage | target=919818393041 | len=305
2026-08-17 15:26:40,859 [INFO] app.api.routes_infra: WA[96c5e33b] <- status=200 | body={"success":true}
2026-08-17 15:26:40,860 [INFO] app.api.routes_infra: ResolveNotify sent | ticket_id=1200 contact=9818393041
2026-08-17 15:26:46,874 [INFO] app.api.routes_infra: WA[d3d8e0ce] -> sendMessage | target=918076741165 | len=122
2026-08-17 15:26:47,268 [INFO] app.api.routes_infra: WA[d3d8e0ce] <- status=200 | body={"success":true}
2026-08-17 15:26:47,269 [INFO] app.api.routes_infra: PickNotify sent to 8076741165 | ticket_id=1199
2026-08-17 15:34:49,500 [INFO] app.api.routes_infra: WA[9b4f8dc5] -> sendMessage | target=918448558464 | len=431
2026-08-17 15:34:49,844 [INFO] app.api.routes_infra: WA[9b4f8dc5] <- status=200 | body={"success":true}
2026-08-17 15:34:49,844 [INFO] app.api.routes_infra: ResolveNotify sent | ticket_id=1196 contact=8448558464
2026-08-17 15:36:39,723 [INFO] app.api.routes_infra: WA[ce00b36d] -> sendMessage | target=919910773271 | len=356
2026-08-17 15:36:40,106 [INFO] app.api.routes_infra: WA[ce00b36d] <- status=200 | body={"success":true}
2026-08-17 15:36:40,106 [INFO] app.api.routes_infra: ResolveNotify sent | ticket_id=1197 contact=9910773271
2026-08-17 15:36:44,599 [INFO] app.api.routes_infra: WA[433cd9bf] -> sendMessage | target=919910773271 | len=336
2026-08-17 15:36:44,977 [INFO] app.api.routes_infra: WA[433cd9bf] <- status=200 | body={"success":true}
2026-08-17 15:36:44,978 [INFO] app.api.routes_infra: ResolveNotify sent | ticket_id=1182 contact=9910773271
2026-08-17 15:47:20,230 [INFO] app.api.routes_infra: InfraAlert trigger -> ticket_id=1201 created_by=SONA dept=Customer Care category=Software
2026-08-17 15:47:20,231 [INFO] app.api.routes_infra: InfraAlert -> sending WA for ticket_id=1201 | msg_len=348
2026-08-17 15:47:20,232 [INFO] app.api.routes_infra: WA[8b871ce8] -> sendMessage | target=120363141953100908@g.us | len=348
2026-08-17 15:47:20,280 [INFO] app.api.routes_infra: WA[8b871ce8] <- status=200 | body={"success":true}
2026-08-17 15:47:20,281 [INFO] app.api.routes_infra: InfraAlert sent | status=200 | resp={"success":true}
2026-08-17 16:23:32,879 [INFO] app.api.routes_infra: WA[bd123821] -> sendMessage | target=918076741165 | len=251
2026-08-17 16:23:33,271 [INFO] app.api.routes_infra: WA[bd123821] <- status=200 | body={"success":true}
2026-08-17 16:23:33,271 [INFO] app.api.routes_infra: ResolveNotify sent | ticket_id=1199 contact=8076741165
2026-08-17 16:31:53,342 [INFO] app.api.routes_infra: WA[a3c6ad9c] -> sendMessage | target=918076741165 | len=271
2026-08-17 16:31:53,714 [INFO] app.api.routes_infra: WA[a3c6ad9c] <- status=200 | body={"success":true}
2026-08-17 16:31:53,715 [INFO] app.api.routes_infra: ResolveNotify sent | ticket_id=1189 contact=8076741165
2026-08-17 16:35:04,414 [INFO] app.api.routes_infra: WA[ba1eb27c] -> sendMessage | target=919667798385 | len=281
2026-08-17 16:35:04,776 [INFO] app.api.routes_infra: WA[ba1eb27c] <- status=200 | body={"success":true}
2026-08-17 16:35:04,777 [INFO] app.api.routes_infra: ResolveNotify sent | ticket_id=1171 contact=9667798385
2026-08-17 16:35:47,361 [INFO] app.api.routes_infra: WA[b673a9c2] -> sendMessage | target=919899847571 | len=265
2026-08-17 16:35:47,779 [INFO] app.api.routes_infra: WA[b673a9c2] <- status=200 | body={"success":true}
2026-08-17 16:35:47,779 [INFO] app.api.routes_infra: ResolveNotify sent | ticket_id=1170 contact=9899847571
2026-08-17 16:38:07,685 [INFO] app.api.routes_infra: WA[0f5d9449] -> sendMessage | target=917982256085 | len=258
2026-08-17 16:38:08,190 [INFO] app.api.routes_infra: WA[0f5d9449] <- status=200 | body={"success":true}
2026-08-17 16:38:08,191 [INFO] app.api.routes_infra: ResolveNotify sent | ticket_id=1174 contact=7982256085
2026-08-17 16:38:42,544 [INFO] app.api.routes_infra: WA[0c346880] -> sendMessage | target=919870554746 | len=260
2026-08-17 16:38:42,969 [INFO] app.api.routes_infra: WA[0c346880] <- status=200 | body={"success":true}
2026-08-17 16:38:42,969 [INFO] app.api.routes_infra: ResolveNotify sent | ticket_id=1161 contact=9870554746
2026-08-17 16:39:14,470 [INFO] app.api.routes_infra: WA[20622e59] -> sendMessage | target=919667798385 | len=289
2026-08-17 16:39:14,877 [INFO] app.api.routes_infra: WA[20622e59] <- status=200 | body={"success":true}
2026-08-17 16:39:14,878 [INFO] app.api.routes_infra: ResolveNotify sent | ticket_id=1105 contact=9667798385
2026-08-17 16:40:30,831 [INFO] app.api.routes_infra: WA[f581ceba] -> sendMessage | target=919810030372 | len=315
2026-08-17 16:40:31,207 [INFO] app.api.routes_infra: WA[f581ceba] <- status=200 | body={"success":true}
2026-08-17 16:40:31,207 [INFO] app.api.routes_infra: ResolveNotify sent | ticket_id=1195 contact=9810030372
2026-08-17 17:10:15,499 [INFO] app.api.routes_infra: WA[5632dadf] -> sendMessage | target=917042308798 | len=123
2026-08-17 17:10:15,932 [INFO] app.api.routes_infra: WA[5632dadf] <- status=200 | body={"success":true}
2026-08-17 17:10:15,932 [INFO] app.api.routes_infra: PickNotify sent to 7042308798 | ticket_id=1198
2026-08-17 17:10:22,825 [INFO] app.api.routes_infra: WA[56391bc7] -> sendMessage | target=917042308798 | len=241
2026-08-17 17:10:23,214 [INFO] app.api.routes_infra: WA[56391bc7] <- status=200 | body={"success":true}
2026-08-17 17:10:23,215 [INFO] app.api.routes_infra: ResolveNotify sent | ticket_id=1198 contact=7042308798
2026-08-17 17:52:04,899 [INFO] app.api.routes_infra: WA[e1ffd4ca] -> sendMessage | target=919667798385 | len=250
2026-08-17 17:52:05,338 [INFO] app.api.routes_infra: WA[e1ffd4ca] <- status=200 | body={"success":true}
2026-08-17 17:52:05,338 [INFO] app.api.routes_infra: ResolveNotify sent | ticket_id=1194 contact=9667798385
2026-08-17 17:52:10,369 [INFO] app.api.routes_infra: WA[a228f78e] -> sendMessage | target=917982256085 | len=261
2026-08-17 17:52:10,755 [INFO] app.api.routes_infra: WA[a228f78e] <- status=200 | body={"success":true}
2026-08-17 17:52:10,756 [INFO] app.api.routes_infra: ResolveNotify sent | ticket_id=1095 contact=7982256085
2026-08-17 17:52:32,881 [INFO] app.api.routes_infra: WA[3e4c4d30] -> sendMessage | target=918076741165 | len=122
2026-08-17 17:52:33,256 [INFO] app.api.routes_infra: WA[3e4c4d30] <- status=200 | body={"success":true}
2026-08-17 17:52:33,256 [INFO] app.api.routes_infra: PickNotify sent to 8076741165 | ticket_id=1201
2026-08-17 18:30:08,251 [INFO] app.api.routes_infra: WA[21b60d2d] -> sendMessage | target=918076741165 | len=349
2026-08-17 18:30:08,628 [INFO] app.api.routes_infra: WA[21b60d2d] <- status=200 | body={"success":true}
2026-08-17 18:30:08,629 [INFO] app.api.routes_infra: ResolveNotify sent | ticket_id=1201 contact=8076741165
2026-08-17 19:10:01,083 [INFO] app.api.routes_infra: InfraAlert trigger -> ticket_id=1202 created_by=Gunjan mehta dept=Marketing category=Software
2026-08-17 19:10:01,084 [INFO] app.api.routes_infra: InfraAlert -> sending WA for ticket_id=1202 | msg_len=324
2026-08-17 19:10:01,085 [INFO] app.api.routes_infra: WA[785b8741] -> sendMessage | target=120363141953100908@g.us | len=324
2026-08-17 19:10:01,193 [INFO] app.api.routes_infra: WA[785b8741] <- status=200 | body={"success":true}
2026-08-17 19:10:01,193 [INFO] app.api.routes_infra: InfraAlert sent | status=200 | resp={"success":true}
2026-08-17 19:12:32,936 [INFO] app.api.routes_infra: InfraAlert trigger -> ticket_id=1203 created_by=Gunjan mehta dept=Marketing category=Software
2026-08-17 19:12:32,936 [INFO] app.api.routes_infra: InfraAlert -> sending WA for ticket_id=1203 | msg_len=340
2026-08-17 19:12:32,937 [INFO] app.api.routes_infra: WA[bc76e22e] -> sendMessage | target=120363141953100908@g.us | len=340
2026-08-17 19:12:32,987 [INFO] app.api.routes_infra: WA[bc76e22e] <- status=200 | body={"success":true}
2026-08-17 19:12:32,987 [INFO] app.api.routes_infra: InfraAlert sent | status=200 | resp={"success":true}
2026-08-17 19:54:05,383 [INFO] app.api.routes_infra: WA[6bd7dbfd] -> sendMessage | target=919810312510 | len=126
2026-08-17 19:54:05,745 [INFO] app.api.routes_infra: WA[6bd7dbfd] <- status=200 | body={"success":true}
2026-08-17 19:54:05,745 [INFO] app.api.routes_infra: PickNotify sent to 9810312510 | ticket_id=1203
2026-08-17 19:54:12,846 [INFO] app.api.routes_infra: WA[bf765181] -> sendMessage | target=919810312510 | len=126
2026-08-17 19:54:13,217 [INFO] app.api.routes_infra: WA[bf765181] <- status=200 | body={"success":true}
2026-08-17 19:54:13,217 [INFO] app.api.routes_infra: PickNotify sent to 9810312510 | ticket_id=1202
2026-08-18 10:24:21,860 [INFO] app.api.routes_infra: WA[c2280525] -> sendMessage | target=919654441851 | len=312
2026-08-18 10:24:21,868 [INFO] app.api.routes_infra: WA[c2280525] <- status=409 | body={"error":"Account not ready"}
2026-08-18 10:24:21,869 [ERROR] app.api.routes_infra: ResolveNotify failed | ticket_id=1157 status=409 resp={"error":"Account not ready"}
2026-08-18 10:29:01,336 [INFO] app.api.routes_infra: WA[ab46c49e] -> sendMessage | target=919310305734 | len=123
2026-08-18 10:29:01,344 [INFO] app.api.routes_infra: WA[ab46c49e] <- status=409 | body={"error":"Account not ready"}
2026-08-18 10:29:01,344 [ERROR] app.api.routes_infra: PickNotify failed | ticket_id=1150 status=409 resp={"error":"Account not ready"}
2026-08-18 12:30:52,900 [INFO] app.api.routes_infra: InfraAlert trigger -> ticket_id=1204 created_by=Shoeb Alam dept=Customer Care category=Hardware
2026-08-18 12:30:52,901 [INFO] app.api.routes_infra: InfraAlert -> sending WA for ticket_id=1204 | msg_len=227
2026-08-18 12:30:52,902 [INFO] app.api.routes_infra: WA[a939d8cd] -> sendMessage | target=120363141953100908@g.us | len=227
2026-08-18 12:30:52,951 [INFO] app.api.routes_infra: WA[a939d8cd] <- status=200 | body={"success":true}
2026-08-18 12:30:52,951 [INFO] app.api.routes_infra: InfraAlert sent | status=200 | resp={"success":true}
2026-08-18 12:37:42,796 [INFO] app.api.routes_infra: WA[87a83fd2] -> sendMessage | target=917982209598 | len=123
2026-08-18 12:37:43,106 [INFO] app.api.routes_infra: WA[87a83fd2] <- status=200 | body={"success":true}
2026-08-18 12:37:43,106 [INFO] app.api.routes_infra: PickNotify sent to 7982209598 | ticket_id=1204
2026-08-18 12:37:45,173 [INFO] app.api.routes_infra: WA[27b0fc98] -> sendMessage | target=917982209598 | len=223
2026-08-18 12:37:45,472 [INFO] app.api.routes_infra: WA[27b0fc98] <- status=200 | body={"success":true}
2026-08-18 12:37:45,472 [INFO] app.api.routes_infra: ResolveNotify sent | ticket_id=1204 contact=7982209598
2026-08-18 12:45:04,111 [INFO] app.api.routes_infra: InfraAlert trigger -> ticket_id=1205 created_by=Akash yadav dept=Customer Care category=Hardware
2026-08-18 12:45:04,111 [INFO] app.api.routes_infra: InfraAlert -> sending WA for ticket_id=1205 | msg_len=292
2026-08-18 12:45:04,112 [INFO] app.api.routes_infra: WA[a8779641] -> sendMessage | target=120363141953100908@g.us | len=292
2026-08-18 12:45:04,411 [INFO] app.api.routes_infra: WA[a8779641] <- status=200 | body={"success":true}
2026-08-18 12:45:04,411 [INFO] app.api.routes_infra: InfraAlert sent | status=200 | resp={"success":true}
2026-08-18 12:45:57,436 [INFO] app.api.routes_infra: WA[66db6167] -> sendMessage | target=919899847571 | len=123
2026-08-18 12:45:57,757 [INFO] app.api.routes_infra: WA[66db6167] <- status=200 | body={"success":true}
2026-08-18 12:45:57,757 [INFO] app.api.routes_infra: PickNotify sent to 9899847571 | ticket_id=1205
2026-08-18 12:45:59,551 [INFO] app.api.routes_infra: WA[11254f47] -> sendMessage | target=919899847571 | len=274
2026-08-18 12:45:59,881 [INFO] app.api.routes_infra: WA[11254f47] <- status=200 | body={"success":true}
2026-08-18 12:45:59,882 [INFO] app.api.routes_infra: ResolveNotify sent | ticket_id=1205 contact=9899847571
2026-08-18 13:32:00,663 [INFO] app.api.routes_infra: InfraAlert trigger -> ticket_id=1206 created_by=Dr Vipul Bhasin dept=Other category=Software
2026-08-18 13:32:00,664 [INFO] app.api.routes_infra: InfraAlert -> sending WA for ticket_id=1206 | msg_len=356
2026-08-18 13:32:00,664 [INFO] app.api.routes_infra: WA[de358886] -> sendMessage | target=120363141953100908@g.us | len=356
2026-08-18 13:32:00,712 [INFO] app.api.routes_infra: WA[de358886] <- status=200 | body={"success":true}
2026-08-18 13:32:00,713 [INFO] app.api.routes_infra: InfraAlert sent | status=200 | resp={"success":true}
2026-08-18 13:42:49,345 [INFO] app.api.routes_infra: WA[ad834636] -> sendMessage | target=919810030372 | len=122
2026-08-18 13:42:49,684 [INFO] app.api.routes_infra: WA[ad834636] <- status=200 | body={"success":true}
2026-08-18 13:42:49,684 [INFO] app.api.routes_infra: PickNotify sent to 9810030372 | ticket_id=1206
2026-08-18 15:08:39,795 [INFO] app.api.routes_infra: WA[396c96e7] -> sendMessage | target=919810312510 | len=341
2026-08-18 15:08:40,131 [INFO] app.api.routes_infra: WA[396c96e7] <- status=200 | body={"success":true}
2026-08-18 15:08:40,132 [INFO] app.api.routes_infra: ResolveNotify sent | ticket_id=1203 contact=9810312510
2026-08-18 15:08:43,573 [INFO] app.api.routes_infra: WA[ef932cc1] -> sendMessage | target=919810312510 | len=325
2026-08-18 15:08:43,901 [INFO] app.api.routes_infra: WA[ef932cc1] <- status=200 | body={"success":true}
2026-08-18 15:08:43,902 [INFO] app.api.routes_infra: ResolveNotify sent | ticket_id=1202 contact=9810312510
2026-08-18 16:17:24,430 [INFO] app.api.routes_infra: InfraAlert trigger -> ticket_id=1207 created_by=Dr Vipul Bhasin dept=Other category=Software
2026-08-18 16:17:24,432 [INFO] app.api.routes_infra: InfraAlert -> sending WA for ticket_id=1207 | msg_len=477
2026-08-18 16:17:24,432 [INFO] app.api.routes_infra: WA[c0f8c9a5] -> sendMessage | target=120363141953100908@g.us | len=477
2026-08-18 16:17:24,532 [INFO] app.api.routes_infra: WA[c0f8c9a5] <- status=200 | body={"success":true}
2026-08-18 16:17:24,533 [INFO] app.api.routes_infra: InfraAlert sent | status=200 | resp={"success":true}
2026-08-18 16:30:18,852 [INFO] app.api.routes_infra: WA[76fa0ece] -> sendMessage | target=919810030372 | len=122
2026-08-18 16:30:19,272 [INFO] app.api.routes_infra: WA[76fa0ece] <- status=200 | body={"success":true}
2026-08-18 16:30:19,272 [INFO] app.api.routes_infra: PickNotify sent to 9810030372 | ticket_id=1207
2026-08-19 10:31:54,576 [INFO] app.api.routes_infra: InfraAlert trigger -> ticket_id=1208 created_by=Gulrez Sultan dept=Customer Care category=Office Infra
2026-08-19 10:31:54,576 [INFO] app.api.routes_infra: InfraAlert -> sending WA for ticket_id=1208 | msg_len=242
2026-08-19 10:31:54,577 [INFO] app.api.routes_infra: WA[17bbc3bd] -> sendMessage | target=120363141953100908@g.us | len=242
2026-08-19 10:31:54,624 [INFO] app.api.routes_infra: WA[17bbc3bd] <- status=200 | body={"success":true}
2026-08-19 10:31:54,625 [INFO] app.api.routes_infra: InfraAlert sent | status=200 | resp={"success":true}
2026-08-19 11:08:54,540 [INFO] app.api.routes_infra: InfraAlert trigger -> ticket_id=1209 created_by=Shabnam khan dept=Technical category=Software
2026-08-19 11:08:54,541 [INFO] app.api.routes_infra: InfraAlert -> sending WA for ticket_id=1209 | msg_len=312
2026-08-19 11:08:54,542 [INFO] app.api.routes_infra: WA[76bc0f73] -> sendMessage | target=120363141953100908@g.us | len=312
2026-08-19 11:08:54,589 [INFO] app.api.routes_infra: WA[76bc0f73] <- status=200 | body={"success":true}
2026-08-19 11:08:54,589 [INFO] app.api.routes_infra: InfraAlert sent | status=200 | resp={"success":true}
2026-08-19 11:13:04,830 [INFO] app.api.routes_infra: InfraAlert trigger -> ticket_id=1210 created_by=jyoti dept=Customer Care category=Software
2026-08-19 11:13:04,831 [INFO] app.api.routes_infra: InfraAlert -> sending WA for ticket_id=1210 | msg_len=320
2026-08-19 11:13:04,831 [INFO] app.api.routes_infra: WA[fb0b14b2] -> sendMessage | target=120363141953100908@g.us | len=320
2026-08-19 11:13:04,874 [INFO] app.api.routes_infra: WA[fb0b14b2] <- status=200 | body={"success":true}
2026-08-19 11:13:04,874 [INFO] app.api.routes_infra: InfraAlert sent | status=200 | resp={"success":true}
2026-08-19 11:24:39,144 [INFO] app.api.routes_infra: WA[fbb06e8d] -> sendMessage | target=919818393041 | len=122
2026-08-19 11:24:39,478 [INFO] app.api.routes_infra: WA[fbb06e8d] <- status=200 | body={"success":true}
2026-08-19 11:24:39,478 [INFO] app.api.routes_infra: PickNotify sent to 9818393041 | ticket_id=1209
2026-08-19 11:24:52,344 [INFO] app.api.routes_infra: WA[a4e887a1] -> sendMessage | target=919870554746 | len=122
2026-08-19 11:24:52,655 [INFO] app.api.routes_infra: WA[a4e887a1] <- status=200 | body={"success":true}
2026-08-19 11:24:52,655 [INFO] app.api.routes_infra: PickNotify sent to 9870554746 | ticket_id=1210
2026-08-19 12:30:30,205 [INFO] app.api.routes_infra: InfraAlert trigger -> ticket_id=1211 created_by=jyoti dept=Customer Care category=Software
2026-08-19 12:30:30,206 [INFO] app.api.routes_infra: InfraAlert -> sending WA for ticket_id=1211 | msg_len=239
2026-08-19 12:30:30,206 [INFO] app.api.routes_infra: WA[05ac94bc] -> sendMessage | target=120363141953100908@g.us | len=239
2026-08-19 12:30:30,250 [INFO] app.api.routes_infra: WA[05ac94bc] <- status=200 | body={"success":true}
2026-08-19 12:30:30,251 [INFO] app.api.routes_infra: InfraAlert sent | status=200 | resp={"success":true}
2026-08-19 12:38:29,804 [INFO] app.api.routes_infra: WA[57c1f056] -> sendMessage | target=919870554746 | len=126
2026-08-19 12:38:30,106 [INFO] app.api.routes_infra: WA[57c1f056] <- status=200 | body={"success":true}
2026-08-19 12:38:30,107 [INFO] app.api.routes_infra: PickNotify sent to 9870554746 | ticket_id=1211
2026-08-19 13:29:13,180 [INFO] app.api.routes_infra: WA[ed2d5822] -> sendMessage | target=919818247844 | len=123
2026-08-19 13:29:13,493 [INFO] app.api.routes_infra: WA[ed2d5822] <- status=200 | body={"success":true}
2026-08-19 13:29:13,493 [INFO] app.api.routes_infra: PickNotify sent to 9818247844 | ticket_id=1208
2026-08-19 13:47:42,100 [INFO] app.api.routes_infra: InfraAlert trigger -> ticket_id=1212 created_by=Ritu Mahalwal dept=Customer Care category=Hardware
2026-08-19 13:47:42,100 [INFO] app.api.routes_infra: InfraAlert -> sending WA for ticket_id=1212 | msg_len=234
2026-08-19 13:47:42,101 [INFO] app.api.routes_infra: WA[a8153d03] -> sendMessage | target=120363141953100908@g.us | len=234
2026-08-19 13:47:42,150 [INFO] app.api.routes_infra: WA[a8153d03] <- status=200 | body={"success":true}
2026-08-19 13:47:42,150 [INFO] app.api.routes_infra: InfraAlert sent | status=200 | resp={"success":true}
2026-08-19 13:49:58,429 [INFO] app.api.routes_infra: WA[f7832483] -> sendMessage | target=919871366002 | len=123
2026-08-19 13:49:59,081 [INFO] app.api.routes_infra: WA[f7832483] <- status=200 | body={"success":true}
2026-08-19 13:49:59,081 [INFO] app.api.routes_infra: PickNotify sent to 9871366002 | ticket_id=1212
2026-08-19 13:50:01,738 [INFO] app.api.routes_infra: WA[8f0c56b7] -> sendMessage | target=919871366002 | len=227
2026-08-19 13:50:02,089 [INFO] app.api.routes_infra: WA[8f0c56b7] <- status=200 | body={"success":true}
2026-08-19 13:50:02,090 [INFO] app.api.routes_infra: ResolveNotify sent | ticket_id=1212 contact=9871366002
2026-08-19 19:59:08,028 [INFO] app.api.routes_infra: WA[fa9b0861] -> sendMessage | target=919870554746 | len=230
2026-08-19 19:59:08,337 [INFO] app.api.routes_infra: WA[fa9b0861] <- status=200 | body={"success":true}
2026-08-19 19:59:08,337 [INFO] app.api.routes_infra: ResolveNotify sent | ticket_id=1211 contact=9870554746
2026-08-20 11:56:55,916 [INFO] app.api.routes_infra: InfraAlert trigger -> ticket_id=1213 created_by=Md Shaquib Alam dept=Technical category=Software
2026-08-20 11:56:55,919 [INFO] app.api.routes_infra: InfraAlert -> sending WA for ticket_id=1213 | msg_len=488
2026-08-20 11:56:55,919 [INFO] app.api.routes_infra: WA[26d61000] -> sendMessage | target=120363141953100908@g.us | len=488
2026-08-20 11:56:56,013 [INFO] app.api.routes_infra: WA[26d61000] <- status=200 | body={"success":true}
2026-08-20 11:56:56,013 [INFO] app.api.routes_infra: InfraAlert sent | status=200 | resp={"success":true}
2026-08-20 12:01:01,149 [INFO] app.api.routes_infra: WA[eb3714c7] -> sendMessage | target=918448558464 | len=126
2026-08-20 12:01:01,696 [INFO] app.api.routes_infra: WA[eb3714c7] <- status=200 | body={"success":true}
2026-08-20 12:01:01,697 [INFO] app.api.routes_infra: PickNotify sent to 8448558464 | ticket_id=1213
2026-08-20 12:09:54,138 [INFO] app.api.routes_infra: InfraAlert trigger -> ticket_id=1214 created_by=Md Shaquib Alam dept=Technical category=Software
2026-08-20 12:09:54,138 [INFO] app.api.routes_infra: InfraAlert -> sending WA for ticket_id=1214 | msg_len=309
2026-08-20 12:09:54,140 [INFO] app.api.routes_infra: WA[37b56728] -> sendMessage | target=120363141953100908@g.us | len=309
2026-08-20 12:09:54,190 [INFO] app.api.routes_infra: WA[37b56728] <- status=200 | body={"success":true}
2026-08-20 12:09:54,190 [INFO] app.api.routes_infra: InfraAlert sent | status=200 | resp={"success":true}
2026-08-20 12:17:02,462 [INFO] app.api.routes_infra: WA[ed27e965] -> sendMessage | target=918448558464 | len=126
2026-08-20 12:17:02,779 [INFO] app.api.routes_infra: WA[ed27e965] <- status=200 | body={"success":true}
2026-08-20 12:17:02,780 [INFO] app.api.routes_infra: PickNotify sent to 8448558464 | ticket_id=1214
2026-08-20 12:25:10,356 [INFO] app.api.routes_infra: WA[c424e43f] -> sendMessage | target=919810030372 | len=354
2026-08-20 12:25:10,715 [INFO] app.api.routes_infra: WA[c424e43f] <- status=200 | body={"success":true}
2026-08-20 12:25:10,715 [INFO] app.api.routes_infra: ResolveNotify sent | ticket_id=1206 contact=9810030372
2026-08-20 12:25:25,253 [INFO] app.api.routes_infra: WA[f4bc5b4a] -> sendMessage | target=919818393041 | len=296
2026-08-20 12:25:25,558 [INFO] app.api.routes_infra: WA[f4bc5b4a] <- status=200 | body={"success":true}
2026-08-20 12:25:25,558 [INFO] app.api.routes_infra: ResolveNotify sent | ticket_id=1209 contact=9818393041
2026-08-20 12:27:21,703 [INFO] app.api.routes_infra: WA[b8033efa] -> sendMessage | target=918448558464 | len=294
2026-08-20 12:27:22,014 [INFO] app.api.routes_infra: WA[b8033efa] <- status=200 | body={"success":true}
2026-08-20 12:27:22,014 [INFO] app.api.routes_infra: ResolveNotify sent | ticket_id=1214 contact=8448558464
2026-08-20 12:33:47,997 [INFO] app.api.routes_infra: WA[ca100ea3] -> sendMessage | target=918448558464 | len=473
2026-08-20 12:33:48,311 [INFO] app.api.routes_infra: WA[ca100ea3] <- status=200 | body={"success":true}
2026-08-20 12:33:48,312 [INFO] app.api.routes_infra: ResolveNotify sent | ticket_id=1213 contact=8448558464
2026-08-20 12:45:55,504 [INFO] app.api.routes_infra: InfraAlert trigger -> ticket_id=1215 created_by=Mansi Shukla dept=Technical category=Hardware
2026-08-20 12:45:55,505 [INFO] app.api.routes_infra: InfraAlert -> sending WA for ticket_id=1215 | msg_len=249
2026-08-20 12:45:55,505 [INFO] app.api.routes_infra: WA[ed27aa14] -> sendMessage | target=120363141953100908@g.us | len=249
2026-08-20 12:45:56,187 [INFO] app.api.routes_infra: WA[ed27aa14] <- status=200 | body={"success":true}
2026-08-20 12:45:56,187 [INFO] app.api.routes_infra: InfraAlert sent | status=200 | resp={"success":true}
2026-08-20 13:46:42,835 [INFO] app.api.routes_infra: InfraAlert trigger -> ticket_id=1216 created_by=Dr Vipul Bhasin dept=Customer Care category=Software
2026-08-20 13:46:42,836 [INFO] app.api.routes_infra: InfraAlert -> sending WA for ticket_id=1216 | msg_len=438
2026-08-20 13:46:42,839 [INFO] app.api.routes_infra: WA[97511fda] -> sendMessage | target=120363141953100908@g.us | len=438
2026-08-20 13:46:42,926 [INFO] app.api.routes_infra: WA[97511fda] <- status=200 | body={"success":true}
2026-08-20 13:46:42,926 [INFO] app.api.routes_infra: InfraAlert sent | status=200 | resp={"success":true}
2026-08-20 14:00:55,836 [INFO] app.api.routes_infra: WA[4c7254a1] -> sendMessage | target=919810030372 | len=122
2026-08-20 14:00:56,243 [INFO] app.api.routes_infra: WA[4c7254a1] <- status=200 | body={"success":true}
2026-08-20 14:00:56,243 [INFO] app.api.routes_infra: PickNotify sent to 9810030372 | ticket_id=1216
2026-08-20 16:39:50,904 [INFO] app.api.routes_infra: InfraAlert trigger -> ticket_id=1217 created_by=Shalini rawat dept=Other category=Hardware
2026-08-20 16:39:50,905 [INFO] app.api.routes_infra: InfraAlert -> sending WA for ticket_id=1217 | msg_len=219
2026-08-20 16:39:50,905 [INFO] app.api.routes_infra: WA[a06fa478] -> sendMessage | target=120363141953100908@g.us | len=219
2026-08-20 16:39:50,967 [INFO] app.api.routes_infra: WA[a06fa478] <- status=200 | body={"success":true}
2026-08-20 16:39:50,967 [INFO] app.api.routes_infra: InfraAlert sent | status=200 | resp={"success":true}
2026-08-20 16:48:47,018 [INFO] app.api.routes_infra: WA[85031d72] -> sendMessage | target=918595713150 | len=123
2026-08-20 16:48:47,735 [INFO] app.api.routes_infra: WA[85031d72] <- status=200 | body={"success":true}
2026-08-20 16:48:47,736 [INFO] app.api.routes_infra: PickNotify sent to 8595713150 | ticket_id=1215
2026-08-20 16:48:53,414 [INFO] app.api.routes_infra: WA[0d2049bb] -> sendMessage | target=918595713150 | len=234
2026-08-20 16:48:53,850 [INFO] app.api.routes_infra: WA[0d2049bb] <- status=200 | body={"success":true}
2026-08-20 16:48:53,851 [INFO] app.api.routes_infra: ResolveNotify sent | ticket_id=1215 contact=8595713150
2026-08-20 18:36:05,460 [INFO] app.api.routes_infra: WA[28941936] -> sendMessage | target=919810030372 | len=428
2026-08-20 18:36:05,819 [INFO] app.api.routes_infra: WA[28941936] <- status=200 | body={"success":true}
2026-08-20 18:36:05,819 [INFO] app.api.routes_infra: ResolveNotify sent | ticket_id=1216 contact=9810030372
2026-08-21 10:34:37,920 [INFO] app.api.routes_infra: InfraAlert trigger -> ticket_id=1218 created_by=Jyoti Marwah dept=Technical category=Office Infra
2026-08-21 10:34:37,920 [INFO] app.api.routes_infra: InfraAlert -> sending WA for ticket_id=1218 | msg_len=254
2026-08-21 10:34:37,921 [INFO] app.api.routes_infra: WA[66fc4e23] -> sendMessage | target=120363141953100908@g.us | len=254
2026-08-21 10:34:37,979 [INFO] app.api.routes_infra: WA[66fc4e23] <- status=200 | body={"success":true}
2026-08-21 10:34:37,979 [INFO] app.api.routes_infra: InfraAlert sent | status=200 | resp={"success":true}
2026-08-21 11:40:13,256 [INFO] app.api.routes_infra: InfraAlert trigger -> ticket_id=1219 created_by=Harshit dept=Technical category=Hardware
2026-08-21 11:40:13,257 [INFO] app.api.routes_infra: InfraAlert -> sending WA for ticket_id=1219 | msg_len=242
2026-08-21 11:40:13,258 [INFO] app.api.routes_infra: WA[c3cfb6cc] -> sendMessage | target=120363141953100908@g.us | len=242
2026-08-21 11:40:13,311 [INFO] app.api.routes_infra: WA[c3cfb6cc] <- status=200 | body={"success":true}
2026-08-21 11:40:13,311 [INFO] app.api.routes_infra: InfraAlert sent | status=200 | resp={"success":true}
2026-08-21 11:54:47,091 [INFO] app.api.routes_infra: WA[be058781] -> sendMessage | target=919310305734 | len=123
2026-08-21 11:54:47,442 [INFO] app.api.routes_infra: WA[be058781] <- status=200 | body={"success":true}
2026-08-21 11:54:47,443 [INFO] app.api.routes_infra: PickNotify sent to 9310305734 | ticket_id=1219
2026-08-21 11:54:49,520 [INFO] app.api.routes_infra: WA[1f524a0c] -> sendMessage | target=919310305734 | len=232
2026-08-21 11:54:49,869 [INFO] app.api.routes_infra: WA[1f524a0c] <- status=200 | body={"success":true}
2026-08-21 11:54:49,870 [INFO] app.api.routes_infra: ResolveNotify sent | ticket_id=1219 contact=9310305734
2026-08-21 14:44:51,658 [INFO] app.api.routes_infra: Infra auto hiccup generated | ticket_id=1217 hiccups=HCP-26-1727, HCP-26-1728
2026-08-21 15:14:51,646 [INFO] app.api.routes_infra: Infra auto hiccup generated | ticket_id=1218 hiccups=HCP-26-1729
2026-08-21 15:15:55,494 [INFO] app.api.routes_infra: WA[ed9e4614] -> sendMessage | target=919650692437 | len=122
2026-08-21 15:15:55,826 [INFO] app.api.routes_infra: WA[ed9e4614] <- status=200 | body={"success":true}
2026-08-21 15:15:55,826 [INFO] app.api.routes_infra: PickNotify sent to 9650692437 | ticket_id=1217
2026-08-21 15:17:31,070 [INFO] app.api.routes_infra: WA[682a112e] -> sendMessage | target=919821189006 | len=123
2026-08-21 15:17:31,529 [INFO] app.api.routes_infra: WA[682a112e] <- status=200 | body={"success":true}
2026-08-21 15:17:31,529 [INFO] app.api.routes_infra: PickNotify sent to 9821189006 | ticket_id=1218
2026-08-21 19:40:11,164 [INFO] app.api.routes_infra: WA[3cb4291d] -> sendMessage | target=919310305734 | len=250
2026-08-21 19:40:11,546 [INFO] app.api.routes_infra: WA[3cb4291d] <- status=200 | body={"success":true}
2026-08-21 19:40:11,546 [INFO] app.api.routes_infra: ResolveNotify sent | ticket_id=1150 contact=9310305734
2026-08-21 20:04:11,079 [INFO] app.api.routes_infra: InfraAlert trigger -> ticket_id=1220 created_by=Shahana Parveen dept=Marketing category=Software
2026-08-21 20:04:11,080 [INFO] app.api.routes_infra: InfraAlert -> sending WA for ticket_id=1220 | msg_len=339
2026-08-21 20:04:11,081 [INFO] app.api.routes_infra: WA[9cf5c9a3] -> sendMessage | target=120363141953100908@g.us | len=339
2026-08-21 20:04:21,084 [ERROR] app.api.routes_infra: WA[9cf5c9a3] send_whatsapp_to_number exception: HTTPConnectionPool(host='10.1.1.44', port=3004): Max retries exceeded with url: /api/messages/send (Caused by ConnectTimeoutError(<HTTPConnection(host='10.1.1.44', port=3004) at 0x752f558f2510>, 'Connection to 10.1.1.44 timed out. (connect timeout=10)'))
Traceback (most recent call last):
  File "/usr/local/lib/python3.11/site-packages/urllib3/connection.py", line 204, in _new_conn
    sock = connection.create_connection(
           ^^^^^^^^^^^^^^^^^^^^^^^^^^^^^
  File "/usr/local/lib/python3.11/site-packages/urllib3/util/connection.py", line 85, in create_connection
    raise err
  File "/usr/local/lib/python3.11/site-packages/urllib3/util/connection.py", line 73, in create_connection
    sock.connect(sa)
TimeoutError: timed out

The above exception was the direct cause of the following exception:

Traceback (most recent call last):
  File "/usr/local/lib/python3.11/site-packages/urllib3/connectionpool.py", line 787, in urlopen
    response = self._make_request(
               ^^^^^^^^^^^^^^^^^^^
  File "/usr/local/lib/python3.11/site-packages/urllib3/connectionpool.py", line 493, in _make_request
    conn.request(
  File "/usr/local/lib/python3.11/site-packages/urllib3/connection.py", line 500, in request
    self.endheaders()
  File "/usr/local/lib/python3.11/http/client.py", line 1318, in endheaders
    self._send_output(message_body, encode_chunked=encode_chunked)
  File "/usr/local/lib/python3.11/http/client.py", line 1078, in _send_output
    self.send(msg)
  File "/usr/local/lib/python3.11/http/client.py", line 1016, in send
    self.connect()
  File "/usr/local/lib/python3.11/site-packages/urllib3/connection.py", line 331, in connect
    self.sock = self._new_conn()
                ^^^^^^^^^^^^^^^^
  File "/usr/local/lib/python3.11/site-packages/urllib3/connection.py", line 213, in _new_conn
    raise ConnectTimeoutError(
urllib3.exceptions.ConnectTimeoutError: (<HTTPConnection(host='10.1.1.44', port=3004) at 0x752f558f2510>, 'Connection to 10.1.1.44 timed out. (connect timeout=10)')

The above exception was the direct cause of the following exception:

Traceback (most recent call last):
  File "/usr/local/lib/python3.11/site-packages/requests/adapters.py", line 645, in send
    resp = conn.urlopen(
           ^^^^^^^^^^^^^
  File "/usr/local/lib/python3.11/site-packages/urllib3/connectionpool.py", line 841, in urlopen
    retries = retries.increment(
              ^^^^^^^^^^^^^^^^^^
  File "/usr/local/lib/python3.11/site-packages/urllib3/util/retry.py", line 535, in increment
    raise MaxRetryError(_pool, url, reason) from reason  # type: ignore[arg-type]
    ^^^^^^^^^^^^^^^^^^^^^^^^^^^^^^^^^^^^^^^^^^^^^^^^^^^
urllib3.exceptions.MaxRetryError: HTTPConnectionPool(host='10.1.1.44', port=3004): Max retries exceeded with url: /api/messages/send (Caused by ConnectTimeoutError(<HTTPConnection(host='10.1.1.44', port=3004) at 0x752f558f2510>, 'Connection to 10.1.1.44 timed out. (connect timeout=10)'))

During handling of the above exception, another exception occurred:

Traceback (most recent call last):
  File "/app/app/api/routes_infra.py", line 151, in send_whatsapp_to_number
    r = requests.post(
        ^^^^^^^^^^^^^^
  File "/usr/local/lib/python3.11/site-packages/requests/api.py", line 115, in post
    return request("post", url, data=data, json=json, **kwargs)
           ^^^^^^^^^^^^^^^^^^^^^^^^^^^^^^^^^^^^^^^^^^^^^^^^^^^^
  File "/usr/local/lib/python3.11/site-packages/requests/api.py", line 59, in request
    return session.request(method=method, url=url, **kwargs)
           ^^^^^^^^^^^^^^^^^^^^^^^^^^^^^^^^^^^^^^^^^^^^^^^^^
  File "/usr/local/lib/python3.11/site-packages/requests/sessions.py", line 592, in request
    resp = self.send(prep, **send_kwargs)
           ^^^^^^^^^^^^^^^^^^^^^^^^^^^^^^
  File "/usr/local/lib/python3.11/site-packages/requests/sessions.py", line 706, in send
    r = adapter.send(request, **kwargs)
        ^^^^^^^^^^^^^^^^^^^^^^^^^^^^^^^
  File "/usr/local/lib/python3.11/site-packages/requests/adapters.py", line 666, in send
    raise ConnectTimeout(e, request=request)
requests.exceptions.ConnectTimeout: HTTPConnectionPool(host='10.1.1.44', port=3004): Max retries exceeded with url: /api/messages/send (Caused by ConnectTimeoutError(<HTTPConnection(host='10.1.1.44', port=3004) at 0x752f558f2510>, 'Connection to 10.1.1.44 timed out. (connect timeout=10)'))
2026-08-21 20:04:21,097 [ERROR] app.api.routes_infra: InfraAlert failed | status=500 | resp=HTTPConnectionPool(host='10.1.1.44', port=3004): Max retries exceeded with url: /api/messages/send (Caused by ConnectTimeoutError(<HTTPConnection(host='10.1.1.44', port=3004) at 0x752f558f2510>, 'Connection to 10.1.1.44 timed out. (connect timeout=10)'))
2026-08-22 07:44:16,195 [INFO] app.api.routes_infra: InfraAlert trigger -> ticket_id=1221 created_by=jyoti dept=Customer Care category=Software
2026-08-22 07:44:16,197 [INFO] app.api.routes_infra: InfraAlert -> sending WA for ticket_id=1221 | msg_len=353
2026-08-22 07:44:16,199 [INFO] app.api.routes_infra: WA[376ba8af] -> sendMessage | target=120363141953100908@g.us | len=353
2026-08-22 07:44:26,205 [ERROR] app.api.routes_infra: WA[376ba8af] send_whatsapp_to_number exception: HTTPConnectionPool(host='10.1.1.44', port=3004): Max retries exceeded with url: /api/messages/send (Caused by ConnectTimeoutError(<HTTPConnection(host='10.1.1.44', port=3004) at 0x7d5188261c90>, 'Connection to 10.1.1.44 timed out. (connect timeout=10)'))
Traceback (most recent call last):
  File "/usr/local/lib/python3.11/site-packages/urllib3/connection.py", line 204, in _new_conn
    sock = connection.create_connection(
           ^^^^^^^^^^^^^^^^^^^^^^^^^^^^^
  File "/usr/local/lib/python3.11/site-packages/urllib3/util/connection.py", line 85, in create_connection
    raise err
  File "/usr/local/lib/python3.11/site-packages/urllib3/util/connection.py", line 73, in create_connection
    sock.connect(sa)
TimeoutError: timed out

The above exception was the direct cause of the following exception:

Traceback (most recent call last):
  File "/usr/local/lib/python3.11/site-packages/urllib3/connectionpool.py", line 787, in urlopen
    response = self._make_request(
               ^^^^^^^^^^^^^^^^^^^
  File "/usr/local/lib/python3.11/site-packages/urllib3/connectionpool.py", line 493, in _make_request
    conn.request(
  File "/usr/local/lib/python3.11/site-packages/urllib3/connection.py", line 500, in request
    self.endheaders()
  File "/usr/local/lib/python3.11/http/client.py", line 1318, in endheaders
    self._send_output(message_body, encode_chunked=encode_chunked)
  File "/usr/local/lib/python3.11/http/client.py", line 1078, in _send_output
    self.send(msg)
  File "/usr/local/lib/python3.11/http/client.py", line 1016, in send
    self.connect()
  File "/usr/local/lib/python3.11/site-packages/urllib3/connection.py", line 331, in connect
    self.sock = self._new_conn()
                ^^^^^^^^^^^^^^^^
  File "/usr/local/lib/python3.11/site-packages/urllib3/connection.py", line 213, in _new_conn
    raise ConnectTimeoutError(
urllib3.exceptions.ConnectTimeoutError: (<HTTPConnection(host='10.1.1.44', port=3004) at 0x7d5188261c90>, 'Connection to 10.1.1.44 timed out. (connect timeout=10)')

The above exception was the direct cause of the following exception:

Traceback (most recent call last):
  File "/usr/local/lib/python3.11/site-packages/requests/adapters.py", line 645, in send
    resp = conn.urlopen(
           ^^^^^^^^^^^^^
  File "/usr/local/lib/python3.11/site-packages/urllib3/connectionpool.py", line 841, in urlopen
    retries = retries.increment(
              ^^^^^^^^^^^^^^^^^^
  File "/usr/local/lib/python3.11/site-packages/urllib3/util/retry.py", line 535, in increment
    raise MaxRetryError(_pool, url, reason) from reason  # type: ignore[arg-type]
    ^^^^^^^^^^^^^^^^^^^^^^^^^^^^^^^^^^^^^^^^^^^^^^^^^^^
urllib3.exceptions.MaxRetryError: HTTPConnectionPool(host='10.1.1.44', port=3004): Max retries exceeded with url: /api/messages/send (Caused by ConnectTimeoutError(<HTTPConnection(host='10.1.1.44', port=3004) at 0x7d5188261c90>, 'Connection to 10.1.1.44 timed out. (connect timeout=10)'))

During handling of the above exception, another exception occurred:

Traceback (most recent call last):
  File "/app/app/api/routes_infra.py", line 151, in send_whatsapp_to_number
    r = requests.post(
        ^^^^^^^^^^^^^^
  File "/usr/local/lib/python3.11/site-packages/requests/api.py", line 115, in post
    return request("post", url, data=data, json=json, **kwargs)
           ^^^^^^^^^^^^^^^^^^^^^^^^^^^^^^^^^^^^^^^^^^^^^^^^^^^^
  File "/usr/local/lib/python3.11/site-packages/requests/api.py", line 59, in request
    return session.request(method=method, url=url, **kwargs)
           ^^^^^^^^^^^^^^^^^^^^^^^^^^^^^^^^^^^^^^^^^^^^^^^^^
  File "/usr/local/lib/python3.11/site-packages/requests/sessions.py", line 592, in request
    resp = self.send(prep, **send_kwargs)
           ^^^^^^^^^^^^^^^^^^^^^^^^^^^^^^
  File "/usr/local/lib/python3.11/site-packages/requests/sessions.py", line 706, in send
    r = adapter.send(request, **kwargs)
        ^^^^^^^^^^^^^^^^^^^^^^^^^^^^^^^
  File "/usr/local/lib/python3.11/site-packages/requests/adapters.py", line 666, in send
    raise ConnectTimeout(e, request=request)
requests.exceptions.ConnectTimeout: HTTPConnectionPool(host='10.1.1.44', port=3004): Max retries exceeded with url: /api/messages/send (Caused by ConnectTimeoutError(<HTTPConnection(host='10.1.1.44', port=3004) at 0x7d5188261c90>, 'Connection to 10.1.1.44 timed out. (connect timeout=10)'))
2026-08-22 07:44:26,211 [ERROR] app.api.routes_infra: InfraAlert failed | status=500 | resp=HTTPConnectionPool(host='10.1.1.44', port=3004): Max retries exceeded with url: /api/messages/send (Caused by ConnectTimeoutError(<HTTPConnection(host='10.1.1.44', port=3004) at 0x7d5188261c90>, 'Connection to 10.1.1.44 timed out. (connect timeout=10)'))
2026-08-22 11:57:36,787 [INFO] app.api.routes_infra: WA[8904fa6e] -> sendMessage | target=918448546358 | len=122
2026-08-22 11:57:37,197 [INFO] app.api.routes_infra: WA[8904fa6e] <- status=200 | body={"success":true}
2026-08-22 11:57:37,197 [INFO] app.api.routes_infra: PickNotify sent to 8448546358 | ticket_id=1220
2026-08-22 12:00:47,281 [INFO] app.api.routes_infra: WA[c8eb998c] -> sendMessage | target=919870554746 | len=307
2026-08-22 12:00:47,651 [INFO] app.api.routes_infra: WA[c8eb998c] <- status=200 | body={"success":true}
2026-08-22 12:00:47,652 [INFO] app.api.routes_infra: ResolveNotify sent | ticket_id=1210 contact=9870554746
2026-08-22 14:40:48,760 [INFO] app.api.routes_infra: InfraAlert trigger -> ticket_id=1222 created_by=SALEEM JAVED dept=Customer Care category=Hardware
2026-08-22 14:40:48,762 [INFO] app.api.routes_infra: InfraAlert -> sending WA for ticket_id=1222 | msg_len=270
2026-08-22 14:40:48,762 [INFO] app.api.routes_infra: WA[05625df3] -> sendMessage | target=120363141953100908@g.us | len=270
2026-08-22 14:40:48,827 [INFO] app.api.routes_infra: WA[05625df3] <- status=200 | body={"success":true}
2026-08-22 14:40:48,827 [INFO] app.api.routes_infra: InfraAlert sent | status=200 | resp={"success":true}
2026-08-22 15:14:51,748 [INFO] app.api.routes_infra: Infra auto hiccup generated | ticket_id=1221 hiccups=HCP-26-1731, HCP-26-1732, HCP-26-1733
2026-08-22 15:16:21,171 [INFO] app.api.routes_infra: WA[b2e97852] -> sendMessage | target=919870554746 | len=126
2026-08-22 15:16:21,574 [INFO] app.api.routes_infra: WA[b2e97852] <- status=200 | body={"success":true}
2026-08-22 15:16:21,574 [INFO] app.api.routes_infra: PickNotify sent to 9870554746 | ticket_id=1221
2026-08-22 15:20:33,000 [INFO] app.api.routes_infra: WA[318e9ff4] -> sendMessage | target=919870554746 | len=247
2026-08-22 15:20:33,385 [INFO] app.api.routes_infra: WA[318e9ff4] <- status=200 | body={"success":true}
2026-08-22 15:20:33,385 [INFO] app.api.routes_infra: InvalidNotify sent | ticket_id=1221 contact=9870554746
2026-08-22 15:43:30,891 [INFO] app.api.routes_infra: InfraAlert trigger -> ticket_id=1223 created_by=Prerna Sharma dept=Customer Care category=Other
2026-08-22 15:43:30,892 [INFO] app.api.routes_infra: InfraAlert -> sending WA for ticket_id=1223 | msg_len=332
2026-08-22 15:43:30,892 [INFO] app.api.routes_infra: WA[1fba8a14] -> sendMessage | target=120363141953100908@g.us | len=332
2026-08-22 15:43:30,942 [INFO] app.api.routes_infra: WA[1fba8a14] <- status=200 | body={"success":true}
2026-08-22 15:43:30,942 [INFO] app.api.routes_infra: InfraAlert sent | status=200 | resp={"success":true}
2026-08-22 15:53:49,683 [INFO] app.api.routes_infra: WA[897dfec9] -> sendMessage | target=919654441851 | len=123
2026-08-22 15:53:50,063 [INFO] app.api.routes_infra: WA[897dfec9] <- status=200 | body={"success":true}
2026-08-22 15:53:50,063 [INFO] app.api.routes_infra: PickNotify sent to 9654441851 | ticket_id=1222
2026-08-22 15:53:52,117 [INFO] app.api.routes_infra: WA[8040f944] -> sendMessage | target=919654441851 | len=252
2026-08-22 15:53:52,463 [INFO] app.api.routes_infra: WA[8040f944] <- status=200 | body={"success":true}
2026-08-22 15:53:52,463 [INFO] app.api.routes_infra: ResolveNotify sent | ticket_id=1222 contact=9654441851
2026-08-22 16:15:12,351 [INFO] app.api.routes_infra: WA[9d76011e] -> sendMessage | target=919910773271 | len=126
2026-08-22 16:15:12,997 [INFO] app.api.routes_infra: WA[9d76011e] <- status=200 | body={"success":true}
2026-08-22 16:15:12,997 [INFO] app.api.routes_infra: PickNotify sent to 9910773271 | ticket_id=1223
2026-08-22 18:20:15,869 [INFO] app.api.routes_infra: InfraAlert trigger -> ticket_id=1224 created_by=Shahana Parveen dept=Marketing category=Software
2026-08-22 18:20:15,870 [INFO] app.api.routes_infra: InfraAlert -> sending WA for ticket_id=1224 | msg_len=306
2026-08-22 18:20:15,870 [INFO] app.api.routes_infra: WA[f733d33d] -> sendMessage | target=120363141953100908@g.us | len=306
2026-08-22 18:20:15,933 [INFO] app.api.routes_infra: WA[f733d33d] <- status=200 | body={"success":true}
2026-08-22 18:20:15,934 [INFO] app.api.routes_infra: InfraAlert sent | status=200 | resp={"success":true}
2026-08-22 18:21:45,639 [INFO] app.api.routes_infra: WA[6aa6b165] -> sendMessage | target=918448546358 | len=126
2026-08-22 18:21:46,047 [INFO] app.api.routes_infra: WA[6aa6b165] <- status=200 | body={"success":true}
2026-08-22 18:21:46,048 [INFO] app.api.routes_infra: PickNotify sent to 8448546358 | ticket_id=1224
2026-08-22 18:21:54,078 [INFO] app.api.routes_infra: WA[e8fcb612] -> sendMessage | target=919910773271 | len=328
2026-08-22 18:21:54,452 [INFO] app.api.routes_infra: WA[e8fcb612] <- status=200 | body={"success":true}
2026-08-22 18:21:54,452 [INFO] app.api.routes_infra: ResolveNotify sent | ticket_id=1223 contact=9910773271
2026-08-22 18:25:01,062 [INFO] app.api.routes_infra: WA[7fa8d931] -> sendMessage | target=918448546358 | len=304
2026-08-22 18:25:01,459 [INFO] app.api.routes_infra: WA[7fa8d931] <- status=200 | body={"success":true}
2026-08-22 18:25:01,460 [INFO] app.api.routes_infra: ResolveNotify sent | ticket_id=1224 contact=8448546358
2026-08-23 14:23:03,677 [INFO] app.api.routes_infra: InfraAlert trigger -> ticket_id=1225 created_by=Shabnam khan dept=Other category=Hardware
2026-08-23 14:23:03,678 [INFO] app.api.routes_infra: InfraAlert -> sending WA for ticket_id=1225 | msg_len=244
2026-08-23 14:23:03,679 [INFO] app.api.routes_infra: WA[401a4a45] -> sendMessage | target=120363141953100908@g.us | len=244
2026-08-23 14:23:03,761 [INFO] app.api.routes_infra: WA[401a4a45] <- status=200 | body={"success":true}
2026-08-23 14:23:03,761 [INFO] app.api.routes_infra: InfraAlert sent | status=200 | resp={"success":true}
2026-08-23 16:29:14,924 [INFO] app.api.routes_infra: InfraAlert trigger -> ticket_id=1226 created_by=SUMIT SINGH dept=Technical category=Hardware
2026-08-23 16:29:14,925 [INFO] app.api.routes_infra: InfraAlert -> sending WA for ticket_id=1226 | msg_len=232
2026-08-23 16:29:14,925 [INFO] app.api.routes_infra: WA[27d0debb] -> sendMessage | target=120363141953100908@g.us | len=232
2026-08-23 16:29:14,976 [INFO] app.api.routes_infra: WA[27d0debb] <- status=200 | body={"success":true}
2026-08-23 16:29:14,977 [INFO] app.api.routes_infra: InfraAlert sent | status=200 | resp={"success":true}
2026-08-23 16:30:04,790 [INFO] app.api.routes_infra: WA[fa67c13a] -> sendMessage | target=919821957370 | len=123
2026-08-23 16:30:05,168 [INFO] app.api.routes_infra: WA[fa67c13a] <- status=200 | body={"success":true}
2026-08-23 16:30:05,169 [INFO] app.api.routes_infra: PickNotify sent to 9821957370 | ticket_id=1226
2026-08-23 16:30:07,446 [INFO] app.api.routes_infra: WA[edefba7c] -> sendMessage | target=919821957370 | len=231
2026-08-23 16:30:07,752 [INFO] app.api.routes_infra: WA[edefba7c] <- status=200 | body={"success":true}
2026-08-23 16:30:07,752 [INFO] app.api.routes_infra: ResolveNotify sent | ticket_id=1226 contact=9821957370
2026-08-23 16:46:35,442 [INFO] app.api.routes_infra: WA[1e44cacd] -> sendMessage | target=919818393041 | len=123
2026-08-23 16:46:35,774 [INFO] app.api.routes_infra: WA[1e44cacd] <- status=200 | body={"success":true}
2026-08-23 16:46:35,774 [INFO] app.api.routes_infra: PickNotify sent to 9818393041 | ticket_id=1225
2026-08-23 18:23:02,656 [INFO] app.api.routes_infra: InfraAlert trigger -> ticket_id=1227 created_by=Shahana Parveen dept=Marketing category=Software
2026-08-23 18:23:02,657 [INFO] app.api.routes_infra: InfraAlert -> sending WA for ticket_id=1227 | msg_len=286
2026-08-23 18:23:02,657 [INFO] app.api.routes_infra: WA[b5c6f8ee] -> sendMessage | target=120363141953100908@g.us | len=286
2026-08-23 18:23:02,714 [INFO] app.api.routes_infra: WA[b5c6f8ee] <- status=200 | body={"success":true}
2026-08-23 18:23:02,715 [INFO] app.api.routes_infra: InfraAlert sent | status=200 | resp={"success":true}
2026-08-24 12:51:18,866 [INFO] app.api.routes_infra: WA[e763a78b] -> sendMessage | target=918448546358 | len=122
2026-08-24 12:51:19,255 [INFO] app.api.routes_infra: WA[e763a78b] <- status=200 | body={"success":true}
2026-08-24 12:51:19,255 [INFO] app.api.routes_infra: PickNotify sent to 8448546358 | ticket_id=1227
2026-08-24 12:51:45,268 [INFO] app.api.routes_infra: WA[b0313b08] -> sendMessage | target=919810030372 | len=475
2026-08-24 12:51:45,649 [INFO] app.api.routes_infra: WA[b0313b08] <- status=200 | body={"success":true}
2026-08-24 12:51:45,650 [INFO] app.api.routes_infra: ResolveNotify sent | ticket_id=1207 contact=9810030372
2026-08-24 13:13:47,594 [INFO] app.api.routes_infra: InfraAlert trigger -> ticket_id=1228 created_by=Priyanka Raikwar dept=Other category=Office Infra
2026-08-24 13:13:47,596 [INFO] app.api.routes_infra: InfraAlert -> sending WA for ticket_id=1228 | msg_len=256
2026-08-24 13:13:47,596 [INFO] app.api.routes_infra: WA[5996c41a] -> sendMessage | target=120363141953100908@g.us | len=256
2026-08-24 13:13:47,659 [INFO] app.api.routes_infra: WA[5996c41a] <- status=200 | body={"success":true}
2026-08-24 13:13:47,660 [INFO] app.api.routes_infra: InfraAlert sent | status=200 | resp={"success":true}
2026-08-24 13:58:38,343 [INFO] app.api.routes_infra: InfraAlert trigger -> ticket_id=1229 created_by=Maria Dass dept=Customer Care category=Software
2026-08-24 13:58:38,343 [INFO] app.api.routes_infra: InfraAlert -> sending WA for ticket_id=1229 | msg_len=353
2026-08-24 13:58:38,343 [INFO] app.api.routes_infra: WA[9428b57f] -> sendMessage | target=120363141953100908@g.us | len=353
2026-08-24 13:58:38,409 [INFO] app.api.routes_infra: WA[9428b57f] <- status=200 | body={"success":true}
2026-08-24 13:58:38,410 [INFO] app.api.routes_infra: InfraAlert sent | status=200 | resp={"success":true}
2026-08-24 14:04:38,708 [INFO] app.api.routes_infra: WA[fbb522ce] -> sendMessage | target=919654876714 | len=117
2026-08-24 14:04:39,171 [INFO] app.api.routes_infra: WA[fbb522ce] <- status=200 | body={"success":true}
2026-08-24 14:04:39,171 [INFO] app.api.routes_infra: PickNotify sent to 9654876714 | ticket_id=1229
2026-08-24 14:04:43,531 [INFO] app.api.routes_infra: WA[be9b940c] -> sendMessage | target=919654876714 | len=331
2026-08-24 14:04:43,965 [INFO] app.api.routes_infra: WA[be9b940c] <- status=200 | body={"success":true}
2026-08-24 14:04:43,966 [INFO] app.api.routes_infra: ResolveNotify sent | ticket_id=1229 contact=9654876714
2026-08-24 14:08:34,388 [INFO] app.api.routes_infra: WA[ac6b545d] -> sendMessage | target=919958547534 | len=123
2026-08-24 14:08:34,819 [INFO] app.api.routes_infra: WA[ac6b545d] <- status=200 | body={"success":true}
2026-08-24 14:08:34,820 [INFO] app.api.routes_infra: PickNotify sent to 9958547534 | ticket_id=1071
2026-08-24 14:08:37,791 [INFO] app.api.routes_infra: WA[63e3bfad] -> sendMessage | target=919958547534 | len=298
2026-08-24 14:08:38,109 [INFO] app.api.routes_infra: WA[63e3bfad] <- status=200 | body={"success":true}
2026-08-24 14:08:38,109 [INFO] app.api.routes_infra: ResolveNotify sent | ticket_id=1071 contact=9958547534
2026-08-24 14:09:37,001 [INFO] app.api.routes_infra: WA[952f0e6f] -> sendMessage | target=918447623749 | len=123
2026-08-24 14:09:37,427 [INFO] app.api.routes_infra: WA[952f0e6f] <- status=200 | body={"success":true}
2026-08-24 14:09:37,428 [INFO] app.api.routes_infra: PickNotify sent to 8447623749 | ticket_id=1228
2026-08-24 14:09:54,841 [INFO] app.api.routes_infra: WA[faca0906] -> sendMessage | target=919818247844 | len=123
2026-08-24 14:09:55,192 [INFO] app.api.routes_infra: WA[faca0906] <- status=200 | body={"success":true}
2026-08-24 14:09:55,193 [INFO] app.api.routes_infra: PickNotify sent to 9818247844 | ticket_id=1208
2026-08-24 14:10:17,670 [INFO] app.api.routes_infra: WA[49c63314] -> sendMessage | target=919821189006 | len=123
2026-08-24 14:10:18,009 [INFO] app.api.routes_infra: WA[49c63314] <- status=200 | body={"success":true}
2026-08-24 14:10:18,010 [INFO] app.api.routes_infra: PickNotify sent to 9821189006 | ticket_id=1218
2026-08-24 17:42:16,067 [INFO] app.api.routes_infra: InfraAlert trigger -> ticket_id=1230 created_by=Mahavir Singh Rawat dept=Marketing category=Hardware
2026-08-24 17:42:16,068 [INFO] app.api.routes_infra: InfraAlert -> sending WA for ticket_id=1230 | msg_len=283
2026-08-24 17:42:16,069 [INFO] app.api.routes_infra: WA[2e3f937e] -> sendMessage | target=120363141953100908@g.us | len=283
2026-08-24 17:42:16,119 [INFO] app.api.routes_infra: WA[2e3f937e] <- status=200 | body={"success":true}
2026-08-24 17:42:16,120 [INFO] app.api.routes_infra: InfraAlert sent | status=200 | resp={"success":true}
2026-08-24 20:54:57,470 [INFO] app.api.routes_infra: InfraAlert trigger -> ticket_id=1231 created_by=Sanjeet Kumar dept=Customer Care category=Software
2026-08-24 20:54:57,471 [INFO] app.api.routes_infra: InfraAlert -> sending WA for ticket_id=1231 | msg_len=257
2026-08-24 20:54:57,471 [INFO] app.api.routes_infra: WA[dca7a898] -> sendMessage | target=120363141953100908@g.us | len=257
2026-08-24 20:54:57,541 [INFO] app.api.routes_infra: WA[dca7a898] <- status=200 | body={"success":true}
2026-08-24 20:54:57,542 [INFO] app.api.routes_infra: InfraAlert sent | status=200 | resp={"success":true}
2026-08-24 21:03:08,215 [INFO] app.api.routes_infra: WA[964debec] -> sendMessage | target=917982256085 | len=126
2026-08-24 21:03:08,598 [INFO] app.api.routes_infra: WA[964debec] <- status=200 | body={"success":true}
2026-08-24 21:03:08,598 [INFO] app.api.routes_infra: PickNotify sent to 7982256085 | ticket_id=1231
2026-08-24 21:03:11,929 [INFO] app.api.routes_infra: WA[8364b446] -> sendMessage | target=917982256085 | len=240
2026-08-24 21:03:12,293 [INFO] app.api.routes_infra: WA[8364b446] <- status=200 | body={"success":true}
2026-08-24 21:03:12,293 [INFO] app.api.routes_infra: ResolveNotify sent | ticket_id=1231 contact=7982256085
2026-08-25 12:44:55,372 [INFO] app.api.routes_infra: WA[b11a1c85] -> sendMessage | target=918448546358 | len=122
2026-08-25 12:45:05,382 [ERROR] app.api.routes_infra: WA[b11a1c85] send_whatsapp_to_number exception: HTTPConnectionPool(host='10.1.1.44', port=3004): Max retries exceeded with url: /api/messages/send (Caused by ConnectTimeoutError(<HTTPConnection(host='10.1.1.44', port=3004) at 0x7ab5f64f0850>, 'Connection to 10.1.1.44 timed out. (connect timeout=10)'))
Traceback (most recent call last):
  File "/usr/local/lib/python3.11/site-packages/urllib3/connection.py", line 204, in _new_conn
    sock = connection.create_connection(
           ^^^^^^^^^^^^^^^^^^^^^^^^^^^^^
  File "/usr/local/lib/python3.11/site-packages/urllib3/util/connection.py", line 85, in create_connection
    raise err
  File "/usr/local/lib/python3.11/site-packages/urllib3/util/connection.py", line 73, in create_connection
    sock.connect(sa)
TimeoutError: timed out

The above exception was the direct cause of the following exception:

Traceback (most recent call last):
  File "/usr/local/lib/python3.11/site-packages/urllib3/connectionpool.py", line 787, in urlopen
    response = self._make_request(
               ^^^^^^^^^^^^^^^^^^^
  File "/usr/local/lib/python3.11/site-packages/urllib3/connectionpool.py", line 493, in _make_request
    conn.request(
  File "/usr/local/lib/python3.11/site-packages/urllib3/connection.py", line 500, in request
    self.endheaders()
  File "/usr/local/lib/python3.11/http/client.py", line 1318, in endheaders
    self._send_output(message_body, encode_chunked=encode_chunked)
  File "/usr/local/lib/python3.11/http/client.py", line 1078, in _send_output
    self.send(msg)
  File "/usr/local/lib/python3.11/http/client.py", line 1016, in send
    self.connect()
  File "/usr/local/lib/python3.11/site-packages/urllib3/connection.py", line 331, in connect
    self.sock = self._new_conn()
                ^^^^^^^^^^^^^^^^
  File "/usr/local/lib/python3.11/site-packages/urllib3/connection.py", line 213, in _new_conn
    raise ConnectTimeoutError(
urllib3.exceptions.ConnectTimeoutError: (<HTTPConnection(host='10.1.1.44', port=3004) at 0x7ab5f64f0850>, 'Connection to 10.1.1.44 timed out. (connect timeout=10)')

The above exception was the direct cause of the following exception:

Traceback (most recent call last):
  File "/usr/local/lib/python3.11/site-packages/requests/adapters.py", line 645, in send
    resp = conn.urlopen(
           ^^^^^^^^^^^^^
  File "/usr/local/lib/python3.11/site-packages/urllib3/connectionpool.py", line 841, in urlopen
    retries = retries.increment(
              ^^^^^^^^^^^^^^^^^^
  File "/usr/local/lib/python3.11/site-packages/urllib3/util/retry.py", line 535, in increment
    raise MaxRetryError(_pool, url, reason) from reason  # type: ignore[arg-type]
    ^^^^^^^^^^^^^^^^^^^^^^^^^^^^^^^^^^^^^^^^^^^^^^^^^^^
urllib3.exceptions.MaxRetryError: HTTPConnectionPool(host='10.1.1.44', port=3004): Max retries exceeded with url: /api/messages/send (Caused by ConnectTimeoutError(<HTTPConnection(host='10.1.1.44', port=3004) at 0x7ab5f64f0850>, 'Connection to 10.1.1.44 timed out. (connect timeout=10)'))

During handling of the above exception, another exception occurred:

Traceback (most recent call last):
  File "/app/app/api/routes_infra.py", line 151, in send_whatsapp_to_number
    r = requests.post(
        ^^^^^^^^^^^^^^
  File "/usr/local/lib/python3.11/site-packages/requests/api.py", line 115, in post
    return request("post", url, data=data, json=json, **kwargs)
           ^^^^^^^^^^^^^^^^^^^^^^^^^^^^^^^^^^^^^^^^^^^^^^^^^^^^
  File "/usr/local/lib/python3.11/site-packages/requests/api.py", line 59, in request
    return session.request(method=method, url=url, **kwargs)
           ^^^^^^^^^^^^^^^^^^^^^^^^^^^^^^^^^^^^^^^^^^^^^^^^^
  File "/usr/local/lib/python3.11/site-packages/requests/sessions.py", line 592, in request
    resp = self.send(prep, **send_kwargs)
           ^^^^^^^^^^^^^^^^^^^^^^^^^^^^^^
  File "/usr/local/lib/python3.11/site-packages/requests/sessions.py", line 706, in send
    r = adapter.send(request, **kwargs)
        ^^^^^^^^^^^^^^^^^^^^^^^^^^^^^^^
  File "/usr/local/lib/python3.11/site-packages/requests/adapters.py", line 666, in send
    raise ConnectTimeout(e, request=request)
requests.exceptions.ConnectTimeout: HTTPConnectionPool(host='10.1.1.44', port=3004): Max retries exceeded with url: /api/messages/send (Caused by ConnectTimeoutError(<HTTPConnection(host='10.1.1.44', port=3004) at 0x7ab5f64f0850>, 'Connection to 10.1.1.44 timed out. (connect timeout=10)'))
2026-08-25 12:45:05,387 [ERROR] app.api.routes_infra: PickNotify failed | ticket_id=1227 status=500 resp=HTTPConnectionPool(host='10.1.1.44', port=3004): Max retries exceeded with url: /api/messages/send (Caused by ConnectTimeoutError(<HTTPConnection(host='10.1.1.44', port=3004) at 0x7ab5f64f0850>, 'Connection to 10.1.1.44 timed out. (connect timeout=10)'))
2026-08-25 14:52:03,513 [INFO] app.api.routes_infra: WA[e84be811] -> sendMessage | target=919650692437 | len=122
2026-08-25 14:52:03,889 [INFO] app.api.routes_infra: WA[e84be811] <- status=200 | body={"success":true}
2026-08-25 14:52:03,889 [INFO] app.api.routes_infra: PickNotify sent to 9650692437 | ticket_id=1217
2026-08-25 15:10:04,962 [INFO] app.api.routes_infra: WA[9de9b362] -> sendMessage | target=918448546358 | len=280
2026-08-25 15:10:05,406 [INFO] app.api.routes_infra: WA[9de9b362] <- status=200 | body={"success":true}
2026-08-25 15:10:05,406 [INFO] app.api.routes_infra: ResolveNotify sent | ticket_id=1227 contact=8448546358
2026-08-25 15:14:51,674 [INFO] app.api.routes_infra: Infra auto hiccup generated | ticket_id=1230 hiccups=HCP-26-1744, HCP-26-1745
2026-08-25 15:21:10,886 [INFO] app.api.routes_infra: WA[2ead45d0] -> sendMessage | target=918448546358 | len=333
2026-08-25 15:21:11,293 [INFO] app.api.routes_infra: WA[2ead45d0] <- status=200 | body={"success":true}
2026-08-25 15:21:11,293 [INFO] app.api.routes_infra: ResolveNotify sent | ticket_id=1220 contact=8448546358
2026-08-25 16:06:11,925 [INFO] app.api.routes_infra: InfraAlert trigger -> ticket_id=1232 created_by=Gunjan mehta dept=Marketing category=Software
2026-08-25 16:06:11,926 [INFO] app.api.routes_infra: InfraAlert -> sending WA for ticket_id=1232 | msg_len=371
2026-08-25 16:06:11,926 [INFO] app.api.routes_infra: WA[01a5401c] -> sendMessage | target=120363141953100908@g.us | len=371
2026-08-25 16:06:11,994 [INFO] app.api.routes_infra: WA[01a5401c] <- status=200 | body={"success":true}
2026-08-25 16:06:11,994 [INFO] app.api.routes_infra: InfraAlert sent | status=200 | resp={"success":true}
2026-08-25 16:27:10,118 [INFO] app.api.routes_infra: WA[68126b7f] -> sendMessage | target=919810312510 | len=126
2026-08-25 16:27:10,448 [INFO] app.api.routes_infra: WA[68126b7f] <- status=200 | body={"success":true}
2026-08-25 16:27:10,448 [INFO] app.api.routes_infra: PickNotify sent to 9810312510 | ticket_id=1232
2026-08-25 17:10:33,094 [INFO] app.api.routes_infra: WA[af686408] -> sendMessage | target=919821189006 | len=239
2026-08-25 17:10:33,427 [INFO] app.api.routes_infra: WA[af686408] <- status=200 | body={"success":true}
2026-08-25 17:10:33,428 [INFO] app.api.routes_infra: ResolveNotify sent | ticket_id=1218 contact=9821189006
2026-08-25 17:10:43,287 [INFO] app.api.routes_infra: WA[3ec82ef1] -> sendMessage | target=918447623749 | len=254
2026-08-25 17:10:43,629 [INFO] app.api.routes_infra: WA[3ec82ef1] <- status=200 | body={"success":true}
2026-08-25 17:10:43,629 [INFO] app.api.routes_infra: ResolveNotify sent | ticket_id=1228 contact=8447623749
2026-08-25 17:10:54,188 [INFO] app.api.routes_infra: WA[cb4f609d] -> sendMessage | target=919818247844 | len=235
2026-08-25 17:10:54,548 [INFO] app.api.routes_infra: WA[cb4f609d] <- status=200 | body={"success":true}
2026-08-25 17:10:54,549 [INFO] app.api.routes_infra: ResolveNotify sent | ticket_id=1208 contact=9818247844
2026-08-25 18:04:51,731 [INFO] app.api.routes_infra: InfraReminder -> processing 1 pending tickets
2026-08-25 18:04:51,731 [INFO] app.api.routes_infra: WA[cb63d6d9] -> sendMessage | target=120363141953100908@g.us | len=298
2026-08-25 18:04:51,780 [INFO] app.api.routes_infra: WA[cb63d6d9] <- status=200 | body={"success":true}
2026-08-25 18:04:51,781 [INFO] app.api.routes_infra: InfraReminder sent | ticket_id=1230 status=200
2026-08-25 19:51:17,231 [INFO] app.api.routes_infra: WA[4cd69263] -> sendMessage | target=919871723521 | len=123
2026-08-25 19:51:17,546 [INFO] app.api.routes_infra: WA[4cd69263] <- status=200 | body={"success":true}
2026-08-25 19:51:17,547 [INFO] app.api.routes_infra: PickNotify sent to 9871723521 | ticket_id=1230
2026-08-26 10:46:19,931 [INFO] app.api.routes_infra: InfraAlert trigger -> ticket_id=1233 created_by=SONA dept=Customer Care category=Hardware
2026-08-26 10:46:19,932 [INFO] app.api.routes_infra: InfraAlert -> sending WA for ticket_id=1233 | msg_len=275
2026-08-26 10:46:19,935 [INFO] app.api.routes_infra: WA[f3fd49b8] -> sendMessage | target=120363141953100908@g.us | len=275
2026-08-26 10:46:19,990 [INFO] app.api.routes_infra: WA[f3fd49b8] <- status=200 | body={"success":true}
2026-08-26 10:46:19,990 [INFO] app.api.routes_infra: InfraAlert sent | status=200 | resp={"success":true}
2026-08-26 11:02:11,474 [INFO] app.api.routes_infra: WA[dc1d0e24] -> sendMessage | target=918076741165 | len=123
2026-08-26 11:02:11,832 [INFO] app.api.routes_infra: WA[dc1d0e24] <- status=200 | body={"success":true}
2026-08-26 11:02:11,833 [INFO] app.api.routes_infra: PickNotify sent to 8076741165 | ticket_id=1233
2026-08-26 11:02:19,348 [INFO] app.api.routes_infra: WA[15f2375c] -> sendMessage | target=918076741165 | len=264
2026-08-26 11:02:19,713 [INFO] app.api.routes_infra: WA[15f2375c] <- status=200 | body={"success":true}
2026-08-26 11:02:19,713 [INFO] app.api.routes_infra: ResolveNotify sent | ticket_id=1233 contact=8076741165
2026-08-26 15:22:28,679 [INFO] app.api.routes_infra: InfraAlert trigger -> ticket_id=1234 created_by=Rohit Bisht dept=Admin category=Hardware
2026-08-26 15:22:28,680 [INFO] app.api.routes_infra: InfraAlert -> sending WA for ticket_id=1234 | msg_len=260
2026-08-26 15:22:28,680 [INFO] app.api.routes_infra: WA[8b43dcba] -> sendMessage | target=120363141953100908@g.us | len=260
2026-08-26 15:22:28,724 [INFO] app.api.routes_infra: WA[8b43dcba] <- status=200 | body={"success":true}
2026-08-26 15:22:28,724 [INFO] app.api.routes_infra: InfraAlert sent | status=200 | resp={"success":true}
2026-08-26 15:23:19,709 [INFO] app.api.routes_infra: WA[68bb2046] -> sendMessage | target=918126382045 | len=123
2026-08-26 15:23:20,137 [INFO] app.api.routes_infra: WA[68bb2046] <- status=200 | body={"success":true}
2026-08-26 15:23:20,137 [INFO] app.api.routes_infra: PickNotify sent to 8126382045 | ticket_id=1234
2026-08-26 15:24:06,068 [INFO] app.api.routes_infra: WA[4dc190be] -> sendMessage | target=918126382045 | len=263
2026-08-26 15:24:06,655 [INFO] app.api.routes_infra: WA[4dc190be] <- status=200 | body={"success":true}
2026-08-26 15:24:06,656 [INFO] app.api.routes_infra: ResolveNotify sent | ticket_id=1234 contact=8126382045
2026-08-27 10:44:35,510 [INFO] app.api.routes_infra: InfraAlert trigger -> ticket_id=1235 created_by=Mansi Shukla dept=Technical category=Hardware
2026-08-27 10:44:35,513 [INFO] app.api.routes_infra: InfraAlert -> sending WA for ticket_id=1235 | msg_len=267
2026-08-27 10:44:35,513 [INFO] app.api.routes_infra: WA[c053b8a6] -> sendMessage | target=120363141953100908@g.us | len=267
2026-08-27 10:44:35,647 [INFO] app.api.routes_infra: WA[c053b8a6] <- status=200 | body={"success":true}
2026-08-27 10:44:35,647 [INFO] app.api.routes_infra: InfraAlert sent | status=200 | resp={"success":true}
2026-08-27 11:14:51,663 [INFO] app.api.routes_infra: Infra resolution SLA hiccup generated | ticket_id=1232 hiccup=HCP-26-1767
2026-08-27 11:18:37,952 [INFO] app.api.routes_infra: WA[d79c9ed9] -> sendMessage | target=918595713150 | len=123
2026-08-27 11:18:38,288 [INFO] app.api.routes_infra: WA[d79c9ed9] <- status=200 | body={"success":true}
2026-08-27 11:18:38,289 [INFO] app.api.routes_infra: PickNotify sent to 8595713150 | ticket_id=1235
2026-08-27 11:18:41,275 [INFO] app.api.routes_infra: WA[9a5c7c08] -> sendMessage | target=918595713150 | len=252
2026-08-27 11:18:41,593 [INFO] app.api.routes_infra: WA[9a5c7c08] <- status=200 | body={"success":true}
2026-08-27 11:18:41,593 [INFO] app.api.routes_infra: ResolveNotify sent | ticket_id=1235 contact=8595713150
2026-08-27 11:25:27,808 [INFO] app.api.routes_infra: WA[58fddf8f] -> sendMessage | target=919810312510 | len=372
2026-08-27 11:25:28,164 [INFO] app.api.routes_infra: WA[58fddf8f] <- status=200 | body={"success":true}
2026-08-27 11:25:28,164 [INFO] app.api.routes_infra: ResolveNotify sent | ticket_id=1232 contact=9810312510
2026-08-27 11:39:59,712 [INFO] app.api.routes_infra: InfraAlert trigger -> ticket_id=1236 created_by=Ritu Mahalwal dept=Customer Care category=Software
2026-08-27 11:39:59,713 [INFO] app.api.routes_infra: InfraAlert -> sending WA for ticket_id=1236 | msg_len=282
2026-08-27 11:39:59,713 [INFO] app.api.routes_infra: WA[165fd931] -> sendMessage | target=120363141953100908@g.us | len=282
2026-08-27 11:39:59,770 [INFO] app.api.routes_infra: WA[165fd931] <- status=200 | body={"success":true}
2026-08-27 11:39:59,771 [INFO] app.api.routes_infra: InfraAlert sent | status=200 | resp={"success":true}
2026-08-27 11:43:27,040 [INFO] app.api.routes_infra: InfraAlert trigger -> ticket_id=1237 created_by=Ritu Mahalwal dept=Customer Care category=Software
2026-08-27 11:43:27,041 [INFO] app.api.routes_infra: InfraAlert -> sending WA for ticket_id=1237 | msg_len=352
2026-08-27 11:43:27,042 [INFO] app.api.routes_infra: WA[794d8be6] -> sendMessage | target=120363141953100908@g.us | len=352
2026-08-27 11:43:27,087 [INFO] app.api.routes_infra: WA[794d8be6] <- status=200 | body={"success":true}
2026-08-27 11:43:27,087 [INFO] app.api.routes_infra: InfraAlert sent | status=200 | resp={"success":true}
2026-08-27 11:47:32,101 [INFO] app.api.routes_infra: WA[04c93a99] -> sendMessage | target=919871366002 | len=126
2026-08-27 11:47:32,485 [INFO] app.api.routes_infra: WA[04c93a99] <- status=200 | body={"success":true}
2026-08-27 11:47:32,485 [INFO] app.api.routes_infra: PickNotify sent to 9871366002 | ticket_id=1237
2026-08-27 11:47:47,658 [INFO] app.api.routes_infra: WA[1a1538d0] -> sendMessage | target=919871366002 | len=126
2026-08-27 11:47:48,091 [INFO] app.api.routes_infra: WA[1a1538d0] <- status=200 | body={"success":true}
2026-08-27 11:47:48,092 [INFO] app.api.routes_infra: PickNotify sent to 9871366002 | ticket_id=1236
2026-08-27 11:52:44,764 [INFO] app.api.routes_infra: WA[b6723ded] -> sendMessage | target=919871366002 | len=335
2026-08-27 11:52:45,126 [INFO] app.api.routes_infra: WA[b6723ded] <- status=200 | body={"success":true}
2026-08-27 11:52:45,126 [INFO] app.api.routes_infra: ResolveNotify sent | ticket_id=1237 contact=9871366002
2026-08-27 11:59:05,563 [INFO] app.api.routes_infra: WA[da28e165] -> sendMessage | target=919871366002 | len=265
2026-08-27 11:59:05,896 [INFO] app.api.routes_infra: WA[da28e165] <- status=200 | body={"success":true}
2026-08-27 11:59:05,897 [INFO] app.api.routes_infra: ResolveNotify sent | ticket_id=1236 contact=9871366002
2026-08-27 13:09:50,130 [INFO] app.api.routes_infra: WA[f6a96e62] -> sendMessage | target=919871723521 | len=274
2026-08-27 13:09:50,535 [INFO] app.api.routes_infra: WA[f6a96e62] <- status=200 | body={"success":true}
2026-08-27 13:09:50,535 [INFO] app.api.routes_infra: ResolveNotify sent | ticket_id=1230 contact=9871723521
2026-08-27 13:11:06,620 [INFO] app.api.routes_infra: WA[0550ad06] -> sendMessage | target=919810030372 | len=123
2026-08-27 13:11:06,961 [INFO] app.api.routes_infra: WA[0550ad06] <- status=200 | body={"success":true}
2026-08-27 13:11:06,961 [INFO] app.api.routes_infra: PickNotify sent to 9810030372 | ticket_id=1005
2026-08-27 17:16:02,998 [INFO] app.api.routes_infra: InfraAlert trigger -> ticket_id=1238 created_by=Sanjeet Kumar dept=Customer Care category=Software
2026-08-27 17:16:02,999 [INFO] app.api.routes_infra: InfraAlert -> sending WA for ticket_id=1238 | msg_len=272
2026-08-27 17:16:03,000 [INFO] app.api.routes_infra: WA[e718a782] -> sendMessage | target=120363141953100908@g.us | len=272
2026-08-27 17:16:03,137 [INFO] app.api.routes_infra: WA[e718a782] <- status=200 | body={"success":true}
2026-08-27 17:16:03,137 [INFO] app.api.routes_infra: InfraAlert sent | status=200 | resp={"success":true}
2026-08-27 17:28:48,178 [INFO] app.api.routes_infra: WA[de1d1c52] -> sendMessage | target=917982256085 | len=126
2026-08-27 17:28:48,810 [INFO] app.api.routes_infra: WA[de1d1c52] <- status=200 | body={"success":true}
2026-08-27 17:28:48,810 [INFO] app.api.routes_infra: PickNotify sent to 7982256085 | ticket_id=1238
2026-08-27 17:28:53,015 [INFO] app.api.routes_infra: WA[0957b456] -> sendMessage | target=917982256085 | len=255
2026-08-27 17:28:53,418 [INFO] app.api.routes_infra: WA[0957b456] <- status=200 | body={"success":true}
2026-08-27 17:28:53,419 [INFO] app.api.routes_infra: ResolveNotify sent | ticket_id=1238 contact=7982256085
2026-08-27 20:34:02,940 [INFO] app.api.routes_infra: InfraAlert trigger -> ticket_id=1239 created_by=Sanjeet Kumar dept=Customer Care category=Software
2026-08-27 20:34:02,941 [INFO] app.api.routes_infra: InfraAlert -> sending WA for ticket_id=1239 | msg_len=263
2026-08-27 20:34:02,941 [INFO] app.api.routes_infra: WA[c947da01] -> sendMessage | target=120363141953100908@g.us | len=263
2026-08-27 20:34:02,998 [INFO] app.api.routes_infra: WA[c947da01] <- status=200 | body={"success":true}
2026-08-27 20:34:02,998 [INFO] app.api.routes_infra: InfraAlert sent | status=200 | resp={"success":true}
2026-08-27 20:47:17,921 [INFO] app.api.routes_infra: WA[c67798cd] -> sendMessage | target=917982256085 | len=126
2026-08-27 20:47:18,279 [INFO] app.api.routes_infra: WA[c67798cd] <- status=200 | body={"success":true}
2026-08-27 20:47:18,279 [INFO] app.api.routes_infra: PickNotify sent to 7982256085 | ticket_id=1239
2026-08-28 14:20:02,584 [INFO] app.api.routes_infra: InfraAlert trigger -> ticket_id=1240 created_by=Gulrez Sultan dept=Admin category=Hardware
2026-08-28 14:20:02,585 [INFO] app.api.routes_infra: InfraAlert -> sending WA for ticket_id=1240 | msg_len=242
2026-08-28 14:20:02,585 [INFO] app.api.routes_infra: WA[9bcf6bea] -> sendMessage | target=120363141953100908@g.us | len=242
2026-08-28 14:20:02,638 [INFO] app.api.routes_infra: WA[9bcf6bea] <- status=200 | body={"success":true}
2026-08-28 14:20:02,638 [INFO] app.api.routes_infra: InfraAlert sent | status=200 | resp={"success":true}
2026-08-28 16:49:08,649 [INFO] app.api.routes_infra: WA[27fc55d1] -> sendMessage | target=917982256085 | len=246
2026-08-28 16:49:08,998 [INFO] app.api.routes_infra: WA[27fc55d1] <- status=200 | body={"success":true}
2026-08-28 16:49:08,998 [INFO] app.api.routes_infra: ResolveNotify sent | ticket_id=1239 contact=7982256085
2026-08-29 10:24:34,462 [INFO] app.api.routes_infra: InfraAlert trigger -> ticket_id=1241 created_by=Shoeb Alam dept=Customer Care category=Hardware
2026-08-29 10:24:34,464 [INFO] app.api.routes_infra: InfraAlert -> sending WA for ticket_id=1241 | msg_len=271
2026-08-29 10:24:34,464 [INFO] app.api.routes_infra: WA[6f85c50d] -> sendMessage | target=120363141953100908@g.us | len=271
2026-08-29 10:24:34,555 [INFO] app.api.routes_infra: WA[6f85c50d] <- status=200 | body={"success":true}
2026-08-29 10:24:34,555 [INFO] app.api.routes_infra: InfraAlert sent | status=200 | resp={"success":true}
2026-08-29 10:37:36,221 [INFO] app.api.routes_infra: WA[33363ace] -> sendMessage | target=919818247844 | len=123
2026-08-29 10:37:36,647 [INFO] app.api.routes_infra: WA[33363ace] <- status=200 | body={"success":true}
2026-08-29 10:37:36,647 [INFO] app.api.routes_infra: PickNotify sent to 9818247844 | ticket_id=1240
2026-08-29 10:37:57,782 [INFO] app.api.routes_infra: WA[60852f2a] -> sendMessage | target=919818247844 | len=123
2026-08-29 10:37:58,096 [INFO] app.api.routes_infra: WA[60852f2a] <- status=200 | body={"success":true}
2026-08-29 10:37:58,096 [INFO] app.api.routes_infra: PickNotify sent to 9818247844 | ticket_id=1240
2026-08-29 10:38:11,072 [INFO] app.api.routes_infra: WA[bf71683b] -> sendMessage | target=917982209598 | len=123
2026-08-29 10:38:11,393 [INFO] app.api.routes_infra: WA[bf71683b] <- status=200 | body={"success":true}
2026-08-29 10:38:11,394 [INFO] app.api.routes_infra: PickNotify sent to 7982209598 | ticket_id=1241
2026-08-29 11:30:45,849 [INFO] app.api.routes_infra: WA[baf755b4] -> sendMessage | target=917982209598 | len=254
2026-08-29 11:30:46,184 [INFO] app.api.routes_infra: WA[baf755b4] <- status=200 | body={"success":true}
2026-08-29 11:30:46,184 [INFO] app.api.routes_infra: ResolveNotify sent | ticket_id=1241 contact=7982209598
2026-08-29 11:30:49,411 [INFO] app.api.routes_infra: WA[342bd841] -> sendMessage | target=919818247844 | len=231
2026-08-29 11:30:49,771 [INFO] app.api.routes_infra: WA[342bd841] <- status=200 | body={"success":true}
2026-08-29 11:30:49,771 [INFO] app.api.routes_infra: ResolveNotify sent | ticket_id=1240 contact=9818247844
2026-08-29 12:10:24,953 [INFO] app.api.routes_infra: InfraAlert trigger -> ticket_id=1242 created_by=VIMAL RANJAN PANDEY dept=Technical category=Hardware
2026-08-29 12:10:24,953 [INFO] app.api.routes_infra: InfraAlert -> sending WA for ticket_id=1242 | msg_len=259
2026-08-29 12:10:24,954 [INFO] app.api.routes_infra: WA[e8d4b0da] -> sendMessage | target=120363141953100908@g.us | len=259
2026-08-29 12:10:25,021 [INFO] app.api.routes_infra: WA[e8d4b0da] <- status=200 | body={"success":true}
2026-08-29 12:10:25,021 [INFO] app.api.routes_infra: InfraAlert sent | status=200 | resp={"success":true}
2026-08-29 13:20:17,254 [INFO] app.api.routes_infra: InfraAlert trigger -> ticket_id=1243 created_by=Shahana Parveen dept=Marketing category=Software
2026-08-29 13:20:17,254 [INFO] app.api.routes_infra: InfraAlert -> sending WA for ticket_id=1243 | msg_len=276
2026-08-29 13:20:17,255 [INFO] app.api.routes_infra: WA[87da1f6e] -> sendMessage | target=120363141953100908@g.us | len=276
2026-08-29 13:20:17,314 [INFO] app.api.routes_infra: WA[87da1f6e] <- status=200 | body={"success":true}
2026-08-29 13:20:17,314 [INFO] app.api.routes_infra: InfraAlert sent | status=200 | resp={"success":true}
2026-08-29 13:39:17,231 [INFO] app.api.routes_infra: WA[7c3ff9f4] -> sendMessage | target=918448546358 | len=126
2026-08-29 13:39:17,583 [INFO] app.api.routes_infra: WA[7c3ff9f4] <- status=200 | body={"success":true}
2026-08-29 13:39:17,583 [INFO] app.api.routes_infra: PickNotify sent to 8448546358 | ticket_id=1243
2026-08-29 14:33:11,503 [INFO] app.api.routes_infra: WA[cca6f3b9] -> sendMessage | target=918448546358 | len=274
2026-08-29 14:33:14,458 [INFO] app.api.routes_infra: WA[08b9ea35] -> sendMessage | target=918448546358 | len=274
2026-08-29 14:33:16,025 [INFO] app.api.routes_infra: WA[cca6f3b9] <- status=200 | body={"success":true}
2026-08-29 14:33:16,025 [INFO] app.api.routes_infra: ResolveNotify sent | ticket_id=1243 contact=8448546358
2026-08-29 14:33:16,099 [INFO] app.api.routes_infra: WA[08b9ea35] <- status=200 | body={"success":true}
2026-08-29 14:33:16,100 [INFO] app.api.routes_infra: ResolveNotify sent | ticket_id=1243 contact=8448546358
2026-08-29 16:14:51,658 [INFO] app.api.routes_infra: Infra auto hiccup generated | ticket_id=1242 hiccups=HCP-26-1776, HCP-26-1777
2026-08-29 18:00:19,046 [INFO] app.api.routes_infra: WA[9dcbd798] -> sendMessage | target=918826140791 | len=123
2026-08-29 18:00:19,055 [INFO] app.api.routes_infra: WA[9dcbd798] <- status=409 | body={"error":"Account not ready"}
2026-08-29 18:00:19,055 [ERROR] app.api.routes_infra: PickNotify failed | ticket_id=1242 status=409 resp={"error":"Account not ready"}
2026-08-29 18:00:21,504 [INFO] app.api.routes_infra: WA[e1dd7899] -> sendMessage | target=918826140791 | len=238
2026-08-29 18:00:21,511 [INFO] app.api.routes_infra: WA[e1dd7899] <- status=409 | body={"error":"Account not ready"}
2026-08-29 18:00:21,512 [ERROR] app.api.routes_infra: ResolveNotify failed | ticket_id=1242 status=409 resp={"error":"Account not ready"}
2026-08-30 15:35:07,473 [INFO] app.api.routes_infra: InfraAlert trigger -> ticket_id=1244 created_by=Shoeb Alam dept=Customer Care category=Software
2026-08-30 15:35:07,475 [INFO] app.api.routes_infra: InfraAlert -> sending WA for ticket_id=1244 | msg_len=338
2026-08-30 15:35:07,476 [INFO] app.api.routes_infra: WA[bf02849d] -> sendMessage | target=120363141953100908@g.us | len=338
2026-08-30 15:35:07,550 [INFO] app.api.routes_infra: WA[bf02849d] <- status=200 | body={"success":true}
2026-08-30 15:35:07,550 [INFO] app.api.routes_infra: InfraAlert sent | status=200 | resp={"success":true}
2026-08-31 11:03:47,435 [INFO] app.api.routes_infra: Infra resolution SLA hiccup generated | ticket_id=1225 hiccup=HCP-26-1779
2026-08-31 11:27:52,576 [INFO] app.api.routes_infra: WA[526ba246] -> sendMessage | target=917982209598 | len=122
2026-08-31 11:27:52,945 [INFO] app.api.routes_infra: WA[526ba246] <- status=200 | body={"success":true}
2026-08-31 11:27:52,946 [INFO] app.api.routes_infra: PickNotify sent to 7982209598 | ticket_id=1244
2026-08-31 13:05:29,485 [INFO] app.api.routes_infra: WA[5d064dc8] -> sendMessage | target=917982209598 | len=320
2026-08-31 13:05:30,076 [INFO] app.api.routes_infra: WA[5d064dc8] <- status=200 | body={"success":true}
2026-08-31 13:05:30,076 [INFO] app.api.routes_infra: ResolveNotify sent | ticket_id=1244 contact=7982209598
2026-08-31 15:03:47,412 [INFO] app.api.routes_infra: Infra resolution SLA hiccup generated | ticket_id=1217 hiccup=HCP-26-1780
2026-08-31 15:24:18,280 [INFO] app.api.routes_infra: InfraAlert trigger -> ticket_id=1245 created_by=Shahana Parveen dept=Marketing category=Software
2026-08-31 15:24:18,280 [INFO] app.api.routes_infra: InfraAlert -> sending WA for ticket_id=1245 | msg_len=411
2026-08-31 15:24:18,281 [INFO] app.api.routes_infra: WA[740c02d6] -> sendMessage | target=120363141953100908@g.us | len=411
2026-08-31 15:24:18,351 [INFO] app.api.routes_infra: WA[740c02d6] <- status=200 | body={"success":true}
2026-08-31 15:24:18,351 [INFO] app.api.routes_infra: InfraAlert sent | status=200 | resp={"success":true}
2026-08-31 15:25:42,994 [INFO] app.api.routes_infra: InfraAlert trigger -> ticket_id=1246 created_by=Shahana Parveen dept=Marketing category=Software
2026-08-31 15:25:42,994 [INFO] app.api.routes_infra: InfraAlert -> sending WA for ticket_id=1246 | msg_len=305
2026-08-31 15:25:42,995 [INFO] app.api.routes_infra: WA[426773f8] -> sendMessage | target=120363141953100908@g.us | len=305
2026-08-31 15:25:43,042 [INFO] app.api.routes_infra: WA[426773f8] <- status=200 | body={"success":true}
2026-08-31 15:25:43,042 [INFO] app.api.routes_infra: InfraAlert sent | status=200 | resp={"success":true}
2026-08-31 15:37:38,106 [INFO] app.api.routes_infra: InfraAlert trigger -> ticket_id=1247 created_by=Sejal Rai dept=Customer Care category=Software
2026-08-31 15:37:38,107 [INFO] app.api.routes_infra: InfraAlert -> sending WA for ticket_id=1247 | msg_len=296
2026-08-31 15:37:38,107 [INFO] app.api.routes_infra: WA[5e341d30] -> sendMessage | target=120363141953100908@g.us | len=296
2026-08-31 15:37:38,155 [INFO] app.api.routes_infra: WA[5e341d30] <- status=200 | body={"success":true}
2026-08-31 15:37:38,156 [INFO] app.api.routes_infra: InfraAlert sent | status=200 | resp={"success":true}
2026-08-31 16:14:23,653 [INFO] app.api.routes_infra: WA[a27a423e] -> sendMessage | target=918448546358 | len=117
2026-08-31 16:14:23,992 [INFO] app.api.routes_infra: WA[a27a423e] <- status=200 | body={"success":true}
2026-08-31 16:14:23,993 [INFO] app.api.routes_infra: PickNotify sent to 8448546358 | ticket_id=1245
2026-08-31 16:22:16,454 [INFO] app.api.routes_infra: WA[042e5362] -> sendMessage | target=918448546358 | len=400
2026-08-31 16:22:16,795 [INFO] app.api.routes_infra: WA[042e5362] <- status=200 | body={"success":true}
2026-08-31 16:22:16,795 [INFO] app.api.routes_infra: ResolveNotify sent | ticket_id=1245 contact=8448546358
2026-08-31 16:22:33,205 [INFO] app.api.routes_infra: WA[048d87c2] -> sendMessage | target=918448546358 | len=117
2026-08-31 16:22:33,535 [INFO] app.api.routes_infra: WA[048d87c2] <- status=200 | body={"success":true}
2026-08-31 16:22:33,535 [INFO] app.api.routes_infra: PickNotify sent to 8448546358 | ticket_id=1246
2026-08-31 17:06:14,872 [INFO] app.api.routes_infra: WA[701b4f6e] -> sendMessage | target=918368207989 | len=122
2026-08-31 17:06:15,269 [INFO] app.api.routes_infra: WA[701b4f6e] <- status=200 | body={"success":true}
2026-08-31 17:06:15,269 [INFO] app.api.routes_infra: PickNotify sent to 8368207989 | ticket_id=1247
2026-08-31 17:06:16,847 [INFO] app.api.routes_infra: WA[33a8e829] -> sendMessage | target=918368207989 | len=292
2026-08-31 17:06:17,239 [INFO] app.api.routes_infra: WA[33a8e829] <- status=200 | body={"success":true}
2026-08-31 17:06:17,240 [INFO] app.api.routes_infra: ResolveNotify sent | ticket_id=1247 contact=8368207989
2026-08-31 20:31:37,306 [INFO] app.api.routes_infra: WA[b69794e8] -> sendMessage | target=918448546358 | len=294
2026-08-31 20:31:37,703 [INFO] app.api.routes_infra: WA[b69794e8] <- status=200 | body={"success":true}
2026-08-31 20:31:37,703 [INFO] app.api.routes_infra: ResolveNotify sent | ticket_id=1246 contact=8448546358
2026-09-01 09:46:30,178 [INFO] app.api.routes_infra: InfraAlert trigger -> ticket_id=1248 created_by=Ritu Mahalwal dept=Customer Care category=Software
2026-09-01 09:46:30,179 [INFO] app.api.routes_infra: InfraAlert -> sending WA for ticket_id=1248 | msg_len=311
2026-09-01 09:46:30,180 [INFO] app.api.routes_infra: WA[22b0a753] -> sendMessage | target=120363141953100908@g.us | len=311
2026-09-01 09:46:30,232 [INFO] app.api.routes_infra: WA[22b0a753] <- status=200 | body={"success":true}
2026-09-01 09:46:30,232 [INFO] app.api.routes_infra: InfraAlert sent | status=200 | resp={"success":true}
2026-09-01 11:23:37,276 [INFO] app.api.routes_infra: WA[9a25ad9d] -> sendMessage | target=919818393041 | len=123
2026-09-01 11:23:37,639 [INFO] app.api.routes_infra: WA[9a25ad9d] <- status=200 | body={"success":true}
2026-09-01 11:23:37,640 [INFO] app.api.routes_infra: PickNotify sent to 9818393041 | ticket_id=1225
2026-09-01 15:03:47,425 [INFO] app.api.routes_infra: Infra auto hiccup generated | ticket_id=1248 hiccups=HCP-26-1791, HCP-26-1792, HCP-26-1793
2026-09-01 15:12:20,360 [INFO] app.api.routes_infra: WA[8f28cbc1] -> sendMessage | target=919871366002 | len=122
2026-09-01 15:12:20,747 [INFO] app.api.routes_infra: WA[8f28cbc1] <- status=200 | body={"success":true}
2026-09-01 15:12:20,748 [INFO] app.api.routes_infra: PickNotify sent to 9871366002 | ticket_id=1248
2026-09-01 18:35:26,343 [INFO] app.api.routes_infra: InfraAlert trigger -> ticket_id=1249 created_by=Gulrez Sultan dept=Customer Care category=Office Infra
2026-09-01 18:35:26,344 [INFO] app.api.routes_infra: InfraAlert -> sending WA for ticket_id=1249 | msg_len=254
2026-09-01 18:35:26,345 [INFO] app.api.routes_infra: WA[4e31d643] -> sendMessage | target=120363141953100908@g.us | len=254
2026-09-01 18:35:36,358 [ERROR] app.api.routes_infra: WA[4e31d643] send_whatsapp_to_number exception: HTTPConnectionPool(host='10.1.1.44', port=3004): Read timed out. (read timeout=10)
Traceback (most recent call last):
  File "/usr/local/lib/python3.11/site-packages/urllib3/connectionpool.py", line 534, in _make_request
    response = conn.getresponse()
               ^^^^^^^^^^^^^^^^^^
  File "/usr/local/lib/python3.11/site-packages/urllib3/connection.py", line 571, in getresponse
    httplib_response = super().getresponse()
                       ^^^^^^^^^^^^^^^^^^^^^
  File "/usr/local/lib/python3.11/http/client.py", line 1415, in getresponse
    response.begin()
  File "/usr/local/lib/python3.11/http/client.py", line 330, in begin
    version, status, reason = self._read_status()
                              ^^^^^^^^^^^^^^^^^^^
  File "/usr/local/lib/python3.11/http/client.py", line 291, in _read_status
    line = str(self.fp.readline(_MAXLINE + 1), "iso-8859-1")
               ^^^^^^^^^^^^^^^^^^^^^^^^^^^^^^
  File "/usr/local/lib/python3.11/socket.py", line 718, in readinto
    return self._sock.recv_into(b)
           ^^^^^^^^^^^^^^^^^^^^^^^
TimeoutError: timed out

The above exception was the direct cause of the following exception:

Traceback (most recent call last):
  File "/usr/local/lib/python3.11/site-packages/requests/adapters.py", line 645, in send
    resp = conn.urlopen(
           ^^^^^^^^^^^^^
  File "/usr/local/lib/python3.11/site-packages/urllib3/connectionpool.py", line 841, in urlopen
    retries = retries.increment(
              ^^^^^^^^^^^^^^^^^^
  File "/usr/local/lib/python3.11/site-packages/urllib3/util/retry.py", line 490, in increment
    raise reraise(type(error), error, _stacktrace)
          ^^^^^^^^^^^^^^^^^^^^^^^^^^^^^^^^^^^^^^^^
  File "/usr/local/lib/python3.11/site-packages/urllib3/util/util.py", line 39, in reraise
    raise value
  File "/usr/local/lib/python3.11/site-packages/urllib3/connectionpool.py", line 787, in urlopen
    response = self._make_request(
               ^^^^^^^^^^^^^^^^^^^
  File "/usr/local/lib/python3.11/site-packages/urllib3/connectionpool.py", line 536, in _make_request
    self._raise_timeout(err=e, url=url, timeout_value=read_timeout)
  File "/usr/local/lib/python3.11/site-packages/urllib3/connectionpool.py", line 367, in _raise_timeout
    raise ReadTimeoutError(
urllib3.exceptions.ReadTimeoutError: HTTPConnectionPool(host='10.1.1.44', port=3004): Read timed out. (read timeout=10)

During handling of the above exception, another exception occurred:

Traceback (most recent call last):
  File "/app/app/api/routes_infra.py", line 151, in send_whatsapp_to_number
    r = requests.post(
        ^^^^^^^^^^^^^^
  File "/usr/local/lib/python3.11/site-packages/requests/api.py", line 115, in post
    return request("post", url, data=data, json=json, **kwargs)
           ^^^^^^^^^^^^^^^^^^^^^^^^^^^^^^^^^^^^^^^^^^^^^^^^^^^^
  File "/usr/local/lib/python3.11/site-packages/requests/api.py", line 59, in request
    return session.request(method=method, url=url, **kwargs)
           ^^^^^^^^^^^^^^^^^^^^^^^^^^^^^^^^^^^^^^^^^^^^^^^^^
  File "/usr/local/lib/python3.11/site-packages/requests/sessions.py", line 592, in request
    resp = self.send(prep, **send_kwargs)
           ^^^^^^^^^^^^^^^^^^^^^^^^^^^^^^
  File "/usr/local/lib/python3.11/site-packages/requests/sessions.py", line 706, in send
    r = adapter.send(request, **kwargs)
        ^^^^^^^^^^^^^^^^^^^^^^^^^^^^^^^
  File "/usr/local/lib/python3.11/site-packages/requests/adapters.py", line 691, in send
    raise ReadTimeout(e, request=request)
requests.exceptions.ReadTimeout: HTTPConnectionPool(host='10.1.1.44', port=3004): Read timed out. (read timeout=10)
2026-09-01 18:35:36,368 [ERROR] app.api.routes_infra: InfraAlert failed | status=500 | resp=HTTPConnectionPool(host='10.1.1.44', port=3004): Read timed out. (read timeout=10)
2026-09-01 19:38:09,232 [INFO] app.api.routes_infra: WA[420f7e4a] -> sendMessage | target=919818247844 | len=123
2026-09-01 19:38:11,698 [INFO] app.api.routes_infra: WA[f8c36685] -> sendMessage | target=919818247844 | len=123
2026-09-01 19:38:19,244 [ERROR] app.api.routes_infra: WA[420f7e4a] send_whatsapp_to_number exception: HTTPConnectionPool(host='10.1.1.44', port=3004): Read timed out. (read timeout=10)
Traceback (most recent call last):
  File "/usr/local/lib/python3.11/site-packages/urllib3/connectionpool.py", line 534, in _make_request
    response = conn.getresponse()
               ^^^^^^^^^^^^^^^^^^
  File "/usr/local/lib/python3.11/site-packages/urllib3/connection.py", line 571, in getresponse
    httplib_response = super().getresponse()
                       ^^^^^^^^^^^^^^^^^^^^^
  File "/usr/local/lib/python3.11/http/client.py", line 1415, in getresponse
    response.begin()
  File "/usr/local/lib/python3.11/http/client.py", line 330, in begin
    version, status, reason = self._read_status()
                              ^^^^^^^^^^^^^^^^^^^
  File "/usr/local/lib/python3.11/http/client.py", line 291, in _read_status
    line = str(self.fp.readline(_MAXLINE + 1), "iso-8859-1")
               ^^^^^^^^^^^^^^^^^^^^^^^^^^^^^^
  File "/usr/local/lib/python3.11/socket.py", line 718, in readinto
    return self._sock.recv_into(b)
           ^^^^^^^^^^^^^^^^^^^^^^^
TimeoutError: timed out

The above exception was the direct cause of the following exception:

Traceback (most recent call last):
  File "/usr/local/lib/python3.11/site-packages/requests/adapters.py", line 645, in send
    resp = conn.urlopen(
           ^^^^^^^^^^^^^
  File "/usr/local/lib/python3.11/site-packages/urllib3/connectionpool.py", line 841, in urlopen
    retries = retries.increment(
              ^^^^^^^^^^^^^^^^^^
  File "/usr/local/lib/python3.11/site-packages/urllib3/util/retry.py", line 490, in increment
    raise reraise(type(error), error, _stacktrace)
          ^^^^^^^^^^^^^^^^^^^^^^^^^^^^^^^^^^^^^^^^
  File "/usr/local/lib/python3.11/site-packages/urllib3/util/util.py", line 39, in reraise
    raise value
  File "/usr/local/lib/python3.11/site-packages/urllib3/connectionpool.py", line 787, in urlopen
    response = self._make_request(
               ^^^^^^^^^^^^^^^^^^^
  File "/usr/local/lib/python3.11/site-packages/urllib3/connectionpool.py", line 536, in _make_request
    self._raise_timeout(err=e, url=url, timeout_value=read_timeout)
  File "/usr/local/lib/python3.11/site-packages/urllib3/connectionpool.py", line 367, in _raise_timeout
    raise ReadTimeoutError(
urllib3.exceptions.ReadTimeoutError: HTTPConnectionPool(host='10.1.1.44', port=3004): Read timed out. (read timeout=10)

During handling of the above exception, another exception occurred:

Traceback (most recent call last):
  File "/app/app/api/routes_infra.py", line 151, in send_whatsapp_to_number
    r = requests.post(
        ^^^^^^^^^^^^^^
  File "/usr/local/lib/python3.11/site-packages/requests/api.py", line 115, in post
    return request("post", url, data=data, json=json, **kwargs)
           ^^^^^^^^^^^^^^^^^^^^^^^^^^^^^^^^^^^^^^^^^^^^^^^^^^^^
  File "/usr/local/lib/python3.11/site-packages/requests/api.py", line 59, in request
    return session.request(method=method, url=url, **kwargs)
           ^^^^^^^^^^^^^^^^^^^^^^^^^^^^^^^^^^^^^^^^^^^^^^^^^
  File "/usr/local/lib/python3.11/site-packages/requests/sessions.py", line 592, in request
    resp = self.send(prep, **send_kwargs)
           ^^^^^^^^^^^^^^^^^^^^^^^^^^^^^^
  File "/usr/local/lib/python3.11/site-packages/requests/sessions.py", line 706, in send
    r = adapter.send(request, **kwargs)
        ^^^^^^^^^^^^^^^^^^^^^^^^^^^^^^^
  File "/usr/local/lib/python3.11/site-packages/requests/adapters.py", line 691, in send
    raise ReadTimeout(e, request=request)
requests.exceptions.ReadTimeout: HTTPConnectionPool(host='10.1.1.44', port=3004): Read timed out. (read timeout=10)
2026-09-01 19:38:19,249 [ERROR] app.api.routes_infra: PickNotify failed | ticket_id=1249 status=500 resp=HTTPConnectionPool(host='10.1.1.44', port=3004): Read timed out. (read timeout=10)
2026-09-01 19:38:21,711 [ERROR] app.api.routes_infra: WA[f8c36685] send_whatsapp_to_number exception: HTTPConnectionPool(host='10.1.1.44', port=3004): Read timed out. (read timeout=10)
Traceback (most recent call last):
  File "/usr/local/lib/python3.11/site-packages/urllib3/connectionpool.py", line 534, in _make_request
    response = conn.getresponse()
               ^^^^^^^^^^^^^^^^^^
  File "/usr/local/lib/python3.11/site-packages/urllib3/connection.py", line 571, in getresponse
    httplib_response = super().getresponse()
                       ^^^^^^^^^^^^^^^^^^^^^
  File "/usr/local/lib/python3.11/http/client.py", line 1415, in getresponse
    response.begin()
  File "/usr/local/lib/python3.11/http/client.py", line 330, in begin
    version, status, reason = self._read_status()
                              ^^^^^^^^^^^^^^^^^^^
  File "/usr/local/lib/python3.11/http/client.py", line 291, in _read_status
    line = str(self.fp.readline(_MAXLINE + 1), "iso-8859-1")
               ^^^^^^^^^^^^^^^^^^^^^^^^^^^^^^
  File "/usr/local/lib/python3.11/socket.py", line 718, in readinto
    return self._sock.recv_into(b)
           ^^^^^^^^^^^^^^^^^^^^^^^
TimeoutError: timed out

The above exception was the direct cause of the following exception:

Traceback (most recent call last):
  File "/usr/local/lib/python3.11/site-packages/requests/adapters.py", line 645, in send
    resp = conn.urlopen(
           ^^^^^^^^^^^^^
  File "/usr/local/lib/python3.11/site-packages/urllib3/connectionpool.py", line 841, in urlopen
    retries = retries.increment(
              ^^^^^^^^^^^^^^^^^^
  File "/usr/local/lib/python3.11/site-packages/urllib3/util/retry.py", line 490, in increment
    raise reraise(type(error), error, _stacktrace)
          ^^^^^^^^^^^^^^^^^^^^^^^^^^^^^^^^^^^^^^^^
  File "/usr/local/lib/python3.11/site-packages/urllib3/util/util.py", line 39, in reraise
    raise value
  File "/usr/local/lib/python3.11/site-packages/urllib3/connectionpool.py", line 787, in urlopen
    response = self._make_request(
               ^^^^^^^^^^^^^^^^^^^
  File "/usr/local/lib/python3.11/site-packages/urllib3/connectionpool.py", line 536, in _make_request
    self._raise_timeout(err=e, url=url, timeout_value=read_timeout)
  File "/usr/local/lib/python3.11/site-packages/urllib3/connectionpool.py", line 367, in _raise_timeout
    raise ReadTimeoutError(
urllib3.exceptions.ReadTimeoutError: HTTPConnectionPool(host='10.1.1.44', port=3004): Read timed out. (read timeout=10)

During handling of the above exception, another exception occurred:

Traceback (most recent call last):
  File "/app/app/api/routes_infra.py", line 151, in send_whatsapp_to_number
    r = requests.post(
        ^^^^^^^^^^^^^^
  File "/usr/local/lib/python3.11/site-packages/requests/api.py", line 115, in post
    return request("post", url, data=data, json=json, **kwargs)
           ^^^^^^^^^^^^^^^^^^^^^^^^^^^^^^^^^^^^^^^^^^^^^^^^^^^^
  File "/usr/local/lib/python3.11/site-packages/requests/api.py", line 59, in request
    return session.request(method=method, url=url, **kwargs)
           ^^^^^^^^^^^^^^^^^^^^^^^^^^^^^^^^^^^^^^^^^^^^^^^^^
  File "/usr/local/lib/python3.11/site-packages/requests/sessions.py", line 592, in request
    resp = self.send(prep, **send_kwargs)
           ^^^^^^^^^^^^^^^^^^^^^^^^^^^^^^
  File "/usr/local/lib/python3.11/site-packages/requests/sessions.py", line 706, in send
    r = adapter.send(request, **kwargs)
        ^^^^^^^^^^^^^^^^^^^^^^^^^^^^^^^
  File "/usr/local/lib/python3.11/site-packages/requests/adapters.py", line 691, in send
    raise ReadTimeout(e, request=request)
requests.exceptions.ReadTimeout: HTTPConnectionPool(host='10.1.1.44', port=3004): Read timed out. (read timeout=10)
2026-09-01 19:38:21,714 [ERROR] app.api.routes_infra: PickNotify failed | ticket_id=1249 status=500 resp=HTTPConnectionPool(host='10.1.1.44', port=3004): Read timed out. (read timeout=10)
2026-09-02 11:44:38,981 [INFO] app.api.routes_infra: WA[6df5c189] -> sendMessage | target=919871366002 | len=290
2026-09-02 11:44:39,351 [INFO] app.api.routes_infra: WA[6df5c189] <- status=200 | body={"success":true}
2026-09-02 11:44:39,351 [INFO] app.api.routes_infra: ResolveNotify sent | ticket_id=1248 contact=9871366002
2026-09-02 12:24:53,231 [INFO] app.api.routes_infra: InfraAlert trigger -> ticket_id=1250 created_by=Ritu Mahalwal dept=Customer Care category=Software
2026-09-02 12:24:53,232 [INFO] app.api.routes_infra: InfraAlert -> sending WA for ticket_id=1250 | msg_len=288
2026-09-02 12:24:53,232 [INFO] app.api.routes_infra: WA[b728da90] -> sendMessage | target=120363141953100908@g.us | len=288
2026-09-02 12:24:53,280 [INFO] app.api.routes_infra: WA[b728da90] <- status=200 | body={"success":true}
2026-09-02 12:24:53,280 [INFO] app.api.routes_infra: InfraAlert sent | status=200 | resp={"success":true}
2026-09-02 12:27:44,956 [INFO] app.api.routes_infra: WA[d427fd12] -> sendMessage | target=919871366002 | len=122
2026-09-02 12:27:45,316 [INFO] app.api.routes_infra: WA[d427fd12] <- status=200 | body={"success":true}
2026-09-02 12:27:45,317 [INFO] app.api.routes_infra: PickNotify sent to 9871366002 | ticket_id=1250
2026-09-02 12:27:47,122 [INFO] app.api.routes_infra: WA[9151ccca] -> sendMessage | target=919871366002 | len=267
2026-09-02 12:27:47,475 [INFO] app.api.routes_infra: WA[9151ccca] <- status=200 | body={"success":true}
2026-09-02 12:27:47,475 [INFO] app.api.routes_infra: ResolveNotify sent | ticket_id=1250 contact=9871366002
2026-09-02 12:28:56,490 [INFO] app.api.routes_infra: InfraAlert trigger -> ticket_id=1251 created_by=Shabnam khan dept=Technical category=Software
2026-09-02 12:28:56,490 [INFO] app.api.routes_infra: InfraAlert -> sending WA for ticket_id=1251 | msg_len=266
2026-09-02 12:28:56,491 [INFO] app.api.routes_infra: WA[ec1ffee4] -> sendMessage | target=120363141953100908@g.us | len=266
2026-09-02 12:28:56,827 [INFO] app.api.routes_infra: WA[ec1ffee4] <- status=200 | body={"success":true}
2026-09-02 12:28:56,828 [INFO] app.api.routes_infra: InfraAlert sent | status=200 | resp={"success":true}
2026-09-02 12:29:53,554 [INFO] app.api.routes_infra: WA[1d442edc] -> sendMessage | target=919818393041 | len=122
2026-09-02 12:29:53,913 [INFO] app.api.routes_infra: WA[1d442edc] <- status=200 | body={"success":true}
2026-09-02 12:29:53,913 [INFO] app.api.routes_infra: PickNotify sent to 9818393041 | ticket_id=1251
2026-09-02 12:29:58,401 [INFO] app.api.routes_infra: WA[1a7144f7] -> sendMessage | target=919818393041 | len=250
2026-09-02 12:29:59,005 [INFO] app.api.routes_infra: WA[1a7144f7] <- status=200 | body={"success":true}
2026-09-02 12:29:59,005 [INFO] app.api.routes_infra: ResolveNotify sent | ticket_id=1251 contact=9818393041
2026-09-02 15:45:17,851 [INFO] app.api.routes_infra: InfraAlert trigger -> ticket_id=1252 created_by=Ritu Mahalwal dept=Customer Care category=Software
2026-09-02 15:45:17,851 [INFO] app.api.routes_infra: InfraAlert -> sending WA for ticket_id=1252 | msg_len=281
2026-09-02 15:45:17,852 [INFO] app.api.routes_infra: WA[76501c75] -> sendMessage | target=120363141953100908@g.us | len=281
2026-09-02 15:45:17,900 [INFO] app.api.routes_infra: WA[76501c75] <- status=200 | body={"success":true}
2026-09-02 15:45:17,900 [INFO] app.api.routes_infra: InfraAlert sent | status=200 | resp={"success":true}
2026-09-02 16:46:24,754 [INFO] app.api.routes_infra: WA[2757d78d] -> sendMessage | target=919871366002 | len=122
2026-09-02 16:46:25,113 [INFO] app.api.routes_infra: WA[2757d78d] <- status=200 | body={"success":true}
2026-09-02 16:46:25,113 [INFO] app.api.routes_infra: PickNotify sent to 9871366002 | ticket_id=1252
2026-09-02 18:51:52,123 [INFO] app.api.routes_infra: InfraAlert trigger -> ticket_id=1253 created_by=Sanjeet Kumar dept=Customer Care category=Software
2026-09-02 18:51:52,124 [INFO] app.api.routes_infra: InfraAlert -> sending WA for ticket_id=1253 | msg_len=278
2026-09-02 18:51:52,124 [INFO] app.api.routes_infra: WA[6a2419af] -> sendMessage | target=120363141953100908@g.us | len=278
2026-09-02 18:51:52,170 [INFO] app.api.routes_infra: WA[6a2419af] <- status=200 | body={"success":true}
2026-09-02 18:51:52,170 [INFO] app.api.routes_infra: InfraAlert sent | status=200 | resp={"success":true}
2026-09-02 18:53:08,657 [INFO] app.api.routes_infra: WA[41358edf] -> sendMessage | target=917982256085 | len=126
2026-09-02 18:53:11,024 [INFO] app.api.routes_infra: WA[41358edf] <- status=200 | body={"success":true}
2026-09-02 18:53:11,024 [INFO] app.api.routes_infra: PickNotify sent to 7982256085 | ticket_id=1253
2026-09-02 19:14:43,648 [INFO] app.api.routes_infra: WA[71094c70] -> sendMessage | target=919818393041 | len=233
2026-09-02 19:14:53,661 [ERROR] app.api.routes_infra: WA[71094c70] send_whatsapp_to_number exception: HTTPConnectionPool(host='10.1.1.44', port=3004): Read timed out. (read timeout=10)
Traceback (most recent call last):
  File "/usr/local/lib/python3.11/site-packages/urllib3/connectionpool.py", line 534, in _make_request
    response = conn.getresponse()
               ^^^^^^^^^^^^^^^^^^
  File "/usr/local/lib/python3.11/site-packages/urllib3/connection.py", line 571, in getresponse
    httplib_response = super().getresponse()
                       ^^^^^^^^^^^^^^^^^^^^^
  File "/usr/local/lib/python3.11/http/client.py", line 1415, in getresponse
    response.begin()
  File "/usr/local/lib/python3.11/http/client.py", line 330, in begin
    version, status, reason = self._read_status()
                              ^^^^^^^^^^^^^^^^^^^
  File "/usr/local/lib/python3.11/http/client.py", line 291, in _read_status
    line = str(self.fp.readline(_MAXLINE + 1), "iso-8859-1")
               ^^^^^^^^^^^^^^^^^^^^^^^^^^^^^^
  File "/usr/local/lib/python3.11/socket.py", line 718, in readinto
    return self._sock.recv_into(b)
           ^^^^^^^^^^^^^^^^^^^^^^^
TimeoutError: timed out

The above exception was the direct cause of the following exception:

Traceback (most recent call last):
  File "/usr/local/lib/python3.11/site-packages/requests/adapters.py", line 645, in send
    resp = conn.urlopen(
           ^^^^^^^^^^^^^
  File "/usr/local/lib/python3.11/site-packages/urllib3/connectionpool.py", line 841, in urlopen
    retries = retries.increment(
              ^^^^^^^^^^^^^^^^^^
  File "/usr/local/lib/python3.11/site-packages/urllib3/util/retry.py", line 490, in increment
    raise reraise(type(error), error, _stacktrace)
          ^^^^^^^^^^^^^^^^^^^^^^^^^^^^^^^^^^^^^^^^
  File "/usr/local/lib/python3.11/site-packages/urllib3/util/util.py", line 39, in reraise
    raise value
  File "/usr/local/lib/python3.11/site-packages/urllib3/connectionpool.py", line 787, in urlopen
    response = self._make_request(
               ^^^^^^^^^^^^^^^^^^^
  File "/usr/local/lib/python3.11/site-packages/urllib3/connectionpool.py", line 536, in _make_request
    self._raise_timeout(err=e, url=url, timeout_value=read_timeout)
  File "/usr/local/lib/python3.11/site-packages/urllib3/connectionpool.py", line 367, in _raise_timeout
    raise ReadTimeoutError(
urllib3.exceptions.ReadTimeoutError: HTTPConnectionPool(host='10.1.1.44', port=3004): Read timed out. (read timeout=10)

During handling of the above exception, another exception occurred:

Traceback (most recent call last):
  File "/app/app/api/routes_infra.py", line 151, in send_whatsapp_to_number
    r = requests.post(
        ^^^^^^^^^^^^^^
  File "/usr/local/lib/python3.11/site-packages/requests/api.py", line 115, in post
    return request("post", url, data=data, json=json, **kwargs)
           ^^^^^^^^^^^^^^^^^^^^^^^^^^^^^^^^^^^^^^^^^^^^^^^^^^^^
  File "/usr/local/lib/python3.11/site-packages/requests/api.py", line 59, in request
    return session.request(method=method, url=url, **kwargs)
           ^^^^^^^^^^^^^^^^^^^^^^^^^^^^^^^^^^^^^^^^^^^^^^^^^
  File "/usr/local/lib/python3.11/site-packages/requests/sessions.py", line 592, in request
    resp = self.send(prep, **send_kwargs)
           ^^^^^^^^^^^^^^^^^^^^^^^^^^^^^^
  File "/usr/local/lib/python3.11/site-packages/requests/sessions.py", line 706, in send
    r = adapter.send(request, **kwargs)
        ^^^^^^^^^^^^^^^^^^^^^^^^^^^^^^^
  File "/usr/local/lib/python3.11/site-packages/requests/adapters.py", line 691, in send
    raise ReadTimeout(e, request=request)
requests.exceptions.ReadTimeout: HTTPConnectionPool(host='10.1.1.44', port=3004): Read timed out. (read timeout=10)
2026-09-02 19:14:53,663 [ERROR] app.api.routes_infra: ResolveNotify failed | ticket_id=1225 status=500 resp=HTTPConnectionPool(host='10.1.1.44', port=3004): Read timed out. (read timeout=10)
2026-09-02 19:15:03,097 [INFO] app.api.routes_infra: WA[35a2fad6] -> sendMessage | target=919818247844 | len=235
2026-09-02 19:15:13,104 [ERROR] app.api.routes_infra: WA[35a2fad6] send_whatsapp_to_number exception: HTTPConnectionPool(host='10.1.1.44', port=3004): Read timed out. (read timeout=10)
Traceback (most recent call last):
  File "/usr/local/lib/python3.11/site-packages/urllib3/connectionpool.py", line 534, in _make_request
    response = conn.getresponse()
               ^^^^^^^^^^^^^^^^^^
  File "/usr/local/lib/python3.11/site-packages/urllib3/connection.py", line 571, in getresponse
    httplib_response = super().getresponse()
                       ^^^^^^^^^^^^^^^^^^^^^
  File "/usr/local/lib/python3.11/http/client.py", line 1415, in getresponse
    response.begin()
  File "/usr/local/lib/python3.11/http/client.py", line 330, in begin
    version, status, reason = self._read_status()
                              ^^^^^^^^^^^^^^^^^^^
  File "/usr/local/lib/python3.11/http/client.py", line 291, in _read_status
    line = str(self.fp.readline(_MAXLINE + 1), "iso-8859-1")
               ^^^^^^^^^^^^^^^^^^^^^^^^^^^^^^
  File "/usr/local/lib/python3.11/socket.py", line 718, in readinto
    return self._sock.recv_into(b)
           ^^^^^^^^^^^^^^^^^^^^^^^
TimeoutError: timed out

The above exception was the direct cause of the following exception:

Traceback (most recent call last):
  File "/usr/local/lib/python3.11/site-packages/requests/adapters.py", line 645, in send
    resp = conn.urlopen(
           ^^^^^^^^^^^^^
  File "/usr/local/lib/python3.11/site-packages/urllib3/connectionpool.py", line 841, in urlopen
    retries = retries.increment(
              ^^^^^^^^^^^^^^^^^^
  File "/usr/local/lib/python3.11/site-packages/urllib3/util/retry.py", line 490, in increment
    raise reraise(type(error), error, _stacktrace)
          ^^^^^^^^^^^^^^^^^^^^^^^^^^^^^^^^^^^^^^^^
  File "/usr/local/lib/python3.11/site-packages/urllib3/util/util.py", line 39, in reraise
    raise value
  File "/usr/local/lib/python3.11/site-packages/urllib3/connectionpool.py", line 787, in urlopen
    response = self._make_request(
               ^^^^^^^^^^^^^^^^^^^
  File "/usr/local/lib/python3.11/site-packages/urllib3/connectionpool.py", line 536, in _make_request
    self._raise_timeout(err=e, url=url, timeout_value=read_timeout)
  File "/usr/local/lib/python3.11/site-packages/urllib3/connectionpool.py", line 367, in _raise_timeout
    raise ReadTimeoutError(
urllib3.exceptions.ReadTimeoutError: HTTPConnectionPool(host='10.1.1.44', port=3004): Read timed out. (read timeout=10)

During handling of the above exception, another exception occurred:

Traceback (most recent call last):
  File "/app/app/api/routes_infra.py", line 151, in send_whatsapp_to_number
    r = requests.post(
        ^^^^^^^^^^^^^^
  File "/usr/local/lib/python3.11/site-packages/requests/api.py", line 115, in post
    return request("post", url, data=data, json=json, **kwargs)
           ^^^^^^^^^^^^^^^^^^^^^^^^^^^^^^^^^^^^^^^^^^^^^^^^^^^^
  File "/usr/local/lib/python3.11/site-packages/requests/api.py", line 59, in request
    return session.request(method=method, url=url, **kwargs)
           ^^^^^^^^^^^^^^^^^^^^^^^^^^^^^^^^^^^^^^^^^^^^^^^^^
  File "/usr/local/lib/python3.11/site-packages/requests/sessions.py", line 592, in request
    resp = self.send(prep, **send_kwargs)
           ^^^^^^^^^^^^^^^^^^^^^^^^^^^^^^
  File "/usr/local/lib/python3.11/site-packages/requests/sessions.py", line 706, in send
    r = adapter.send(request, **kwargs)
        ^^^^^^^^^^^^^^^^^^^^^^^^^^^^^^^
  File "/usr/local/lib/python3.11/site-packages/requests/adapters.py", line 691, in send
    raise ReadTimeout(e, request=request)
requests.exceptions.ReadTimeout: HTTPConnectionPool(host='10.1.1.44', port=3004): Read timed out. (read timeout=10)
2026-09-02 19:15:13,106 [ERROR] app.api.routes_infra: ResolveNotify failed | ticket_id=1249 status=500 resp=HTTPConnectionPool(host='10.1.1.44', port=3004): Read timed out. (read timeout=10)
2026-09-03 10:44:34,590 [INFO] app.api.routes_infra: InfraAlert trigger -> ticket_id=1254 created_by=Harshit dept=Technical category=Hardware
2026-09-03 10:44:34,590 [INFO] app.api.routes_infra: InfraAlert -> sending WA for ticket_id=1254 | msg_len=249
2026-09-03 10:44:34,591 [INFO] app.api.routes_infra: WA[596ec6b2] -> sendMessage | target=120363141953100908@g.us | len=249
2026-09-03 10:44:34,643 [INFO] app.api.routes_infra: WA[596ec6b2] <- status=200 | body={"success":true}
2026-09-03 10:44:34,643 [INFO] app.api.routes_infra: InfraAlert sent | status=200 | resp={"success":true}
2026-09-03 10:56:47,778 [INFO] app.api.routes_infra: WA[966868fc] -> sendMessage | target=917982256085 | len=261
2026-09-03 10:56:48,137 [INFO] app.api.routes_infra: WA[966868fc] <- status=200 | body={"success":true}
2026-09-03 10:56:48,137 [INFO] app.api.routes_infra: ResolveNotify sent | ticket_id=1253 contact=7982256085
2026-09-03 11:26:14,979 [INFO] app.api.routes_infra: WA[a3482212] -> sendMessage | target=919310305734 | len=123
2026-09-03 11:26:15,367 [INFO] app.api.routes_infra: WA[a3482212] <- status=200 | body={"success":true}
2026-09-03 11:26:15,368 [INFO] app.api.routes_infra: PickNotify sent to 9310305734 | ticket_id=1254
2026-09-03 17:36:09,291 [INFO] app.api.routes_infra: WA[ec3c89cb] -> sendMessage | target=919310305734 | len=239
2026-09-03 17:36:09,622 [INFO] app.api.routes_infra: WA[ec3c89cb] <- status=200 | body={"success":true}
2026-09-03 17:36:09,622 [INFO] app.api.routes_infra: ResolveNotify sent | ticket_id=1254 contact=9310305734
2026-09-03 21:57:39,147 [INFO] app.api.routes_infra: InfraAlert trigger -> ticket_id=1255 created_by=KARAN JHA dept=Admin category=Hardware
2026-09-03 21:57:39,148 [INFO] app.api.routes_infra: InfraAlert -> sending WA for ticket_id=1255 | msg_len=238
2026-09-03 21:57:39,150 [INFO] app.api.routes_infra: WA[89f760ef] -> sendMessage | target=120363141953100908@g.us | len=238
2026-09-03 21:57:39,197 [INFO] app.api.routes_infra: WA[89f760ef] <- status=200 | body={"success":true}
2026-09-03 21:57:39,197 [INFO] app.api.routes_infra: InfraAlert sent | status=200 | resp={"success":true}
2026-09-04 07:41:26,175 [INFO] app.api.routes_infra: InfraAlert trigger -> ticket_id=1256 created_by=jyoti dept=Customer Care category=Software
2026-09-04 07:41:26,176 [INFO] app.api.routes_infra: InfraAlert -> sending WA for ticket_id=1256 | msg_len=273
2026-09-04 07:41:26,177 [INFO] app.api.routes_infra: WA[3a0dd8c2] -> sendMessage | target=120363141953100908@g.us | len=273
2026-09-04 07:41:26,234 [INFO] app.api.routes_infra: WA[3a0dd8c2] <- status=200 | body={"success":true}
2026-09-04 07:41:26,234 [INFO] app.api.routes_infra: InfraAlert sent | status=200 | resp={"success":true}
2026-09-04 10:04:31,025 [INFO] app.api.routes_infra: WA[05ff449b] -> sendMessage | target=919870554746 | len=126
2026-09-04 10:04:31,505 [INFO] app.api.routes_infra: WA[05ff449b] <- status=200 | body={"success":true}
2026-09-04 10:04:31,506 [INFO] app.api.routes_infra: PickNotify sent to 9870554746 | ticket_id=1256
2026-09-04 10:04:34,498 [INFO] app.api.routes_infra: WA[2170c826] -> sendMessage | target=919870554746 | len=264
2026-09-04 10:04:34,851 [INFO] app.api.routes_infra: WA[2170c826] <- status=200 | body={"success":true}
2026-09-04 10:04:34,851 [INFO] app.api.routes_infra: ResolveNotify sent | ticket_id=1256 contact=9870554746
2026-09-04 10:10:34,884 [INFO] app.api.routes_infra: InfraAlert trigger -> ticket_id=1257 created_by=Ritu Mahalwal dept=Customer Care category=Software
2026-09-04 10:10:34,885 [INFO] app.api.routes_infra: InfraAlert -> sending WA for ticket_id=1257 | msg_len=324
2026-09-04 10:10:34,886 [INFO] app.api.routes_infra: WA[599401cb] -> sendMessage | target=120363141953100908@g.us | len=324
2026-09-04 10:10:34,942 [INFO] app.api.routes_infra: WA[599401cb] <- status=200 | body={"success":true}
2026-09-04 10:10:34,942 [INFO] app.api.routes_infra: InfraAlert sent | status=200 | resp={"success":true}
2026-09-04 11:01:45,264 [INFO] app.api.routes_infra: InfraAlert trigger -> ticket_id=1258 created_by=Ritu Mahalwal dept=Customer Care category=Software
2026-09-04 11:01:45,265 [INFO] app.api.routes_infra: InfraAlert -> sending WA for ticket_id=1258 | msg_len=321
2026-09-04 11:01:45,265 [INFO] app.api.routes_infra: WA[23a17eef] -> sendMessage | target=120363141953100908@g.us | len=321
2026-09-04 11:01:45,328 [INFO] app.api.routes_infra: WA[23a17eef] <- status=200 | body={"success":true}
2026-09-04 11:01:45,329 [INFO] app.api.routes_infra: InfraAlert sent | status=200 | resp={"success":true}
2026-09-04 11:03:47,419 [INFO] app.api.routes_infra: Infra resolution SLA hiccup generated | ticket_id=1252 hiccup=HCP-26-1812
2026-09-04 11:06:19,625 [INFO] app.api.routes_infra: WA[3d956929] -> sendMessage | target=919871366002 | len=126
2026-09-04 11:06:20,027 [INFO] app.api.routes_infra: WA[3d956929] <- status=200 | body={"success":true}
2026-09-04 11:06:20,027 [INFO] app.api.routes_infra: PickNotify sent to 9871366002 | ticket_id=1258
2026-09-04 11:44:47,446 [INFO] app.api.routes_infra: WA[542f9111] -> sendMessage | target=919871366002 | len=273
2026-09-04 11:44:47,808 [INFO] app.api.routes_infra: WA[542f9111] <- status=200 | body={"success":true}
2026-09-04 11:44:47,809 [INFO] app.api.routes_infra: ResolveNotify sent | ticket_id=1252 contact=9871366002
2026-09-04 11:47:50,517 [INFO] app.api.routes_infra: WA[edcbd567] -> sendMessage | target=919871366002 | len=122
2026-09-04 11:47:50,877 [INFO] app.api.routes_infra: WA[edcbd567] <- status=200 | body={"success":true}
2026-09-04 11:47:50,877 [INFO] app.api.routes_infra: PickNotify sent to 9871366002 | ticket_id=1257
2026-09-04 12:14:11,401 [INFO] app.api.routes_infra: WA[75e00fab] -> sendMessage | target=918527115485 | len=123
2026-09-04 12:14:15,056 [INFO] app.api.routes_infra: WA[4537c247] -> sendMessage | target=918527115485 | len=123
2026-09-04 12:14:21,415 [ERROR] app.api.routes_infra: WA[75e00fab] send_whatsapp_to_number exception: HTTPConnectionPool(host='10.1.1.44', port=3004): Read timed out. (read timeout=10)
Traceback (most recent call last):
  File "/usr/local/lib/python3.11/site-packages/urllib3/connectionpool.py", line 534, in _make_request
    response = conn.getresponse()
               ^^^^^^^^^^^^^^^^^^
  File "/usr/local/lib/python3.11/site-packages/urllib3/connection.py", line 571, in getresponse
    httplib_response = super().getresponse()
                       ^^^^^^^^^^^^^^^^^^^^^
  File "/usr/local/lib/python3.11/http/client.py", line 1415, in getresponse
    response.begin()
  File "/usr/local/lib/python3.11/http/client.py", line 330, in begin
    version, status, reason = self._read_status()
                              ^^^^^^^^^^^^^^^^^^^
  File "/usr/local/lib/python3.11/http/client.py", line 291, in _read_status
    line = str(self.fp.readline(_MAXLINE + 1), "iso-8859-1")
               ^^^^^^^^^^^^^^^^^^^^^^^^^^^^^^
  File "/usr/local/lib/python3.11/socket.py", line 718, in readinto
    return self._sock.recv_into(b)
           ^^^^^^^^^^^^^^^^^^^^^^^
TimeoutError: timed out

The above exception was the direct cause of the following exception:

Traceback (most recent call last):
  File "/usr/local/lib/python3.11/site-packages/requests/adapters.py", line 645, in send
    resp = conn.urlopen(
           ^^^^^^^^^^^^^
  File "/usr/local/lib/python3.11/site-packages/urllib3/connectionpool.py", line 841, in urlopen
    retries = retries.increment(
              ^^^^^^^^^^^^^^^^^^
  File "/usr/local/lib/python3.11/site-packages/urllib3/util/retry.py", line 490, in increment
    raise reraise(type(error), error, _stacktrace)
          ^^^^^^^^^^^^^^^^^^^^^^^^^^^^^^^^^^^^^^^^
  File "/usr/local/lib/python3.11/site-packages/urllib3/util/util.py", line 39, in reraise
    raise value
  File "/usr/local/lib/python3.11/site-packages/urllib3/connectionpool.py", line 787, in urlopen
    response = self._make_request(
               ^^^^^^^^^^^^^^^^^^^
  File "/usr/local/lib/python3.11/site-packages/urllib3/connectionpool.py", line 536, in _make_request
    self._raise_timeout(err=e, url=url, timeout_value=read_timeout)
  File "/usr/local/lib/python3.11/site-packages/urllib3/connectionpool.py", line 367, in _raise_timeout
    raise ReadTimeoutError(
urllib3.exceptions.ReadTimeoutError: HTTPConnectionPool(host='10.1.1.44', port=3004): Read timed out. (read timeout=10)

During handling of the above exception, another exception occurred:

Traceback (most recent call last):
  File "/app/app/api/routes_infra.py", line 151, in send_whatsapp_to_number
    r = requests.post(
        ^^^^^^^^^^^^^^
  File "/usr/local/lib/python3.11/site-packages/requests/api.py", line 115, in post
    return request("post", url, data=data, json=json, **kwargs)
           ^^^^^^^^^^^^^^^^^^^^^^^^^^^^^^^^^^^^^^^^^^^^^^^^^^^^
  File "/usr/local/lib/python3.11/site-packages/requests/api.py", line 59, in request
    return session.request(method=method, url=url, **kwargs)
           ^^^^^^^^^^^^^^^^^^^^^^^^^^^^^^^^^^^^^^^^^^^^^^^^^
  File "/usr/local/lib/python3.11/site-packages/requests/sessions.py", line 592, in request
    resp = self.send(prep, **send_kwargs)
           ^^^^^^^^^^^^^^^^^^^^^^^^^^^^^^
  File "/usr/local/lib/python3.11/site-packages/requests/sessions.py", line 706, in send
    r = adapter.send(request, **kwargs)
        ^^^^^^^^^^^^^^^^^^^^^^^^^^^^^^^
  File "/usr/local/lib/python3.11/site-packages/requests/adapters.py", line 691, in send
    raise ReadTimeout(e, request=request)
requests.exceptions.ReadTimeout: HTTPConnectionPool(host='10.1.1.44', port=3004): Read timed out. (read timeout=10)
2026-09-04 12:14:21,418 [ERROR] app.api.routes_infra: PickNotify failed | ticket_id=1255 status=500 resp=HTTPConnectionPool(host='10.1.1.44', port=3004): Read timed out. (read timeout=10)
2026-09-04 12:14:25,065 [ERROR] app.api.routes_infra: WA[4537c247] send_whatsapp_to_number exception: HTTPConnectionPool(host='10.1.1.44', port=3004): Read timed out. (read timeout=10)
Traceback (most recent call last):
  File "/usr/local/lib/python3.11/site-packages/urllib3/connectionpool.py", line 534, in _make_request
    response = conn.getresponse()
               ^^^^^^^^^^^^^^^^^^
  File "/usr/local/lib/python3.11/site-packages/urllib3/connection.py", line 571, in getresponse
    httplib_response = super().getresponse()
                       ^^^^^^^^^^^^^^^^^^^^^
  File "/usr/local/lib/python3.11/http/client.py", line 1415, in getresponse
    response.begin()
  File "/usr/local/lib/python3.11/http/client.py", line 330, in begin
    version, status, reason = self._read_status()
                              ^^^^^^^^^^^^^^^^^^^
  File "/usr/local/lib/python3.11/http/client.py", line 291, in _read_status
    line = str(self.fp.readline(_MAXLINE + 1), "iso-8859-1")
               ^^^^^^^^^^^^^^^^^^^^^^^^^^^^^^
  File "/usr/local/lib/python3.11/socket.py", line 718, in readinto
    return self._sock.recv_into(b)
           ^^^^^^^^^^^^^^^^^^^^^^^
TimeoutError: timed out

The above exception was the direct cause of the following exception:

Traceback (most recent call last):
  File "/usr/local/lib/python3.11/site-packages/requests/adapters.py", line 645, in send
    resp = conn.urlopen(
           ^^^^^^^^^^^^^
  File "/usr/local/lib/python3.11/site-packages/urllib3/connectionpool.py", line 841, in urlopen
    retries = retries.increment(
              ^^^^^^^^^^^^^^^^^^
  File "/usr/local/lib/python3.11/site-packages/urllib3/util/retry.py", line 490, in increment
    raise reraise(type(error), error, _stacktrace)
          ^^^^^^^^^^^^^^^^^^^^^^^^^^^^^^^^^^^^^^^^
  File "/usr/local/lib/python3.11/site-packages/urllib3/util/util.py", line 39, in reraise
    raise value
  File "/usr/local/lib/python3.11/site-packages/urllib3/connectionpool.py", line 787, in urlopen
    response = self._make_request(
               ^^^^^^^^^^^^^^^^^^^
  File "/usr/local/lib/python3.11/site-packages/urllib3/connectionpool.py", line 536, in _make_request
    self._raise_timeout(err=e, url=url, timeout_value=read_timeout)
  File "/usr/local/lib/python3.11/site-packages/urllib3/connectionpool.py", line 367, in _raise_timeout
    raise ReadTimeoutError(
urllib3.exceptions.ReadTimeoutError: HTTPConnectionPool(host='10.1.1.44', port=3004): Read timed out. (read timeout=10)

During handling of the above exception, another exception occurred:

Traceback (most recent call last):
  File "/app/app/api/routes_infra.py", line 151, in send_whatsapp_to_number
    r = requests.post(
        ^^^^^^^^^^^^^^
  File "/usr/local/lib/python3.11/site-packages/requests/api.py", line 115, in post
    return request("post", url, data=data, json=json, **kwargs)
           ^^^^^^^^^^^^^^^^^^^^^^^^^^^^^^^^^^^^^^^^^^^^^^^^^^^^
  File "/usr/local/lib/python3.11/site-packages/requests/api.py", line 59, in request
    return session.request(method=method, url=url, **kwargs)
           ^^^^^^^^^^^^^^^^^^^^^^^^^^^^^^^^^^^^^^^^^^^^^^^^^
  File "/usr/local/lib/python3.11/site-packages/requests/sessions.py", line 592, in request
    resp = self.send(prep, **send_kwargs)
           ^^^^^^^^^^^^^^^^^^^^^^^^^^^^^^
  File "/usr/local/lib/python3.11/site-packages/requests/sessions.py", line 706, in send
    r = adapter.send(request, **kwargs)
        ^^^^^^^^^^^^^^^^^^^^^^^^^^^^^^^
  File "/usr/local/lib/python3.11/site-packages/requests/adapters.py", line 691, in send
    raise ReadTimeout(e, request=request)
requests.exceptions.ReadTimeout: HTTPConnectionPool(host='10.1.1.44', port=3004): Read timed out. (read timeout=10)
2026-09-04 12:14:25,070 [ERROR] app.api.routes_infra: PickNotify failed | ticket_id=1255 status=500 resp=HTTPConnectionPool(host='10.1.1.44', port=3004): Read timed out. (read timeout=10)
2026-09-04 12:59:53,782 [INFO] app.api.routes_infra: InfraAlert trigger -> ticket_id=1259 created_by=Divya bisht dept=Technical category=Hardware
2026-09-04 12:59:53,783 [INFO] app.api.routes_infra: InfraAlert -> sending WA for ticket_id=1259 | msg_len=248
2026-09-04 12:59:53,783 [INFO] app.api.routes_infra: WA[ac4cb1dc] -> sendMessage | target=120363141953100908@g.us | len=248
2026-09-04 12:59:54,205 [INFO] app.api.routes_infra: WA[ac4cb1dc] <- status=200 | body={"success":true}
2026-09-04 12:59:54,205 [INFO] app.api.routes_infra: InfraAlert sent | status=200 | resp={"success":true}
2026-09-04 18:14:08,478 [INFO] app.api.routes_infra: InfraAlert trigger -> ticket_id=1260 created_by=ANKITA dept=Other category=Software
2026-09-04 18:14:08,479 [INFO] app.api.routes_infra: InfraAlert -> sending WA for ticket_id=1260 | msg_len=435
2026-09-04 18:14:08,479 [INFO] app.api.routes_infra: WA[4324bf00] -> sendMessage | target=120363141953100908@g.us | len=435
2026-09-04 18:14:08,535 [INFO] app.api.routes_infra: WA[4324bf00] <- status=200 | body={"success":true}
2026-09-04 18:14:08,535 [INFO] app.api.routes_infra: InfraAlert sent | status=200 | resp={"success":true}
2026-09-04 18:17:31,027 [INFO] app.api.routes_infra: InfraAlert trigger -> ticket_id=1261 created_by=ANKITA dept=Other category=Software
2026-09-04 18:17:31,027 [INFO] app.api.routes_infra: InfraAlert -> sending WA for ticket_id=1261 | msg_len=371
2026-09-04 18:17:31,028 [INFO] app.api.routes_infra: WA[57dd0aeb] -> sendMessage | target=120363141953100908@g.us | len=371
2026-09-04 18:17:31,079 [INFO] app.api.routes_infra: WA[57dd0aeb] <- status=200 | body={"success":true}
2026-09-04 18:17:31,079 [INFO] app.api.routes_infra: InfraAlert sent | status=200 | resp={"success":true}
2026-09-04 18:30:12,970 [INFO] app.api.routes_infra: InfraAlert trigger -> ticket_id=1262 created_by=ANKITA dept=Other category=Software
2026-09-04 18:30:12,970 [INFO] app.api.routes_infra: InfraAlert -> sending WA for ticket_id=1262 | msg_len=323
2026-09-04 18:30:12,971 [INFO] app.api.routes_infra: WA[19ec50ed] -> sendMessage | target=120363141953100908@g.us | len=323
2026-09-04 18:30:13,042 [INFO] app.api.routes_infra: WA[19ec50ed] <- status=200 | body={"success":true}
2026-09-04 18:30:13,043 [INFO] app.api.routes_infra: InfraAlert sent | status=200 | resp={"success":true}
2026-09-04 18:45:30,522 [INFO] app.api.routes_infra: WA[6ef589ff] -> sendMessage | target=918700004157 | len=122
2026-09-04 18:45:31,075 [INFO] app.api.routes_infra: WA[6ef589ff] <- status=200 | body={"success":true}
2026-09-04 18:45:31,076 [INFO] app.api.routes_infra: PickNotify sent to 8700004157 | ticket_id=1262
2026-09-04 18:45:48,242 [INFO] app.api.routes_infra: WA[6bb16f95] -> sendMessage | target=918700004157 | len=122
2026-09-04 18:45:48,651 [INFO] app.api.routes_infra: WA[6bb16f95] <- status=200 | body={"success":true}
2026-09-04 18:45:48,651 [INFO] app.api.routes_infra: PickNotify sent to 8700004157 | ticket_id=1261
2026-09-04 18:45:58,295 [INFO] app.api.routes_infra: WA[cc0fed46] -> sendMessage | target=918700004157 | len=122
2026-09-04 18:45:58,653 [INFO] app.api.routes_infra: WA[cc0fed46] <- status=200 | body={"success":true}
2026-09-04 18:45:58,653 [INFO] app.api.routes_infra: PickNotify sent to 8700004157 | ticket_id=1260
2026-09-05 09:16:05,354 [INFO] app.api.routes_infra: InfraAlert trigger -> ticket_id=1263 created_by=Ritu Mahalwal dept=Customer Care category=Software
2026-09-05 09:16:05,357 [INFO] app.api.routes_infra: InfraAlert -> sending WA for ticket_id=1263 | msg_len=245
2026-09-05 09:16:05,357 [INFO] app.api.routes_infra: WA[cbd14c5a] -> sendMessage | target=120363141953100908@g.us | len=245
2026-09-05 09:16:05,403 [INFO] app.api.routes_infra: WA[cbd14c5a] <- status=200 | body={"success":true}
2026-09-05 09:16:05,403 [INFO] app.api.routes_infra: InfraAlert sent | status=200 | resp={"success":true}
2026-09-05 11:03:47,421 [INFO] app.api.routes_infra: Infra auto hiccup generated | ticket_id=1259 hiccups=HCP-26-1820, HCP-26-1821
2026-09-05 11:17:33,816 [INFO] app.api.routes_infra: InfraAlert trigger -> ticket_id=1264 created_by=SONA dept=Customer Care category=Software
2026-09-05 11:17:33,817 [INFO] app.api.routes_infra: InfraAlert -> sending WA for ticket_id=1264 | msg_len=271
2026-09-05 11:17:33,817 [INFO] app.api.routes_infra: WA[a0cd6484] -> sendMessage | target=120363141953100908@g.us | len=271
2026-09-05 11:17:33,865 [INFO] app.api.routes_infra: WA[a0cd6484] <- status=200 | body={"success":true}
2026-09-05 11:17:33,866 [INFO] app.api.routes_infra: InfraAlert sent | status=200 | resp={"success":true}
2026-09-05 11:27:52,246 [INFO] app.api.routes_infra: WA[e4ac8741] -> sendMessage | target=918076741165 | len=122
2026-09-05 11:27:52,721 [INFO] app.api.routes_infra: WA[e4ac8741] <- status=200 | body={"success":true}
2026-09-05 11:27:52,722 [INFO] app.api.routes_infra: PickNotify sent to 8076741165 | ticket_id=1264
2026-09-05 11:28:20,696 [INFO] app.api.routes_infra: WA[c99b9216] -> sendMessage | target=918076741165 | len=272
2026-09-05 11:28:21,049 [INFO] app.api.routes_infra: WA[c99b9216] <- status=200 | body={"success":true}
2026-09-05 11:28:21,049 [INFO] app.api.routes_infra: ResolveNotify sent | ticket_id=1264 contact=8076741165
2026-09-05 13:10:20,086 [INFO] app.api.routes_infra: InfraAlert trigger -> ticket_id=1265 created_by=Ritu Mahalwal dept=Customer Care category=Software
2026-09-05 13:10:20,087 [INFO] app.api.routes_infra: InfraAlert -> sending WA for ticket_id=1265 | msg_len=271
2026-09-05 13:10:20,088 [INFO] app.api.routes_infra: WA[27cd1a27] -> sendMessage | target=120363141953100908@g.us | len=271
2026-09-05 13:10:20,285 [INFO] app.api.routes_infra: WA[27cd1a27] <- status=200 | body={"success":true}
2026-09-05 13:10:20,286 [INFO] app.api.routes_infra: InfraAlert sent | status=200 | resp={"success":true}
2026-09-05 13:13:47,488 [INFO] app.api.routes_infra: InfraReminder -> processing 1 pending tickets
2026-09-05 13:13:47,488 [INFO] app.api.routes_infra: WA[bd882201] -> sendMessage | target=120363141953100908@g.us | len=250
2026-09-05 13:13:47,881 [INFO] app.api.routes_infra: WA[bd882201] <- status=200 | body={"success":true}
2026-09-05 13:13:47,881 [INFO] app.api.routes_infra: InfraReminder sent | ticket_id=1259 status=200
2026-09-05 13:15:24,478 [INFO] app.api.routes_infra: WA[dce9a897] -> sendMessage | target=919871366002 | len=126
2026-09-05 13:15:24,921 [INFO] app.api.routes_infra: WA[dce9a897] <- status=200 | body={"success":true}
2026-09-05 13:15:24,922 [INFO] app.api.routes_infra: PickNotify sent to 9871366002 | ticket_id=1265
2026-09-05 13:15:36,920 [INFO] app.api.routes_infra: WA[ed1a57dd] -> sendMessage | target=919871366002 | len=304
2026-09-05 13:15:37,692 [INFO] app.api.routes_infra: WA[ed1a57dd] <- status=200 | body={"success":true}
2026-09-05 13:15:37,692 [INFO] app.api.routes_infra: ResolveNotify sent | ticket_id=1258 contact=9871366002
2026-09-05 13:55:06,933 [INFO] app.api.routes_infra: InfraAlert trigger -> ticket_id=1266 created_by=Sejal Rai dept=Customer Care category=Other
2026-09-05 13:55:06,934 [INFO] app.api.routes_infra: InfraAlert -> sending WA for ticket_id=1266 | msg_len=303
2026-09-05 13:55:06,935 [INFO] app.api.routes_infra: WA[f3c13088] -> sendMessage | target=120363141953100908@g.us | len=303
2026-09-05 13:55:06,983 [INFO] app.api.routes_infra: WA[f3c13088] <- status=200 | body={"success":true}
2026-09-05 13:55:06,983 [INFO] app.api.routes_infra: InfraAlert sent | status=200 | resp={"success":true}
2026-09-05 13:56:08,650 [INFO] app.api.routes_infra: WA[b8f31a68] -> sendMessage | target=919258180594 | len=123
2026-09-05 13:56:09,343 [INFO] app.api.routes_infra: WA[b8f31a68] <- status=200 | body={"success":true}
2026-09-05 13:56:09,343 [INFO] app.api.routes_infra: PickNotify sent to 9258180594 | ticket_id=1259
2026-09-05 13:56:12,872 [INFO] app.api.routes_infra: WA[e1c871c5] -> sendMessage | target=919258180594 | len=234
2026-09-05 13:56:13,271 [INFO] app.api.routes_infra: WA[e1c871c5] <- status=200 | body={"success":true}
2026-09-05 13:56:13,272 [INFO] app.api.routes_infra: ResolveNotify sent | ticket_id=1259 contact=9258180594
2026-09-05 15:03:47,429 [INFO] app.api.routes_infra: Infra auto hiccup generated | ticket_id=1263 hiccups=HCP-26-1825, HCP-26-1826, HCP-26-1827
2026-09-05 16:31:29,169 [INFO] app.api.routes_infra: InfraAlert trigger -> ticket_id=1267 created_by=jyoti dept=Technical category=Software
2026-09-05 16:31:29,170 [INFO] app.api.routes_infra: InfraAlert -> sending WA for ticket_id=1267 | msg_len=274
2026-09-05 16:31:29,170 [INFO] app.api.routes_infra: WA[9ab49664] -> sendMessage | target=120363141953100908@g.us | len=274
2026-09-05 16:31:30,677 [INFO] app.api.routes_infra: WA[9ab49664] <- status=409 | body={"error":"Account not ready"}
2026-09-05 16:31:30,677 [ERROR] app.api.routes_infra: InfraAlert failed | status=409 | resp={"error":"Account not ready"}
2026-09-05 20:00:53,247 [INFO] app.api.routes_infra: InfraAlert trigger -> ticket_id=1268 created_by=Sanjeet Kumar dept=Customer Care category=Software
2026-09-05 20:00:53,248 [INFO] app.api.routes_infra: InfraAlert -> sending WA for ticket_id=1268 | msg_len=346
2026-09-05 20:00:53,249 [INFO] app.api.routes_infra: WA[94740772] -> sendMessage | target=120363141953100908@g.us | len=346
2026-09-05 20:00:53,333 [INFO] app.api.routes_infra: WA[94740772] <- status=200 | body={"success":true}
2026-09-05 20:00:53,333 [INFO] app.api.routes_infra: InfraAlert sent | status=200 | resp={"success":true}
2026-09-05 20:12:49,332 [INFO] app.api.routes_infra: WA[776985f4] -> sendMessage | target=917982256085 | len=126
2026-09-05 20:12:52,789 [INFO] app.api.routes_infra: WA[980e103d] -> sendMessage | target=917982256085 | len=126
2026-09-05 20:12:53,158 [INFO] app.api.routes_infra: WA[776985f4] <- status=200 | body={"success":true}
2026-09-05 20:12:53,158 [INFO] app.api.routes_infra: PickNotify sent to 7982256085 | ticket_id=1268
2026-09-05 20:12:53,224 [INFO] app.api.routes_infra: WA[980e103d] <- status=200 | body={"success":true}
2026-09-05 20:12:53,224 [INFO] app.api.routes_infra: PickNotify sent to 7982256085 | ticket_id=1268
2026-09-05 20:13:49,788 [INFO] app.api.routes_infra: WA[218cc64f] -> sendMessage | target=919871366002 | len=126
2026-09-05 20:13:50,244 [INFO] app.api.routes_infra: WA[218cc64f] <- status=200 | body={"success":true}
2026-09-05 20:13:50,244 [INFO] app.api.routes_infra: PickNotify sent to 9871366002 | ticket_id=1263
2026-09-05 20:13:54,251 [INFO] app.api.routes_infra: WA[3e733620] -> sendMessage | target=919871366002 | len=228
2026-09-05 20:13:54,612 [INFO] app.api.routes_infra: WA[3e733620] <- status=200 | body={"success":true}
2026-09-05 20:13:54,612 [INFO] app.api.routes_infra: ResolveNotify sent | ticket_id=1263 contact=9871366002
2026-09-05 20:18:02,151 [INFO] app.api.routes_infra: WA[12889327] -> sendMessage | target=917982256085 | len=329
2026-09-05 20:18:02,603 [INFO] app.api.routes_infra: WA[12889327] <- status=200 | body={"success":true}
2026-09-05 20:18:02,604 [INFO] app.api.routes_infra: ResolveNotify sent | ticket_id=1268 contact=7982256085
2026-09-05 20:19:27,745 [INFO] app.api.routes_infra: InfraAlert trigger -> ticket_id=1269 created_by=Shahana Parveen dept=Marketing category=Software
2026-09-05 20:19:27,746 [INFO] app.api.routes_infra: InfraAlert -> sending WA for ticket_id=1269 | msg_len=339
2026-09-05 20:19:27,747 [INFO] app.api.routes_infra: WA[1cec8d5e] -> sendMessage | target=120363141953100908@g.us | len=339
2026-09-05 20:19:27,905 [INFO] app.api.routes_infra: WA[1cec8d5e] <- status=200 | body={"success":true}
2026-09-05 20:19:27,905 [INFO] app.api.routes_infra: InfraAlert sent | status=200 | resp={"success":true}
2026-09-05 20:19:29,481 [INFO] app.api.routes_infra: InfraAlert trigger -> ticket_id=1270 created_by=Shahana Parveen dept=Marketing category=Software
2026-09-05 20:19:29,483 [INFO] app.api.routes_infra: InfraAlert -> sending WA for ticket_id=1270 | msg_len=339
2026-09-05 20:19:29,483 [INFO] app.api.routes_infra: WA[5640ac96] -> sendMessage | target=120363141953100908@g.us | len=339
2026-09-05 20:19:29,669 [INFO] app.api.routes_infra: WA[5640ac96] <- status=200 | body={"success":true}
2026-09-05 20:19:29,670 [INFO] app.api.routes_infra: InfraAlert sent | status=200 | resp={"success":true}
2026-09-05 21:16:03,813 [INFO] app.api.routes_infra: WA[c7ea7274] -> sendMessage | target=918448546358 | len=126
2026-09-05 21:16:06,419 [INFO] app.api.routes_infra: WA[6c7838dc] -> sendMessage | target=918448546358 | len=126
2026-09-05 21:16:08,612 [INFO] app.api.routes_infra: WA[55984f12] -> sendMessage | target=918448546358 | len=126
2026-09-05 21:16:11,297 [INFO] app.api.routes_infra: WA[fafff48c] -> sendMessage | target=918448546358 | len=126
2026-09-05 21:16:13,827 [ERROR] app.api.routes_infra: WA[c7ea7274] send_whatsapp_to_number exception: HTTPConnectionPool(host='10.1.1.44', port=3004): Max retries exceeded with url: /api/messages/send (Caused by ConnectTimeoutError(<HTTPConnection(host='10.1.1.44', port=3004) at 0x75de0100bc10>, 'Connection to 10.1.1.44 timed out. (connect timeout=10)'))
Traceback (most recent call last):
  File "/usr/local/lib/python3.11/site-packages/urllib3/connection.py", line 204, in _new_conn
    sock = connection.create_connection(
           ^^^^^^^^^^^^^^^^^^^^^^^^^^^^^
  File "/usr/local/lib/python3.11/site-packages/urllib3/util/connection.py", line 85, in create_connection
    raise err
  File "/usr/local/lib/python3.11/site-packages/urllib3/util/connection.py", line 73, in create_connection
    sock.connect(sa)
TimeoutError: timed out

The above exception was the direct cause of the following exception:

Traceback (most recent call last):
  File "/usr/local/lib/python3.11/site-packages/urllib3/connectionpool.py", line 788, in urlopen
    response = self._make_request(
               ^^^^^^^^^^^^^^^^^^^
  File "/usr/local/lib/python3.11/site-packages/urllib3/connectionpool.py", line 493, in _make_request
    conn.request(
  File "/usr/local/lib/python3.11/site-packages/urllib3/connection.py", line 500, in request
    self.endheaders()
  File "/usr/local/lib/python3.11/http/client.py", line 1346, in endheaders
    self._send_output(message_body, encode_chunked=encode_chunked)
  File "/usr/local/lib/python3.11/http/client.py", line 1106, in _send_output
    self.send(msg)
  File "/usr/local/lib/python3.11/http/client.py", line 1044, in send
    self.connect()
  File "/usr/local/lib/python3.11/site-packages/urllib3/connection.py", line 331, in connect
    self.sock = self._new_conn()
                ^^^^^^^^^^^^^^^^
  File "/usr/local/lib/python3.11/site-packages/urllib3/connection.py", line 213, in _new_conn
    raise ConnectTimeoutError(
urllib3.exceptions.ConnectTimeoutError: (<HTTPConnection(host='10.1.1.44', port=3004) at 0x75de0100bc10>, 'Connection to 10.1.1.44 timed out. (connect timeout=10)')

The above exception was the direct cause of the following exception:

Traceback (most recent call last):
  File "/usr/local/lib/python3.11/site-packages/requests/adapters.py", line 696, in send
    resp = conn.urlopen(
           ^^^^^^^^^^^^^
  File "/usr/local/lib/python3.11/site-packages/urllib3/connectionpool.py", line 842, in urlopen
    retries = retries.increment(
              ^^^^^^^^^^^^^^^^^^
  File "/usr/local/lib/python3.11/site-packages/urllib3/util/retry.py", line 543, in increment
    raise MaxRetryError(_pool, url, reason) from reason  # type: ignore[arg-type]
    ^^^^^^^^^^^^^^^^^^^^^^^^^^^^^^^^^^^^^^^^^^^^^^^^^^^
urllib3.exceptions.MaxRetryError: HTTPConnectionPool(host='10.1.1.44', port=3004): Max retries exceeded with url: /api/messages/send (Caused by ConnectTimeoutError(<HTTPConnection(host='10.1.1.44', port=3004) at 0x75de0100bc10>, 'Connection to 10.1.1.44 timed out. (connect timeout=10)'))

During handling of the above exception, another exception occurred:

Traceback (most recent call last):
  File "/app/app/api/routes_infra.py", line 151, in send_whatsapp_to_number
    r = requests.post(
        ^^^^^^^^^^^^^^
  File "/usr/local/lib/python3.11/site-packages/requests/api.py", line 134, in post
    return request("post", url, data=data, json=json, **kwargs)
           ^^^^^^^^^^^^^^^^^^^^^^^^^^^^^^^^^^^^^^^^^^^^^^^^^^^^
  File "/usr/local/lib/python3.11/site-packages/requests/api.py", line 71, in request
    return session.request(method=method, url=url, **kwargs)
           ^^^^^^^^^^^^^^^^^^^^^^^^^^^^^^^^^^^^^^^^^^^^^^^^^
  File "/usr/local/lib/python3.11/site-packages/requests/sessions.py", line 651, in request
    resp = self.send(prep, **send_kwargs)
           ^^^^^^^^^^^^^^^^^^^^^^^^^^^^^^
  File "/usr/local/lib/python3.11/site-packages/requests/sessions.py", line 784, in send
    r = adapter.send(request, **kwargs)
        ^^^^^^^^^^^^^^^^^^^^^^^^^^^^^^^
  File "/usr/local/lib/python3.11/site-packages/requests/adapters.py", line 717, in send
    raise ConnectTimeout(e, request=request)
requests.exceptions.ConnectTimeout: HTTPConnectionPool(host='10.1.1.44', port=3004): Max retries exceeded with url: /api/messages/send (Caused by ConnectTimeoutError(<HTTPConnection(host='10.1.1.44', port=3004) at 0x75de0100bc10>, 'Connection to 10.1.1.44 timed out. (connect timeout=10)'))
2026-09-05 21:16:13,833 [ERROR] app.api.routes_infra: PickNotify failed | ticket_id=1270 status=500 resp=HTTPConnectionPool(host='10.1.1.44', port=3004): Max retries exceeded with url: /api/messages/send (Caused by ConnectTimeoutError(<HTTPConnection(host='10.1.1.44', port=3004) at 0x75de0100bc10>, 'Connection to 10.1.1.44 timed out. (connect timeout=10)'))
2026-09-05 21:16:16,432 [ERROR] app.api.routes_infra: WA[6c7838dc] send_whatsapp_to_number exception: HTTPConnectionPool(host='10.1.1.44', port=3004): Max retries exceeded with url: /api/messages/send (Caused by ConnectTimeoutError(<HTTPConnection(host='10.1.1.44', port=3004) at 0x75de0100d490>, 'Connection to 10.1.1.44 timed out. (connect timeout=10)'))
Traceback (most recent call last):
  File "/usr/local/lib/python3.11/site-packages/urllib3/connection.py", line 204, in _new_conn
    sock = connection.create_connection(
           ^^^^^^^^^^^^^^^^^^^^^^^^^^^^^
  File "/usr/local/lib/python3.11/site-packages/urllib3/util/connection.py", line 85, in create_connection
    raise err
  File "/usr/local/lib/python3.11/site-packages/urllib3/util/connection.py", line 73, in create_connection
    sock.connect(sa)
TimeoutError: timed out

The above exception was the direct cause of the following exception:

Traceback (most recent call last):
  File "/usr/local/lib/python3.11/site-packages/urllib3/connectionpool.py", line 788, in urlopen
    response = self._make_request(
               ^^^^^^^^^^^^^^^^^^^
  File "/usr/local/lib/python3.11/site-packages/urllib3/connectionpool.py", line 493, in _make_request
    conn.request(
  File "/usr/local/lib/python3.11/site-packages/urllib3/connection.py", line 500, in request
    self.endheaders()
  File "/usr/local/lib/python3.11/http/client.py", line 1346, in endheaders
    self._send_output(message_body, encode_chunked=encode_chunked)
  File "/usr/local/lib/python3.11/http/client.py", line 1106, in _send_output
    self.send(msg)
  File "/usr/local/lib/python3.11/http/client.py", line 1044, in send
    self.connect()
  File "/usr/local/lib/python3.11/site-packages/urllib3/connection.py", line 331, in connect
    self.sock = self._new_conn()
                ^^^^^^^^^^^^^^^^
  File "/usr/local/lib/python3.11/site-packages/urllib3/connection.py", line 213, in _new_conn
    raise ConnectTimeoutError(
urllib3.exceptions.ConnectTimeoutError: (<HTTPConnection(host='10.1.1.44', port=3004) at 0x75de0100d490>, 'Connection to 10.1.1.44 timed out. (connect timeout=10)')

The above exception was the direct cause of the following exception:

Traceback (most recent call last):
  File "/usr/local/lib/python3.11/site-packages/requests/adapters.py", line 696, in send
    resp = conn.urlopen(
           ^^^^^^^^^^^^^
  File "/usr/local/lib/python3.11/site-packages/urllib3/connectionpool.py", line 842, in urlopen
    retries = retries.increment(
              ^^^^^^^^^^^^^^^^^^
  File "/usr/local/lib/python3.11/site-packages/urllib3/util/retry.py", line 543, in increment
    raise MaxRetryError(_pool, url, reason) from reason  # type: ignore[arg-type]
    ^^^^^^^^^^^^^^^^^^^^^^^^^^^^^^^^^^^^^^^^^^^^^^^^^^^
urllib3.exceptions.MaxRetryError: HTTPConnectionPool(host='10.1.1.44', port=3004): Max retries exceeded with url: /api/messages/send (Caused by ConnectTimeoutError(<HTTPConnection(host='10.1.1.44', port=3004) at 0x75de0100d490>, 'Connection to 10.1.1.44 timed out. (connect timeout=10)'))

During handling of the above exception, another exception occurred:

Traceback (most recent call last):
  File "/app/app/api/routes_infra.py", line 151, in send_whatsapp_to_number
    r = requests.post(
        ^^^^^^^^^^^^^^
  File "/usr/local/lib/python3.11/site-packages/requests/api.py", line 134, in post
    return request("post", url, data=data, json=json, **kwargs)
           ^^^^^^^^^^^^^^^^^^^^^^^^^^^^^^^^^^^^^^^^^^^^^^^^^^^^
  File "/usr/local/lib/python3.11/site-packages/requests/api.py", line 71, in request
    return session.request(method=method, url=url, **kwargs)
           ^^^^^^^^^^^^^^^^^^^^^^^^^^^^^^^^^^^^^^^^^^^^^^^^^
  File "/usr/local/lib/python3.11/site-packages/requests/sessions.py", line 651, in request
    resp = self.send(prep, **send_kwargs)
           ^^^^^^^^^^^^^^^^^^^^^^^^^^^^^^
  File "/usr/local/lib/python3.11/site-packages/requests/sessions.py", line 784, in send
    r = adapter.send(request, **kwargs)
        ^^^^^^^^^^^^^^^^^^^^^^^^^^^^^^^
  File "/usr/local/lib/python3.11/site-packages/requests/adapters.py", line 717, in send
    raise ConnectTimeout(e, request=request)
requests.exceptions.ConnectTimeout: HTTPConnectionPool(host='10.1.1.44', port=3004): Max retries exceeded with url: /api/messages/send (Caused by ConnectTimeoutError(<HTTPConnection(host='10.1.1.44', port=3004) at 0x75de0100d490>, 'Connection to 10.1.1.44 timed out. (connect timeout=10)'))
2026-09-05 21:16:16,434 [ERROR] app.api.routes_infra: PickNotify failed | ticket_id=1270 status=500 resp=HTTPConnectionPool(host='10.1.1.44', port=3004): Max retries exceeded with url: /api/messages/send (Caused by ConnectTimeoutError(<HTTPConnection(host='10.1.1.44', port=3004) at 0x75de0100d490>, 'Connection to 10.1.1.44 timed out. (connect timeout=10)'))
2026-09-05 21:16:17,232 [INFO] app.api.routes_infra: WA[6101c0df] -> sendMessage | target=918448546358 | len=126
2026-09-05 21:16:18,623 [ERROR] app.api.routes_infra: WA[55984f12] send_whatsapp_to_number exception: HTTPConnectionPool(host='10.1.1.44', port=3004): Max retries exceeded with url: /api/messages/send (Caused by ConnectTimeoutError(<HTTPConnection(host='10.1.1.44', port=3004) at 0x75ddf27c6c90>, 'Connection to 10.1.1.44 timed out. (connect timeout=10)'))
Traceback (most recent call last):
  File "/usr/local/lib/python3.11/site-packages/urllib3/connection.py", line 204, in _new_conn
    sock = connection.create_connection(
           ^^^^^^^^^^^^^^^^^^^^^^^^^^^^^
  File "/usr/local/lib/python3.11/site-packages/urllib3/util/connection.py", line 85, in create_connection
    raise err
  File "/usr/local/lib/python3.11/site-packages/urllib3/util/connection.py", line 73, in create_connection
    sock.connect(sa)
TimeoutError: timed out

The above exception was the direct cause of the following exception:

Traceback (most recent call last):
  File "/usr/local/lib/python3.11/site-packages/urllib3/connectionpool.py", line 788, in urlopen
    response = self._make_request(
               ^^^^^^^^^^^^^^^^^^^
  File "/usr/local/lib/python3.11/site-packages/urllib3/connectionpool.py", line 493, in _make_request
    conn.request(
  File "/usr/local/lib/python3.11/site-packages/urllib3/connection.py", line 500, in request
    self.endheaders()
  File "/usr/local/lib/python3.11/http/client.py", line 1346, in endheaders
    self._send_output(message_body, encode_chunked=encode_chunked)
  File "/usr/local/lib/python3.11/http/client.py", line 1106, in _send_output
    self.send(msg)
  File "/usr/local/lib/python3.11/http/client.py", line 1044, in send
    self.connect()
  File "/usr/local/lib/python3.11/site-packages/urllib3/connection.py", line 331, in connect
    self.sock = self._new_conn()
                ^^^^^^^^^^^^^^^^
  File "/usr/local/lib/python3.11/site-packages/urllib3/connection.py", line 213, in _new_conn
    raise ConnectTimeoutError(
urllib3.exceptions.ConnectTimeoutError: (<HTTPConnection(host='10.1.1.44', port=3004) at 0x75ddf27c6c90>, 'Connection to 10.1.1.44 timed out. (connect timeout=10)')

The above exception was the direct cause of the following exception:

Traceback (most recent call last):
  File "/usr/local/lib/python3.11/site-packages/requests/adapters.py", line 696, in send
    resp = conn.urlopen(
           ^^^^^^^^^^^^^
  File "/usr/local/lib/python3.11/site-packages/urllib3/connectionpool.py", line 842, in urlopen
    retries = retries.increment(
              ^^^^^^^^^^^^^^^^^^
  File "/usr/local/lib/python3.11/site-packages/urllib3/util/retry.py", line 543, in increment
    raise MaxRetryError(_pool, url, reason) from reason  # type: ignore[arg-type]
    ^^^^^^^^^^^^^^^^^^^^^^^^^^^^^^^^^^^^^^^^^^^^^^^^^^^
urllib3.exceptions.MaxRetryError: HTTPConnectionPool(host='10.1.1.44', port=3004): Max retries exceeded with url: /api/messages/send (Caused by ConnectTimeoutError(<HTTPConnection(host='10.1.1.44', port=3004) at 0x75ddf27c6c90>, 'Connection to 10.1.1.44 timed out. (connect timeout=10)'))

During handling of the above exception, another exception occurred:

Traceback (most recent call last):
  File "/app/app/api/routes_infra.py", line 151, in send_whatsapp_to_number
    r = requests.post(
        ^^^^^^^^^^^^^^
  File "/usr/local/lib/python3.11/site-packages/requests/api.py", line 134, in post
    return request("post", url, data=data, json=json, **kwargs)
           ^^^^^^^^^^^^^^^^^^^^^^^^^^^^^^^^^^^^^^^^^^^^^^^^^^^^
  File "/usr/local/lib/python3.11/site-packages/requests/api.py", line 71, in request
    return session.request(method=method, url=url, **kwargs)
           ^^^^^^^^^^^^^^^^^^^^^^^^^^^^^^^^^^^^^^^^^^^^^^^^^
  File "/usr/local/lib/python3.11/site-packages/requests/sessions.py", line 651, in request
    resp = self.send(prep, **send_kwargs)
           ^^^^^^^^^^^^^^^^^^^^^^^^^^^^^^
  File "/usr/local/lib/python3.11/site-packages/requests/sessions.py", line 784, in send
    r = adapter.send(request, **kwargs)
        ^^^^^^^^^^^^^^^^^^^^^^^^^^^^^^^
  File "/usr/local/lib/python3.11/site-packages/requests/adapters.py", line 717, in send
    raise ConnectTimeout(e, request=request)
requests.exceptions.ConnectTimeout: HTTPConnectionPool(host='10.1.1.44', port=3004): Max retries exceeded with url: /api/messages/send (Caused by ConnectTimeoutError(<HTTPConnection(host='10.1.1.44', port=3004) at 0x75ddf27c6c90>, 'Connection to 10.1.1.44 timed out. (connect timeout=10)'))
2026-09-05 21:16:18,627 [ERROR] app.api.routes_infra: PickNotify failed | ticket_id=1270 status=500 resp=HTTPConnectionPool(host='10.1.1.44', port=3004): Max retries exceeded with url: /api/messages/send (Caused by ConnectTimeoutError(<HTTPConnection(host='10.1.1.44', port=3004) at 0x75ddf27c6c90>, 'Connection to 10.1.1.44 timed out. (connect timeout=10)'))
2026-09-05 21:16:21,302 [ERROR] app.api.routes_infra: WA[fafff48c] send_whatsapp_to_number exception: HTTPConnectionPool(host='10.1.1.44', port=3004): Max retries exceeded with url: /api/messages/send (Caused by ConnectTimeoutError(<HTTPConnection(host='10.1.1.44', port=3004) at 0x75de01065b90>, 'Connection to 10.1.1.44 timed out. (connect timeout=10)'))
Traceback (most recent call last):
  File "/usr/local/lib/python3.11/site-packages/urllib3/connection.py", line 204, in _new_conn
    sock = connection.create_connection(
           ^^^^^^^^^^^^^^^^^^^^^^^^^^^^^
  File "/usr/local/lib/python3.11/site-packages/urllib3/util/connection.py", line 85, in create_connection
    raise err
  File "/usr/local/lib/python3.11/site-packages/urllib3/util/connection.py", line 73, in create_connection
    sock.connect(sa)
TimeoutError: timed out

The above exception was the direct cause of the following exception:

Traceback (most recent call last):
  File "/usr/local/lib/python3.11/site-packages/urllib3/connectionpool.py", line 788, in urlopen
    response = self._make_request(
               ^^^^^^^^^^^^^^^^^^^
  File "/usr/local/lib/python3.11/site-packages/urllib3/connectionpool.py", line 493, in _make_request
    conn.request(
  File "/usr/local/lib/python3.11/site-packages/urllib3/connection.py", line 500, in request
    self.endheaders()
  File "/usr/local/lib/python3.11/http/client.py", line 1346, in endheaders
    self._send_output(message_body, encode_chunked=encode_chunked)
  File "/usr/local/lib/python3.11/http/client.py", line 1106, in _send_output
    self.send(msg)
  File "/usr/local/lib/python3.11/http/client.py", line 1044, in send
    self.connect()
  File "/usr/local/lib/python3.11/site-packages/urllib3/connection.py", line 331, in connect
    self.sock = self._new_conn()
                ^^^^^^^^^^^^^^^^
  File "/usr/local/lib/python3.11/site-packages/urllib3/connection.py", line 213, in _new_conn
    raise ConnectTimeoutError(
urllib3.exceptions.ConnectTimeoutError: (<HTTPConnection(host='10.1.1.44', port=3004) at 0x75de01065b90>, 'Connection to 10.1.1.44 timed out. (connect timeout=10)')

The above exception was the direct cause of the following exception:

Traceback (most recent call last):
  File "/usr/local/lib/python3.11/site-packages/requests/adapters.py", line 696, in send
    resp = conn.urlopen(
           ^^^^^^^^^^^^^
  File "/usr/local/lib/python3.11/site-packages/urllib3/connectionpool.py", line 842, in urlopen
    retries = retries.increment(
              ^^^^^^^^^^^^^^^^^^
  File "/usr/local/lib/python3.11/site-packages/urllib3/util/retry.py", line 543, in increment
    raise MaxRetryError(_pool, url, reason) from reason  # type: ignore[arg-type]
    ^^^^^^^^^^^^^^^^^^^^^^^^^^^^^^^^^^^^^^^^^^^^^^^^^^^
urllib3.exceptions.MaxRetryError: HTTPConnectionPool(host='10.1.1.44', port=3004): Max retries exceeded with url: /api/messages/send (Caused by ConnectTimeoutError(<HTTPConnection(host='10.1.1.44', port=3004) at 0x75de01065b90>, 'Connection to 10.1.1.44 timed out. (connect timeout=10)'))

During handling of the above exception, another exception occurred:

Traceback (most recent call last):
  File "/app/app/api/routes_infra.py", line 151, in send_whatsapp_to_number
    r = requests.post(
        ^^^^^^^^^^^^^^
  File "/usr/local/lib/python3.11/site-packages/requests/api.py", line 134, in post
    return request("post", url, data=data, json=json, **kwargs)
           ^^^^^^^^^^^^^^^^^^^^^^^^^^^^^^^^^^^^^^^^^^^^^^^^^^^^
  File "/usr/local/lib/python3.11/site-packages/requests/api.py", line 71, in request
    return session.request(method=method, url=url, **kwargs)
           ^^^^^^^^^^^^^^^^^^^^^^^^^^^^^^^^^^^^^^^^^^^^^^^^^
  File "/usr/local/lib/python3.11/site-packages/requests/sessions.py", line 651, in request
    resp = self.send(prep, **send_kwargs)
           ^^^^^^^^^^^^^^^^^^^^^^^^^^^^^^
  File "/usr/local/lib/python3.11/site-packages/requests/sessions.py", line 784, in send
    r = adapter.send(request, **kwargs)
        ^^^^^^^^^^^^^^^^^^^^^^^^^^^^^^^
  File "/usr/local/lib/python3.11/site-packages/requests/adapters.py", line 717, in send
    raise ConnectTimeout(e, request=request)
requests.exceptions.ConnectTimeout: HTTPConnectionPool(host='10.1.1.44', port=3004): Max retries exceeded with url: /api/messages/send (Caused by ConnectTimeoutError(<HTTPConnection(host='10.1.1.44', port=3004) at 0x75de01065b90>, 'Connection to 10.1.1.44 timed out. (connect timeout=10)'))
2026-09-05 21:16:21,305 [ERROR] app.api.routes_infra: PickNotify failed | ticket_id=1270 status=500 resp=HTTPConnectionPool(host='10.1.1.44', port=3004): Max retries exceeded with url: /api/messages/send (Caused by ConnectTimeoutError(<HTTPConnection(host='10.1.1.44', port=3004) at 0x75de01065b90>, 'Connection to 10.1.1.44 timed out. (connect timeout=10)'))
2026-09-05 21:16:27,244 [ERROR] app.api.routes_infra: WA[6101c0df] send_whatsapp_to_number exception: HTTPConnectionPool(host='10.1.1.44', port=3004): Max retries exceeded with url: /api/messages/send (Caused by ConnectTimeoutError(<HTTPConnection(host='10.1.1.44', port=3004) at 0x75de00ef4f50>, 'Connection to 10.1.1.44 timed out. (connect timeout=10)'))
Traceback (most recent call last):
  File "/usr/local/lib/python3.11/site-packages/urllib3/connection.py", line 204, in _new_conn
    sock = connection.create_connection(
           ^^^^^^^^^^^^^^^^^^^^^^^^^^^^^
  File "/usr/local/lib/python3.11/site-packages/urllib3/util/connection.py", line 85, in create_connection
    raise err
  File "/usr/local/lib/python3.11/site-packages/urllib3/util/connection.py", line 73, in create_connection
    sock.connect(sa)
TimeoutError: timed out

The above exception was the direct cause of the following exception:

Traceback (most recent call last):
  File "/usr/local/lib/python3.11/site-packages/urllib3/connectionpool.py", line 788, in urlopen
    response = self._make_request(
               ^^^^^^^^^^^^^^^^^^^
  File "/usr/local/lib/python3.11/site-packages/urllib3/connectionpool.py", line 493, in _make_request
    conn.request(
  File "/usr/local/lib/python3.11/site-packages/urllib3/connection.py", line 500, in request
    self.endheaders()
  File "/usr/local/lib/python3.11/http/client.py", line 1346, in endheaders
    self._send_output(message_body, encode_chunked=encode_chunked)
  File "/usr/local/lib/python3.11/http/client.py", line 1106, in _send_output
    self.send(msg)
  File "/usr/local/lib/python3.11/http/client.py", line 1044, in send
    self.connect()
  File "/usr/local/lib/python3.11/site-packages/urllib3/connection.py", line 331, in connect
    self.sock = self._new_conn()
                ^^^^^^^^^^^^^^^^
  File "/usr/local/lib/python3.11/site-packages/urllib3/connection.py", line 213, in _new_conn
    raise ConnectTimeoutError(
urllib3.exceptions.ConnectTimeoutError: (<HTTPConnection(host='10.1.1.44', port=3004) at 0x75de00ef4f50>, 'Connection to 10.1.1.44 timed out. (connect timeout=10)')

The above exception was the direct cause of the following exception:

Traceback (most recent call last):
  File "/usr/local/lib/python3.11/site-packages/requests/adapters.py", line 696, in send
    resp = conn.urlopen(
           ^^^^^^^^^^^^^
  File "/usr/local/lib/python3.11/site-packages/urllib3/connectionpool.py", line 842, in urlopen
    retries = retries.increment(
              ^^^^^^^^^^^^^^^^^^
  File "/usr/local/lib/python3.11/site-packages/urllib3/util/retry.py", line 543, in increment
    raise MaxRetryError(_pool, url, reason) from reason  # type: ignore[arg-type]
    ^^^^^^^^^^^^^^^^^^^^^^^^^^^^^^^^^^^^^^^^^^^^^^^^^^^
urllib3.exceptions.MaxRetryError: HTTPConnectionPool(host='10.1.1.44', port=3004): Max retries exceeded with url: /api/messages/send (Caused by ConnectTimeoutError(<HTTPConnection(host='10.1.1.44', port=3004) at 0x75de00ef4f50>, 'Connection to 10.1.1.44 timed out. (connect timeout=10)'))

During handling of the above exception, another exception occurred:

Traceback (most recent call last):
  File "/app/app/api/routes_infra.py", line 151, in send_whatsapp_to_number
    r = requests.post(
        ^^^^^^^^^^^^^^
  File "/usr/local/lib/python3.11/site-packages/requests/api.py", line 134, in post
    return request("post", url, data=data, json=json, **kwargs)
           ^^^^^^^^^^^^^^^^^^^^^^^^^^^^^^^^^^^^^^^^^^^^^^^^^^^^
  File "/usr/local/lib/python3.11/site-packages/requests/api.py", line 71, in request
    return session.request(method=method, url=url, **kwargs)
           ^^^^^^^^^^^^^^^^^^^^^^^^^^^^^^^^^^^^^^^^^^^^^^^^^
  File "/usr/local/lib/python3.11/site-packages/requests/sessions.py", line 651, in request
    resp = self.send(prep, **send_kwargs)
           ^^^^^^^^^^^^^^^^^^^^^^^^^^^^^^
  File "/usr/local/lib/python3.11/site-packages/requests/sessions.py", line 784, in send
    r = adapter.send(request, **kwargs)
        ^^^^^^^^^^^^^^^^^^^^^^^^^^^^^^^
  File "/usr/local/lib/python3.11/site-packages/requests/adapters.py", line 717, in send
    raise ConnectTimeout(e, request=request)
requests.exceptions.ConnectTimeout: HTTPConnectionPool(host='10.1.1.44', port=3004): Max retries exceeded with url: /api/messages/send (Caused by ConnectTimeoutError(<HTTPConnection(host='10.1.1.44', port=3004) at 0x75de00ef4f50>, 'Connection to 10.1.1.44 timed out. (connect timeout=10)'))
2026-09-05 21:16:27,247 [ERROR] app.api.routes_infra: PickNotify failed | ticket_id=1270 status=500 resp=HTTPConnectionPool(host='10.1.1.44', port=3004): Max retries exceeded with url: /api/messages/send (Caused by ConnectTimeoutError(<HTTPConnection(host='10.1.1.44', port=3004) at 0x75de00ef4f50>, 'Connection to 10.1.1.44 timed out. (connect timeout=10)'))
2026-09-05 21:16:38,355 [INFO] app.api.routes_infra: WA[4234638c] -> sendMessage | target=918448546358 | len=126
2026-09-05 21:16:43,244 [INFO] app.api.routes_infra: WA[4234638c] <- status=409 | body={"error":"Account not ready"}
2026-09-05 21:16:43,244 [ERROR] app.api.routes_infra: PickNotify failed | ticket_id=1269 status=409 resp={"error":"Account not ready"}
2026-09-06 14:13:47,464 [INFO] app.api.routes_infra: InfraReminder -> processing 1 pending tickets
2026-09-06 14:13:47,464 [INFO] app.api.routes_infra: WA[e489b5c8] -> sendMessage | target=120363141953100908@g.us | len=318
2026-09-06 14:13:47,516 [INFO] app.api.routes_infra: WA[e489b5c8] <- status=200 | body={"success":true}
2026-09-06 14:13:47,516 [INFO] app.api.routes_infra: InfraReminder sent | ticket_id=1266 status=200
2026-09-06 15:11:13,594 [INFO] app.api.routes_infra: WA[8e5eaea6] -> sendMessage | target=918368207989 | len=126
2026-09-06 15:11:13,996 [INFO] app.api.routes_infra: WA[8e5eaea6] <- status=200 | body={"success":true}
2026-09-06 15:11:13,997 [INFO] app.api.routes_infra: PickNotify sent to 8368207989 | ticket_id=1266
2026-09-06 17:13:47,469 [INFO] app.api.routes_infra: InfraReminder -> processing 1 pending tickets
2026-09-06 17:13:47,469 [INFO] app.api.routes_infra: WA[95ec45a8] -> sendMessage | target=120363141953100908@g.us | len=276
2026-09-06 17:13:47,514 [INFO] app.api.routes_infra: WA[95ec45a8] <- status=200 | body={"success":true}
2026-09-06 17:13:47,515 [INFO] app.api.routes_infra: InfraReminder sent | ticket_id=1267 status=200
2026-09-06 19:53:49,562 [INFO] app.api.routes_infra: InfraAlert trigger -> ticket_id=1271 created_by=Sanjeet Kumar dept=Customer Care category=Software
2026-09-06 19:53:49,563 [INFO] app.api.routes_infra: InfraAlert -> sending WA for ticket_id=1271 | msg_len=303
2026-09-06 19:53:49,564 [INFO] app.api.routes_infra: WA[66ab27f1] -> sendMessage | target=120363141953100908@g.us | len=303
2026-09-06 19:53:49,605 [INFO] app.api.routes_infra: WA[66ab27f1] <- status=200 | body={"success":true}
2026-09-06 19:53:49,606 [INFO] app.api.routes_infra: InfraAlert sent | status=200 | resp={"success":true}
2026-09-07 10:39:37,329 [INFO] app.api.routes_infra: InfraAlert trigger -> ticket_id=1272 created_by=Nitu dept=Customer Care category=Software
2026-09-07 10:39:37,330 [INFO] app.api.routes_infra: InfraAlert -> sending WA for ticket_id=1272 | msg_len=237
2026-09-07 10:39:37,331 [INFO] app.api.routes_infra: WA[3b046db9] -> sendMessage | target=120363141953100908@g.us | len=237
2026-09-07 10:39:37,410 [INFO] app.api.routes_infra: WA[3b046db9] <- status=200 | body={"success":true}
2026-09-07 10:39:37,410 [INFO] app.api.routes_infra: InfraAlert sent | status=200 | resp={"success":true}
2026-09-07 10:50:38,412 [INFO] app.api.routes_infra: InfraAlert trigger -> ticket_id=1273 created_by=Sushil Kumar dept=Center Phlebo category=Software
2026-09-07 10:50:38,413 [INFO] app.api.routes_infra: InfraAlert -> sending WA for ticket_id=1273 | msg_len=269
2026-09-07 10:50:38,413 [INFO] app.api.routes_infra: WA[acffa7c3] -> sendMessage | target=120363141953100908@g.us | len=269
2026-09-07 10:50:38,463 [INFO] app.api.routes_infra: WA[acffa7c3] <- status=200 | body={"success":true}
2026-09-07 10:50:38,464 [INFO] app.api.routes_infra: InfraAlert sent | status=200 | resp={"success":true}
2026-09-07 11:02:29,199 [INFO] app.api.routes_infra: WA[804eb703] -> sendMessage | target=918130931547 | len=123
2026-09-07 11:02:29,549 [INFO] app.api.routes_infra: WA[804eb703] <- status=200 | body={"success":true}
2026-09-07 11:02:29,550 [INFO] app.api.routes_infra: PickNotify sent to 8130931547 | ticket_id=1272
2026-09-07 11:02:32,391 [INFO] app.api.routes_infra: WA[c591dba4] -> sendMessage | target=918130931547 | len=226
2026-09-07 11:02:32,854 [INFO] app.api.routes_infra: WA[c591dba4] <- status=200 | body={"success":true}
2026-09-07 11:02:32,854 [INFO] app.api.routes_infra: ResolveNotify sent | ticket_id=1272 contact=8130931547
2026-09-07 11:19:02,610 [INFO] app.api.routes_infra: WA[d6123b2b] -> sendMessage | target=919717852423 | len=126
2026-09-07 11:19:03,028 [INFO] app.api.routes_infra: WA[d6123b2b] <- status=200 | body={"success":true}
2026-09-07 11:19:03,029 [INFO] app.api.routes_infra: PickNotify sent to 9717852423 | ticket_id=1273
2026-09-07 11:36:25,959 [INFO] app.api.routes_infra: InfraAlert trigger -> ticket_id=1274 created_by=Shabnam khan dept=Technical category=Software
2026-09-07 11:36:25,960 [INFO] app.api.routes_infra: InfraAlert -> sending WA for ticket_id=1274 | msg_len=318
2026-09-07 11:36:25,961 [INFO] app.api.routes_infra: WA[9e591d00] -> sendMessage | target=120363141953100908@g.us | len=318
2026-09-07 11:36:26,153 [INFO] app.api.routes_infra: WA[9e591d00] <- status=200 | body={"success":true}
2026-09-07 11:36:26,153 [INFO] app.api.routes_infra: InfraAlert sent | status=200 | resp={"success":true}
2026-09-07 12:20:18,859 [INFO] app.api.routes_infra: WA[a7b78fe7] -> sendMessage | target=918368207989 | len=303
2026-09-07 12:20:19,198 [INFO] app.api.routes_infra: WA[a7b78fe7] <- status=200 | body={"success":true}
2026-09-07 12:20:19,199 [INFO] app.api.routes_infra: ResolveNotify sent | ticket_id=1266 contact=8368207989
2026-09-07 12:36:58,733 [INFO] app.api.routes_infra: WA[ad6c5e79] -> sendMessage | target=919871366002 | len=254
2026-09-07 12:36:59,104 [INFO] app.api.routes_infra: WA[ad6c5e79] <- status=200 | body={"success":true}
2026-09-07 12:36:59,105 [INFO] app.api.routes_infra: ResolveNotify sent | ticket_id=1265 contact=9871366002
2026-09-07 12:38:29,947 [INFO] app.api.routes_infra: InfraAlert trigger -> ticket_id=1275 created_by=SALEEM JAVED dept=Customer Care category=Software
2026-09-07 12:38:29,948 [INFO] app.api.routes_infra: InfraAlert -> sending WA for ticket_id=1275 | msg_len=301
2026-09-07 12:38:29,949 [INFO] app.api.routes_infra: WA[1f10a561] -> sendMessage | target=120363141953100908@g.us | len=301
2026-09-07 12:38:29,990 [INFO] app.api.routes_infra: WA[1f10a561] <- status=200 | body={"success":true}
2026-09-07 12:38:29,990 [INFO] app.api.routes_infra: InfraAlert sent | status=200 | resp={"success":true}
2026-09-07 12:41:38,978 [INFO] app.api.routes_infra: InfraAlert trigger -> ticket_id=1276 created_by=SALEEM JAVED dept=Customer Care category=Hardware
2026-09-07 12:41:38,979 [INFO] app.api.routes_infra: InfraAlert -> sending WA for ticket_id=1276 | msg_len=290
2026-09-07 12:41:38,979 [INFO] app.api.routes_infra: WA[678ba8a5] -> sendMessage | target=120363141953100908@g.us | len=290
2026-09-07 12:41:39,027 [INFO] app.api.routes_infra: WA[678ba8a5] <- status=200 | body={"success":true}
2026-09-07 12:41:39,028 [INFO] app.api.routes_infra: InfraAlert sent | status=200 | resp={"success":true}
2026-09-07 13:30:34,369 [INFO] app.api.routes_infra: WA[ac41eb7d] -> sendMessage | target=918448546358 | len=337
2026-09-07 13:30:34,386 [INFO] app.api.routes_infra: WA[ac41eb7d] <- status=409 | body={"error":"Account not ready"}
2026-09-07 13:30:34,386 [ERROR] app.api.routes_infra: ResolveNotify failed | ticket_id=1270 status=409 resp={"error":"Account not ready"}
2026-09-07 13:30:37,731 [INFO] app.api.routes_infra: WA[164f0d45] -> sendMessage | target=918448546358 | len=337
2026-09-07 13:30:37,790 [INFO] app.api.routes_infra: WA[164f0d45] <- status=409 | body={"error":"Account not ready"}
2026-09-07 13:30:37,791 [ERROR] app.api.routes_infra: ResolveNotify failed | ticket_id=1269 status=409 resp={"error":"Account not ready"}
2026-09-07 13:30:52,176 [INFO] app.api.routes_infra: WA[4f34370a] -> sendMessage | target=919654441851 | len=126
2026-09-07 13:30:52,185 [INFO] app.api.routes_infra: WA[4f34370a] <- status=409 | body={"error":"Account not ready"}
2026-09-07 13:30:52,185 [ERROR] app.api.routes_infra: PickNotify failed | ticket_id=1275 status=409 resp={"error":"Account not ready"}
2026-09-07 13:32:19,497 [INFO] app.api.routes_infra: WA[04df4d61] -> sendMessage | target=919654441851 | len=286
2026-09-07 13:32:22,252 [INFO] app.api.routes_infra: WA[cd512ec4] -> sendMessage | target=919654441851 | len=286
2026-09-07 13:32:25,512 [INFO] app.api.routes_infra: WA[601ea95a] -> sendMessage | target=919654441851 | len=286
2026-09-07 13:32:29,513 [ERROR] app.api.routes_infra: WA[04df4d61] send_whatsapp_to_number exception: HTTPConnectionPool(host='10.1.1.44', port=3004): Read timed out. (read timeout=10)
Traceback (most recent call last):
  File "/usr/local/lib/python3.11/site-packages/urllib3/connectionpool.py", line 534, in _make_request
    response = conn.getresponse()
               ^^^^^^^^^^^^^^^^^^
  File "/usr/local/lib/python3.11/site-packages/urllib3/connection.py", line 571, in getresponse
    httplib_response = super().getresponse()
                       ^^^^^^^^^^^^^^^^^^^^^
  File "/usr/local/lib/python3.11/http/client.py", line 1443, in getresponse
    response.begin()
  File "/usr/local/lib/python3.11/http/client.py", line 337, in begin
    version, status, reason = self._read_status()
                              ^^^^^^^^^^^^^^^^^^^
  File "/usr/local/lib/python3.11/http/client.py", line 298, in _read_status
    line = str(self.fp.readline(_MAXLINE + 1), "iso-8859-1")
               ^^^^^^^^^^^^^^^^^^^^^^^^^^^^^^
  File "/usr/local/lib/python3.11/socket.py", line 718, in readinto
    return self._sock.recv_into(b)
           ^^^^^^^^^^^^^^^^^^^^^^^
TimeoutError: timed out

The above exception was the direct cause of the following exception:

Traceback (most recent call last):
  File "/usr/local/lib/python3.11/site-packages/requests/adapters.py", line 696, in send
    resp = conn.urlopen(
           ^^^^^^^^^^^^^
  File "/usr/local/lib/python3.11/site-packages/urllib3/connectionpool.py", line 842, in urlopen
    retries = retries.increment(
              ^^^^^^^^^^^^^^^^^^
  File "/usr/local/lib/python3.11/site-packages/urllib3/util/retry.py", line 498, in increment
    raise reraise(type(error), error, _stacktrace)
          ^^^^^^^^^^^^^^^^^^^^^^^^^^^^^^^^^^^^^^^^
  File "/usr/local/lib/python3.11/site-packages/urllib3/util/util.py", line 39, in reraise
    raise value
  File "/usr/local/lib/python3.11/site-packages/urllib3/connectionpool.py", line 788, in urlopen
    response = self._make_request(
               ^^^^^^^^^^^^^^^^^^^
  File "/usr/local/lib/python3.11/site-packages/urllib3/connectionpool.py", line 536, in _make_request
    self._raise_timeout(err=e, url=url, timeout_value=read_timeout)
  File "/usr/local/lib/python3.11/site-packages/urllib3/connectionpool.py", line 367, in _raise_timeout
    raise ReadTimeoutError(
urllib3.exceptions.ReadTimeoutError: HTTPConnectionPool(host='10.1.1.44', port=3004): Read timed out. (read timeout=10)

During handling of the above exception, another exception occurred:

Traceback (most recent call last):
  File "/app/app/api/routes_infra.py", line 151, in send_whatsapp_to_number
    r = requests.post(
        ^^^^^^^^^^^^^^
  File "/usr/local/lib/python3.11/site-packages/requests/api.py", line 134, in post
    return request("post", url, data=data, json=json, **kwargs)
           ^^^^^^^^^^^^^^^^^^^^^^^^^^^^^^^^^^^^^^^^^^^^^^^^^^^^
  File "/usr/local/lib/python3.11/site-packages/requests/api.py", line 71, in request
    return session.request(method=method, url=url, **kwargs)
           ^^^^^^^^^^^^^^^^^^^^^^^^^^^^^^^^^^^^^^^^^^^^^^^^^
  File "/usr/local/lib/python3.11/site-packages/requests/sessions.py", line 651, in request
    resp = self.send(prep, **send_kwargs)
           ^^^^^^^^^^^^^^^^^^^^^^^^^^^^^^
  File "/usr/local/lib/python3.11/site-packages/requests/sessions.py", line 784, in send
    r = adapter.send(request, **kwargs)
        ^^^^^^^^^^^^^^^^^^^^^^^^^^^^^^^
  File "/usr/local/lib/python3.11/site-packages/requests/adapters.py", line 742, in send
    raise ReadTimeout(e, request=request)
requests.exceptions.ReadTimeout: HTTPConnectionPool(host='10.1.1.44', port=3004): Read timed out. (read timeout=10)
2026-09-07 13:32:29,516 [ERROR] app.api.routes_infra: ResolveNotify failed | ticket_id=1275 status=500 resp=HTTPConnectionPool(host='10.1.1.44', port=3004): Read timed out. (read timeout=10)
2026-09-07 13:32:32,266 [ERROR] app.api.routes_infra: WA[cd512ec4] send_whatsapp_to_number exception: HTTPConnectionPool(host='10.1.1.44', port=3004): Read timed out. (read timeout=10)
Traceback (most recent call last):
  File "/usr/local/lib/python3.11/site-packages/urllib3/connectionpool.py", line 534, in _make_request
    response = conn.getresponse()
               ^^^^^^^^^^^^^^^^^^
  File "/usr/local/lib/python3.11/site-packages/urllib3/connection.py", line 571, in getresponse
    httplib_response = super().getresponse()
                       ^^^^^^^^^^^^^^^^^^^^^
  File "/usr/local/lib/python3.11/http/client.py", line 1443, in getresponse
    response.begin()
  File "/usr/local/lib/python3.11/http/client.py", line 337, in begin
    version, status, reason = self._read_status()
                              ^^^^^^^^^^^^^^^^^^^
  File "/usr/local/lib/python3.11/http/client.py", line 298, in _read_status
    line = str(self.fp.readline(_MAXLINE + 1), "iso-8859-1")
               ^^^^^^^^^^^^^^^^^^^^^^^^^^^^^^
  File "/usr/local/lib/python3.11/socket.py", line 718, in readinto
    return self._sock.recv_into(b)
           ^^^^^^^^^^^^^^^^^^^^^^^
TimeoutError: timed out

The above exception was the direct cause of the following exception:

Traceback (most recent call last):
  File "/usr/local/lib/python3.11/site-packages/requests/adapters.py", line 696, in send
    resp = conn.urlopen(
           ^^^^^^^^^^^^^
  File "/usr/local/lib/python3.11/site-packages/urllib3/connectionpool.py", line 842, in urlopen
    retries = retries.increment(
              ^^^^^^^^^^^^^^^^^^
  File "/usr/local/lib/python3.11/site-packages/urllib3/util/retry.py", line 498, in increment
    raise reraise(type(error), error, _stacktrace)
          ^^^^^^^^^^^^^^^^^^^^^^^^^^^^^^^^^^^^^^^^
  File "/usr/local/lib/python3.11/site-packages/urllib3/util/util.py", line 39, in reraise
    raise value
  File "/usr/local/lib/python3.11/site-packages/urllib3/connectionpool.py", line 788, in urlopen
    response = self._make_request(
               ^^^^^^^^^^^^^^^^^^^
  File "/usr/local/lib/python3.11/site-packages/urllib3/connectionpool.py", line 536, in _make_request
    self._raise_timeout(err=e, url=url, timeout_value=read_timeout)
  File "/usr/local/lib/python3.11/site-packages/urllib3/connectionpool.py", line 367, in _raise_timeout
    raise ReadTimeoutError(
urllib3.exceptions.ReadTimeoutError: HTTPConnectionPool(host='10.1.1.44', port=3004): Read timed out. (read timeout=10)

During handling of the above exception, another exception occurred:

Traceback (most recent call last):
  File "/app/app/api/routes_infra.py", line 151, in send_whatsapp_to_number
    r = requests.post(
        ^^^^^^^^^^^^^^
  File "/usr/local/lib/python3.11/site-packages/requests/api.py", line 134, in post
    return request("post", url, data=data, json=json, **kwargs)
           ^^^^^^^^^^^^^^^^^^^^^^^^^^^^^^^^^^^^^^^^^^^^^^^^^^^^
  File "/usr/local/lib/python3.11/site-packages/requests/api.py", line 71, in request
    return session.request(method=method, url=url, **kwargs)
           ^^^^^^^^^^^^^^^^^^^^^^^^^^^^^^^^^^^^^^^^^^^^^^^^^
  File "/usr/local/lib/python3.11/site-packages/requests/sessions.py", line 651, in request
    resp = self.send(prep, **send_kwargs)
           ^^^^^^^^^^^^^^^^^^^^^^^^^^^^^^
  File "/usr/local/lib/python3.11/site-packages/requests/sessions.py", line 784, in send
    r = adapter.send(request, **kwargs)
        ^^^^^^^^^^^^^^^^^^^^^^^^^^^^^^^
  File "/usr/local/lib/python3.11/site-packages/requests/adapters.py", line 742, in send
    raise ReadTimeout(e, request=request)
requests.exceptions.ReadTimeout: HTTPConnectionPool(host='10.1.1.44', port=3004): Read timed out. (read timeout=10)
2026-09-07 13:32:32,268 [ERROR] app.api.routes_infra: ResolveNotify failed | ticket_id=1275 status=500 resp=HTTPConnectionPool(host='10.1.1.44', port=3004): Read timed out. (read timeout=10)
2026-09-07 13:32:35,516 [ERROR] app.api.routes_infra: WA[601ea95a] send_whatsapp_to_number exception: HTTPConnectionPool(host='10.1.1.44', port=3004): Read timed out. (read timeout=10)
Traceback (most recent call last):
  File "/usr/local/lib/python3.11/site-packages/urllib3/connectionpool.py", line 534, in _make_request
    response = conn.getresponse()
               ^^^^^^^^^^^^^^^^^^
  File "/usr/local/lib/python3.11/site-packages/urllib3/connection.py", line 571, in getresponse
    httplib_response = super().getresponse()
                       ^^^^^^^^^^^^^^^^^^^^^
  File "/usr/local/lib/python3.11/http/client.py", line 1443, in getresponse
    response.begin()
  File "/usr/local/lib/python3.11/http/client.py", line 337, in begin
    version, status, reason = self._read_status()
                              ^^^^^^^^^^^^^^^^^^^
  File "/usr/local/lib/python3.11/http/client.py", line 298, in _read_status
    line = str(self.fp.readline(_MAXLINE + 1), "iso-8859-1")
               ^^^^^^^^^^^^^^^^^^^^^^^^^^^^^^
  File "/usr/local/lib/python3.11/socket.py", line 718, in readinto
    return self._sock.recv_into(b)
           ^^^^^^^^^^^^^^^^^^^^^^^
TimeoutError: timed out

The above exception was the direct cause of the following exception:

Traceback (most recent call last):
  File "/usr/local/lib/python3.11/site-packages/requests/adapters.py", line 696, in send
    resp = conn.urlopen(
           ^^^^^^^^^^^^^
  File "/usr/local/lib/python3.11/site-packages/urllib3/connectionpool.py", line 842, in urlopen
    retries = retries.increment(
              ^^^^^^^^^^^^^^^^^^
  File "/usr/local/lib/python3.11/site-packages/urllib3/util/retry.py", line 498, in increment
    raise reraise(type(error), error, _stacktrace)
          ^^^^^^^^^^^^^^^^^^^^^^^^^^^^^^^^^^^^^^^^
  File "/usr/local/lib/python3.11/site-packages/urllib3/util/util.py", line 39, in reraise
    raise value
  File "/usr/local/lib/python3.11/site-packages/urllib3/connectionpool.py", line 788, in urlopen
    response = self._make_request(
               ^^^^^^^^^^^^^^^^^^^
  File "/usr/local/lib/python3.11/site-packages/urllib3/connectionpool.py", line 536, in _make_request
    self._raise_timeout(err=e, url=url, timeout_value=read_timeout)
  File "/usr/local/lib/python3.11/site-packages/urllib3/connectionpool.py", line 367, in _raise_timeout
    raise ReadTimeoutError(
urllib3.exceptions.ReadTimeoutError: HTTPConnectionPool(host='10.1.1.44', port=3004): Read timed out. (read timeout=10)

During handling of the above exception, another exception occurred:

Traceback (most recent call last):
  File "/app/app/api/routes_infra.py", line 151, in send_whatsapp_to_number
    r = requests.post(
        ^^^^^^^^^^^^^^
  File "/usr/local/lib/python3.11/site-packages/requests/api.py", line 134, in post
    return request("post", url, data=data, json=json, **kwargs)
           ^^^^^^^^^^^^^^^^^^^^^^^^^^^^^^^^^^^^^^^^^^^^^^^^^^^^
  File "/usr/local/lib/python3.11/site-packages/requests/api.py", line 71, in request
    return session.request(method=method, url=url, **kwargs)
           ^^^^^^^^^^^^^^^^^^^^^^^^^^^^^^^^^^^^^^^^^^^^^^^^^
  File "/usr/local/lib/python3.11/site-packages/requests/sessions.py", line 651, in request
    resp = self.send(prep, **send_kwargs)
           ^^^^^^^^^^^^^^^^^^^^^^^^^^^^^^
  File "/usr/local/lib/python3.11/site-packages/requests/sessions.py", line 784, in send
    r = adapter.send(request, **kwargs)
        ^^^^^^^^^^^^^^^^^^^^^^^^^^^^^^^
  File "/usr/local/lib/python3.11/site-packages/requests/adapters.py", line 742, in send
    raise ReadTimeout(e, request=request)
requests.exceptions.ReadTimeout: HTTPConnectionPool(host='10.1.1.44', port=3004): Read timed out. (read timeout=10)
2026-09-07 13:32:35,519 [ERROR] app.api.routes_infra: ResolveNotify failed | ticket_id=1275 status=500 resp=HTTPConnectionPool(host='10.1.1.44', port=3004): Read timed out. (read timeout=10)
2026-09-07 14:33:47,427 [INFO] app.api.routes_infra: Infra auto hiccup generated | ticket_id=1267 hiccups=HCP-26-1838, HCP-26-1839, HCP-26-1840
2026-09-07 14:50:32,021 [INFO] app.api.routes_infra: InfraAlert trigger -> ticket_id=1277 created_by=Gulrez Sultan dept=Customer Care category=Office Infra
2026-09-07 14:50:32,021 [INFO] app.api.routes_infra: InfraAlert -> sending WA for ticket_id=1277 | msg_len=263
2026-09-07 14:50:32,022 [INFO] app.api.routes_infra: WA[16b8b8be] -> sendMessage | target=120363141953100908@g.us | len=263
2026-09-07 14:50:32,844 [INFO] app.api.routes_infra: WA[16b8b8be] <- status=200 | body={"success":true}
2026-09-07 14:50:32,845 [INFO] app.api.routes_infra: InfraAlert sent | status=200 | resp={"success":true}
2026-09-07 15:03:47,425 [INFO] app.api.routes_infra: Infra auto hiccup generated | ticket_id=1271 hiccups=HCP-26-1843, HCP-26-1844, HCP-26-1845
2026-09-07 15:05:27,612 [INFO] app.api.routes_infra: WA[5c413fbd] -> sendMessage | target=919870554746 | len=122
2026-09-07 15:05:28,350 [INFO] app.api.routes_infra: WA[5c413fbd] <- status=200 | body={"success":true}
2026-09-07 15:05:28,351 [INFO] app.api.routes_infra: PickNotify sent to 9870554746 | ticket_id=1267
2026-09-07 15:05:40,322 [INFO] app.api.routes_infra: WA[a2cf878a] -> sendMessage | target=917982256085 | len=122
2026-09-07 15:05:40,777 [INFO] app.api.routes_infra: WA[a2cf878a] <- status=200 | body={"success":true}
2026-09-07 15:05:40,777 [INFO] app.api.routes_infra: PickNotify sent to 7982256085 | ticket_id=1271
2026-09-07 15:05:48,830 [INFO] app.api.routes_infra: WA[97382084] -> sendMessage | target=919818393041 | len=122
2026-09-07 15:05:49,631 [INFO] app.api.routes_infra: WA[97382084] <- status=200 | body={"success":true}
2026-09-07 15:05:49,632 [INFO] app.api.routes_infra: PickNotify sent to 9818393041 | ticket_id=1274
2026-09-07 15:05:57,111 [INFO] app.api.routes_infra: WA[4e3321db] -> sendMessage | target=919818393041 | len=302
2026-09-07 15:05:57,477 [INFO] app.api.routes_infra: WA[02a07015] -> sendMessage | target=919818393041 | len=302
2026-09-07 15:05:57,738 [INFO] app.api.routes_infra: WA[4e3321db] <- status=200 | body={"success":true}
2026-09-07 15:05:57,739 [INFO] app.api.routes_infra: ResolveNotify sent | ticket_id=1274 contact=9818393041
2026-09-07 15:05:58,637 [INFO] app.api.routes_infra: WA[02a07015] <- status=200 | body={"success":true}
2026-09-07 15:05:58,637 [INFO] app.api.routes_infra: ResolveNotify sent | ticket_id=1274 contact=9818393041
2026-09-07 15:06:01,372 [INFO] app.api.routes_infra: WA[70db3b91] -> sendMessage | target=917982256085 | len=282
2026-09-07 15:06:01,820 [INFO] app.api.routes_infra: WA[70db3b91] <- status=200 | body={"success":true}
2026-09-07 15:06:01,821 [INFO] app.api.routes_infra: ResolveNotify sent | ticket_id=1271 contact=7982256085
2026-09-07 15:06:04,178 [INFO] app.api.routes_infra: WA[58798390] -> sendMessage | target=919870554746 | len=265
2026-09-07 15:06:04,934 [INFO] app.api.routes_infra: WA[58798390] <- status=200 | body={"success":true}
2026-09-07 15:06:04,935 [INFO] app.api.routes_infra: ResolveNotify sent | ticket_id=1267 contact=9870554746
2026-09-07 16:07:20,185 [INFO] app.api.routes_infra: WA[28134734] -> sendMessage | target=919654441851 | len=123
2026-09-07 16:07:21,059 [INFO] app.api.routes_infra: WA[28134734] <- status=200 | body={"success":true}
2026-09-07 16:07:21,059 [INFO] app.api.routes_infra: PickNotify sent to 9654441851 | ticket_id=1276
2026-09-07 16:07:31,139 [INFO] app.api.routes_infra: WA[76ad4109] -> sendMessage | target=918527115485 | len=231
2026-09-07 16:07:31,735 [INFO] app.api.routes_infra: WA[76ad4109] <- status=200 | body={"success":true}
2026-09-07 16:07:31,735 [INFO] app.api.routes_infra: ResolveNotify sent | ticket_id=1255 contact=8527115485
2026-09-07 20:42:37,330 [INFO] app.api.routes_infra: InfraAlert trigger -> ticket_id=1278 created_by=Md Shaquib Alam dept=Technical category=Software
2026-09-07 20:42:37,331 [INFO] app.api.routes_infra: InfraAlert -> sending WA for ticket_id=1278 | msg_len=731
2026-09-07 20:42:37,333 [INFO] app.api.routes_infra: WA[e6456b04] -> sendMessage | target=120363141953100908@g.us | len=731
2026-09-07 20:42:37,383 [INFO] app.api.routes_infra: WA[e6456b04] <- status=200 | body={"success":true}
2026-09-07 20:42:37,383 [INFO] app.api.routes_infra: InfraAlert sent | status=200 | resp={"success":true}
2026-09-08 06:55:41,111 [INFO] app.api.routes_infra: WA[e7a6044a] -> sendMessage | target=919717852423 | len=126
2026-09-08 06:55:41,427 [INFO] app.api.routes_infra: WA[e7a6044a] <- status=200 | body={"success":true}
2026-09-08 06:55:41,427 [INFO] app.api.routes_infra: PickNotify sent to 9717852423 | ticket_id=1273
2026-09-08 11:02:37,460 [INFO] app.api.routes_infra: WA[14be0fcf] -> sendMessage | target=918448558464 | len=126
2026-09-08 11:02:37,840 [INFO] app.api.routes_infra: WA[14be0fcf] <- status=200 | body={"success":true}
2026-09-08 11:02:37,841 [INFO] app.api.routes_infra: PickNotify sent to 8448558464 | ticket_id=1278
2026-09-08 12:18:21,702 [INFO] app.api.routes_infra: InfraAlert trigger -> ticket_id=1279 created_by=Gulrez Sultan dept=Customer Care category=Office Infra
2026-09-08 12:18:21,703 [INFO] app.api.routes_infra: InfraAlert -> sending WA for ticket_id=1279 | msg_len=254
2026-09-08 12:18:21,704 [INFO] app.api.routes_infra: WA[bb6387c0] -> sendMessage | target=120363141953100908@g.us | len=254
2026-09-08 12:18:21,844 [INFO] app.api.routes_infra: WA[bb6387c0] <- status=200 | body={"success":true}
2026-09-08 12:18:21,844 [INFO] app.api.routes_infra: InfraAlert sent | status=200 | resp={"success":true}
2026-09-08 12:29:17,137 [INFO] app.api.routes_infra: WA[1cde95af] -> sendMessage | target=919818247844 | len=123
2026-09-08 12:29:17,427 [INFO] app.api.routes_infra: WA[1cde95af] <- status=200 | body={"success":true}
2026-09-08 12:29:17,428 [INFO] app.api.routes_infra: PickNotify sent to 9818247844 | ticket_id=1279
2026-09-08 12:29:55,411 [INFO] app.api.routes_infra: WA[fca69a53] -> sendMessage | target=919818247844 | len=123
2026-09-08 12:29:55,699 [INFO] app.api.routes_infra: WA[fca69a53] <- status=200 | body={"success":true}
2026-09-08 12:29:55,701 [INFO] app.api.routes_infra: PickNotify sent to 9818247844 | ticket_id=1277
2026-09-08 15:26:36,832 [INFO] app.api.routes_infra: InfraAlert trigger -> ticket_id=1280 created_by=Nazia dept=Technical category=Office Infra
2026-09-08 15:26:36,833 [INFO] app.api.routes_infra: InfraAlert -> sending WA for ticket_id=1280 | msg_len=242
2026-09-08 15:26:36,834 [INFO] app.api.routes_infra: WA[f6331afc] -> sendMessage | target=120363141953100908@g.us | len=242
2026-09-08 15:26:36,979 [INFO] app.api.routes_infra: WA[f6331afc] <- status=200 | body={"success":true}
2026-09-08 15:26:36,979 [INFO] app.api.routes_infra: InfraAlert sent | status=200 | resp={"success":true}
2026-09-08 15:29:38,908 [INFO] app.api.routes_infra: WA[7351917f] -> sendMessage | target=919711237334 | len=123
2026-09-08 15:29:39,337 [INFO] app.api.routes_infra: WA[7351917f] <- status=200 | body={"success":true}
2026-09-08 15:29:39,338 [INFO] app.api.routes_infra: PickNotify sent to 9711237334 | ticket_id=1280
2026-09-08 17:36:40,513 [INFO] app.api.routes_infra: WA[79a28fb2] -> sendMessage | target=918448558464 | len=716
2026-09-08 17:36:40,887 [INFO] app.api.routes_infra: WA[79a28fb2] <- status=200 | body={"success":true}
2026-09-08 17:36:40,887 [INFO] app.api.routes_infra: ResolveNotify sent | ticket_id=1278 contact=8448558464
2026-09-08 17:36:44,109 [INFO] app.api.routes_infra: WA[bfa6120c] -> sendMessage | target=919717852423 | len=266
2026-09-08 17:36:44,916 [INFO] app.api.routes_infra: WA[bfa6120c] <- status=200 | body={"success":true}
2026-09-08 17:36:44,916 [INFO] app.api.routes_infra: ResolveNotify sent | ticket_id=1273 contact=9717852423
2026-09-08 18:18:36,319 [INFO] app.api.routes_infra: WA[1ea7dcdf] -> sendMessage | target=919711237334 | len=234
2026-09-08 18:18:36,647 [INFO] app.api.routes_infra: WA[1ea7dcdf] <- status=200 | body={"success":true}
2026-09-08 18:18:36,647 [INFO] app.api.routes_infra: ResolveNotify sent | ticket_id=1280 contact=9711237334
2026-09-08 18:41:33,683 [INFO] app.api.routes_infra: WA[4a198e4e] -> sendMessage | target=919650692437 | len=219
2026-09-08 18:41:34,287 [INFO] app.api.routes_infra: WA[4a198e4e] <- status=200 | body={"success":true}
2026-09-08 18:41:34,288 [INFO] app.api.routes_infra: ResolveNotify sent | ticket_id=1217 contact=9650692437
2026-09-08 18:41:54,355 [INFO] app.api.routes_infra: WA[77119acd] -> sendMessage | target=919871366002 | len=303
2026-09-08 18:41:55,169 [INFO] app.api.routes_infra: WA[77119acd] <- status=200 | body={"success":true}
2026-09-08 18:41:55,169 [INFO] app.api.routes_infra: ResolveNotify sent | ticket_id=1257 contact=9871366002
2026-09-09 11:13:06,436 [INFO] app.api.routes_infra: InfraAlert trigger -> ticket_id=1281 created_by=Akash yadav dept=Customer Care category=Software
2026-09-09 11:13:06,437 [INFO] app.api.routes_infra: InfraAlert -> sending WA for ticket_id=1281 | msg_len=245
2026-09-09 11:13:06,437 [INFO] app.api.routes_infra: WA[7184dfb0] -> sendMessage | target=120363141953100908@g.us | len=245
2026-09-09 11:13:06,494 [INFO] app.api.routes_infra: WA[7184dfb0] <- status=200 | body={"success":true}
2026-09-09 11:13:06,495 [INFO] app.api.routes_infra: InfraAlert sent | status=200 | resp={"success":true}
2026-09-09 11:13:13,117 [INFO] app.api.routes_infra: InfraAlert trigger -> ticket_id=1282 created_by=Ritu Mahalwal dept=Customer Care category=Software
2026-09-09 11:13:13,118 [INFO] app.api.routes_infra: InfraAlert -> sending WA for ticket_id=1282 | msg_len=281
2026-09-09 11:13:13,119 [INFO] app.api.routes_infra: WA[21679ef9] -> sendMessage | target=120363141953100908@g.us | len=281
2026-09-09 11:13:13,424 [INFO] app.api.routes_infra: WA[21679ef9] <- status=200 | body={"success":true}
2026-09-09 11:13:13,425 [INFO] app.api.routes_infra: InfraAlert sent | status=200 | resp={"success":true}
2026-09-09 11:52:25,117 [INFO] app.api.routes_infra: WA[72c2ea7d] -> sendMessage | target=919899847571 | len=122
2026-09-09 11:52:25,471 [INFO] app.api.routes_infra: WA[72c2ea7d] <- status=200 | body={"success":true}
2026-09-09 11:52:25,471 [INFO] app.api.routes_infra: PickNotify sent to 9899847571 | ticket_id=1281
2026-09-09 11:52:28,213 [INFO] app.api.routes_infra: WA[bef239c5] -> sendMessage | target=919899847571 | len=226
2026-09-09 11:52:28,498 [INFO] app.api.routes_infra: WA[bef239c5] <- status=200 | body={"success":true}
2026-09-09 11:52:28,499 [INFO] app.api.routes_infra: ResolveNotify sent | ticket_id=1281 contact=9899847571
2026-09-09 11:52:30,347 [INFO] app.api.routes_infra: WA[e18ff65e] -> sendMessage | target=919871366002 | len=122
2026-09-09 11:52:30,707 [INFO] app.api.routes_infra: WA[e18ff65e] <- status=200 | body={"success":true}
2026-09-09 11:52:30,708 [INFO] app.api.routes_infra: PickNotify sent to 9871366002 | ticket_id=1282
2026-09-09 11:52:34,468 [INFO] app.api.routes_infra: WA[e8b50547] -> sendMessage | target=919871366002 | len=260
2026-09-09 11:52:34,951 [INFO] app.api.routes_infra: WA[e8b50547] <- status=200 | body={"success":true}
2026-09-09 11:52:34,952 [INFO] app.api.routes_infra: ResolveNotify sent | ticket_id=1282 contact=9871366002
2026-09-09 13:28:13,591 [INFO] app.api.routes_infra: InfraAlert trigger -> ticket_id=1283 created_by=Gulrez Sultan dept=Other category=Office Infra
2026-09-09 13:28:13,591 [INFO] app.api.routes_infra: InfraAlert -> sending WA for ticket_id=1283 | msg_len=246
2026-09-09 13:28:13,593 [INFO] app.api.routes_infra: WA[b15c68f3] -> sendMessage | target=120363141953100908@g.us | len=246
2026-09-09 13:28:13,727 [INFO] app.api.routes_infra: WA[b15c68f3] <- status=200 | body={"success":true}
2026-09-09 13:28:13,727 [INFO] app.api.routes_infra: InfraAlert sent | status=200 | resp={"success":true}
2026-09-09 13:58:33,480 [INFO] app.api.routes_infra: InfraAlert trigger -> ticket_id=1284 created_by=SUMIT SINGH dept=Other category=Office Infra
2026-09-09 13:58:33,481 [INFO] app.api.routes_infra: InfraAlert -> sending WA for ticket_id=1284 | msg_len=380
2026-09-09 13:58:33,482 [INFO] app.api.routes_infra: WA[d05f52cf] -> sendMessage | target=120363141953100908@g.us | len=380
2026-09-09 13:58:33,526 [INFO] app.api.routes_infra: WA[d05f52cf] <- status=200 | body={"success":true}
2026-09-09 13:58:33,526 [INFO] app.api.routes_infra: InfraAlert sent | status=200 | resp={"success":true}
2026-09-09 15:39:53,862 [INFO] app.api.routes_infra: InfraAlert trigger -> ticket_id=1285 created_by=Ritu Mahalwal dept=Customer Care category=Software
2026-09-09 15:39:53,863 [INFO] app.api.routes_infra: InfraAlert -> sending WA for ticket_id=1285 | msg_len=266
2026-09-09 15:39:53,863 [INFO] app.api.routes_infra: WA[a30ce2c9] -> sendMessage | target=120363141953100908@g.us | len=266
2026-09-09 15:39:54,009 [INFO] app.api.routes_infra: WA[a30ce2c9] <- status=200 | body={"success":true}
2026-09-09 15:39:54,010 [INFO] app.api.routes_infra: InfraAlert sent | status=200 | resp={"success":true}
2026-09-09 17:53:47,376 [INFO] app.api.routes_infra: InfraAlert trigger -> ticket_id=1286 created_by=Aman Shukla dept=Field category=Software
2026-09-09 17:53:47,376 [INFO] app.api.routes_infra: InfraAlert -> sending WA for ticket_id=1286 | msg_len=273
2026-09-09 17:53:47,377 [INFO] app.api.routes_infra: WA[3e6938b8] -> sendMessage | target=120363141953100908@g.us | len=273
2026-09-09 17:53:53,469 [INFO] app.api.routes_infra: WA[3e6938b8] <- status=200 | body={"success":true}
2026-09-09 17:53:53,470 [INFO] app.api.routes_infra: InfraAlert sent | status=200 | resp={"success":true}
2026-09-09 18:01:09,111 [INFO] app.api.routes_infra: WA[834f6a0a] -> sendMessage | target=918178408980 | len=126
2026-09-09 18:01:09,899 [INFO] app.api.routes_infra: WA[834f6a0a] <- status=200 | body={"success":true}
2026-09-09 18:01:09,899 [INFO] app.api.routes_infra: PickNotify sent to 8178408980 | ticket_id=1286
2026-09-09 18:59:16,988 [INFO] app.api.routes_infra: InfraAlert trigger -> ticket_id=1287 created_by=Nazia dept=Technical category=Hardware
2026-09-09 18:59:16,989 [INFO] app.api.routes_infra: InfraAlert -> sending WA for ticket_id=1287 | msg_len=234
2026-09-09 18:59:16,989 [INFO] app.api.routes_infra: WA[98d1737a] -> sendMessage | target=120363141953100908@g.us | len=234
2026-09-09 18:59:17,044 [INFO] app.api.routes_infra: WA[98d1737a] <- status=200 | body={"success":true}
2026-09-09 18:59:17,044 [INFO] app.api.routes_infra: InfraAlert sent | status=200 | resp={"success":true}
2026-09-09 19:11:51,476 [INFO] app.api.routes_infra: WA[d729ef0b] -> sendMessage | target=919711237334 | len=123
2026-09-09 19:11:52,688 [INFO] app.api.routes_infra: WA[d729ef0b] <- status=200 | body={"success":true}
2026-09-09 19:11:52,689 [INFO] app.api.routes_infra: PickNotify sent to 9711237334 | ticket_id=1287
2026-09-09 19:11:56,806 [INFO] app.api.routes_infra: WA[466d73bd] -> sendMessage | target=919711237334 | len=239
2026-09-09 19:11:57,267 [INFO] app.api.routes_infra: WA[466d73bd] <- status=200 | body={"success":true}
2026-09-09 19:11:57,268 [INFO] app.api.routes_infra: ResolveNotify sent | ticket_id=1287 contact=9711237334
2026-09-09 19:21:35,316 [INFO] app.api.routes_infra: WA[31d8ef22] -> sendMessage | target=919818247844 | len=123
2026-09-09 19:21:35,773 [INFO] app.api.routes_infra: WA[31d8ef22] <- status=200 | body={"success":true}
2026-09-09 19:21:35,773 [INFO] app.api.routes_infra: PickNotify sent to 9818247844 | ticket_id=1283
2026-09-09 19:21:58,583 [INFO] app.api.routes_infra: WA[cfbd4793] -> sendMessage | target=919821957370 | len=123
2026-09-09 19:21:59,115 [INFO] app.api.routes_infra: WA[cfbd4793] <- status=200 | body={"success":true}
2026-09-09 19:21:59,115 [INFO] app.api.routes_infra: PickNotify sent to 9821957370 | ticket_id=1284
2026-09-10 08:03:48,566 [INFO] app.api.routes_infra: WA[45fd6f63] -> sendMessage | target=918178408980 | len=266
2026-09-10 08:03:48,913 [INFO] app.api.routes_infra: WA[45fd6f63] <- status=200 | body={"success":true}
2026-09-10 08:03:48,914 [INFO] app.api.routes_infra: ResolveNotify sent | ticket_id=1286 contact=8178408980
2026-09-10 10:13:45,407 [INFO] app.api.routes_infra: InfraAlert trigger -> ticket_id=1288 created_by=Ritu Mahalwal dept=Technical category=Software
2026-09-10 10:13:45,408 [INFO] app.api.routes_infra: InfraAlert -> sending WA for ticket_id=1288 | msg_len=375
2026-09-10 10:13:45,408 [INFO] app.api.routes_infra: WA[6d4e76f6] -> sendMessage | target=120363141953100908@g.us | len=375
2026-09-10 10:13:50,382 [INFO] app.api.routes_infra: WA[6d4e76f6] <- status=200 | body={"success":true}
2026-09-10 10:13:50,382 [INFO] app.api.routes_infra: InfraAlert sent | status=200 | resp={"success":true}
2026-09-10 10:23:52,232 [INFO] app.api.routes_infra: InfraAlert trigger -> ticket_id=1289 created_by=Prerna Sharma dept=Customer Care category=Hardware
2026-09-10 10:23:52,233 [INFO] app.api.routes_infra: InfraAlert -> sending WA for ticket_id=1289 | msg_len=269
2026-09-10 10:23:52,234 [INFO] app.api.routes_infra: WA[28306415] -> sendMessage | target=120363141953100908@g.us | len=269
2026-09-10 10:23:52,272 [INFO] app.api.routes_infra: WA[28306415] <- status=200 | body={"success":true}
2026-09-10 10:23:52,272 [INFO] app.api.routes_infra: InfraAlert sent | status=200 | resp={"success":true}
2026-09-10 10:26:42,593 [INFO] app.api.routes_infra: WA[d9f5f871] -> sendMessage | target=919910773271 | len=123
2026-09-10 10:26:43,004 [INFO] app.api.routes_infra: WA[d9f5f871] <- status=200 | body={"success":true}
2026-09-10 10:26:43,005 [INFO] app.api.routes_infra: PickNotify sent to 9910773271 | ticket_id=1289
2026-09-10 10:46:36,164 [INFO] app.api.routes_infra: WA[1512182a] -> sendMessage | target=919910773271 | len=249
2026-09-10 10:46:36,466 [INFO] app.api.routes_infra: WA[1512182a] <- status=200 | body={"success":true}
2026-09-10 10:46:36,467 [INFO] app.api.routes_infra: ResolveNotify sent | ticket_id=1289 contact=9910773271
2026-09-10 11:50:55,564 [INFO] app.api.routes_infra: WA[22271c7e] -> sendMessage | target=919871366002 | len=126
2026-09-10 11:50:56,019 [INFO] app.api.routes_infra: WA[22271c7e] <- status=200 | body={"success":true}
2026-09-10 11:50:56,019 [INFO] app.api.routes_infra: PickNotify sent to 9871366002 | ticket_id=1288
2026-09-10 11:51:06,069 [INFO] app.api.routes_infra: WA[01a74354] -> sendMessage | target=919871366002 | len=375
2026-09-10 11:51:06,509 [INFO] app.api.routes_infra: WA[01a74354] <- status=200 | body={"success":true}
2026-09-10 11:51:06,510 [INFO] app.api.routes_infra: ResolveNotify sent | ticket_id=1288 contact=9871366002
2026-09-10 11:51:16,986 [INFO] app.api.routes_infra: WA[c0aa39df] -> sendMessage | target=919871366002 | len=126
2026-09-10 11:51:17,496 [INFO] app.api.routes_infra: WA[c0aa39df] <- status=200 | body={"success":true}
2026-09-10 11:51:17,497 [INFO] app.api.routes_infra: PickNotify sent to 9871366002 | ticket_id=1285
2026-09-10 12:59:32,716 [INFO] app.api.routes_infra: WA[009a95a7] -> sendMessage | target=919871366002 | len=262
2026-09-10 12:59:33,055 [INFO] app.api.routes_infra: WA[009a95a7] <- status=200 | body={"success":true}
2026-09-10 12:59:33,055 [INFO] app.api.routes_infra: ResolveNotify sent | ticket_id=1285 contact=9871366002
2026-09-10 16:40:29,130 [INFO] app.api.routes_infra: InfraAlert trigger -> ticket_id=1290 created_by=ANKITA dept=Other category=Software
2026-09-10 16:40:29,134 [INFO] app.api.routes_infra: InfraAlert -> sending WA for ticket_id=1290 | msg_len=297
2026-09-10 16:40:29,137 [INFO] app.api.routes_infra: WA[a73af753] -> sendMessage | target=120363141953100908@g.us | len=297
2026-09-10 16:40:29,301 [INFO] app.api.routes_infra: WA[a73af753] <- status=200 | body={"success":true}
2026-09-10 16:40:29,302 [INFO] app.api.routes_infra: InfraAlert sent | status=200 | resp={"success":true}
2026-09-10 16:41:46,862 [INFO] app.api.routes_infra: InfraAlert trigger -> ticket_id=1291 created_by=ANKITA dept=Other category=Software
2026-09-10 16:41:46,863 [INFO] app.api.routes_infra: InfraAlert -> sending WA for ticket_id=1291 | msg_len=293
2026-09-10 16:41:46,863 [INFO] app.api.routes_infra: WA[de83308b] -> sendMessage | target=120363141953100908@g.us | len=293
2026-09-10 16:41:47,015 [INFO] app.api.routes_infra: WA[de83308b] <- status=200 | body={"success":true}
2026-09-10 16:41:47,015 [INFO] app.api.routes_infra: InfraAlert sent | status=200 | resp={"success":true}
2026-09-10 17:07:07,581 [INFO] app.api.routes_infra: WA[f1a31f9e] -> sendMessage | target=918700004157 | len=122
2026-09-10 17:07:07,868 [INFO] app.api.routes_infra: WA[f1a31f9e] <- status=200 | body={"success":true}
2026-09-10 17:07:07,868 [INFO] app.api.routes_infra: PickNotify sent to 8700004157 | ticket_id=1291
2026-09-10 17:07:11,045 [INFO] app.api.routes_infra: WA[5a72fb17] -> sendMessage | target=918700004157 | len=122
2026-09-10 17:07:11,480 [INFO] app.api.routes_infra: WA[5a72fb17] <- status=200 | body={"success":true}
2026-09-10 17:07:11,481 [INFO] app.api.routes_infra: PickNotify sent to 8700004157 | ticket_id=1290
2026-09-10 17:07:16,536 [INFO] app.api.routes_infra: WA[3639a938] -> sendMessage | target=918700004157 | len=300
2026-09-10 17:07:16,847 [INFO] app.api.routes_infra: WA[3639a938] <- status=200 | body={"success":true}
2026-09-10 17:07:16,848 [INFO] app.api.routes_infra: ResolveNotify sent | ticket_id=1291 contact=8700004157
2026-09-10 17:07:19,141 [INFO] app.api.routes_infra: WA[e3066d76] -> sendMessage | target=918700004157 | len=304
2026-09-10 17:07:19,505 [INFO] app.api.routes_infra: WA[e3066d76] <- status=200 | body={"success":true}
2026-09-10 17:07:19,505 [INFO] app.api.routes_infra: ResolveNotify sent | ticket_id=1290 contact=8700004157
2026-09-10 19:01:26,803 [INFO] app.api.routes_infra: InfraAlert trigger -> ticket_id=1292 created_by=Harshit dept=Technical category=Hardware
2026-09-10 19:01:26,805 [INFO] app.api.routes_infra: InfraAlert -> sending WA for ticket_id=1292 | msg_len=257
2026-09-10 19:01:26,805 [INFO] app.api.routes_infra: WA[17dc0c34] -> sendMessage | target=120363141953100908@g.us | len=257
2026-09-10 19:01:26,944 [INFO] app.api.routes_infra: WA[17dc0c34] <- status=200 | body={"success":true}
2026-09-10 19:01:26,944 [INFO] app.api.routes_infra: InfraAlert sent | status=200 | resp={"success":true}
2026-09-10 19:18:23,158 [INFO] app.api.routes_infra: WA[98cd4504] -> sendMessage | target=919310305734 | len=123
2026-09-10 19:18:23,616 [INFO] app.api.routes_infra: WA[98cd4504] <- status=200 | body={"success":true}
2026-09-10 19:18:23,617 [INFO] app.api.routes_infra: PickNotify sent to 9310305734 | ticket_id=1292
2026-09-10 19:18:28,356 [INFO] app.api.routes_infra: WA[892c0137] -> sendMessage | target=919310305734 | len=247
2026-09-10 19:18:28,716 [INFO] app.api.routes_infra: WA[892c0137] <- status=200 | body={"success":true}
2026-09-10 19:18:28,717 [INFO] app.api.routes_infra: ResolveNotify sent | ticket_id=1292 contact=9310305734
2026-09-12 09:22:28,084 [INFO] app.api.routes_infra: InfraAlert trigger -> ticket_id=1293 created_by=SONA dept=Customer Care category=Hardware
2026-09-12 09:22:28,087 [INFO] app.api.routes_infra: InfraAlert -> sending WA for ticket_id=1293 | msg_len=242
2026-09-12 09:22:28,087 [INFO] app.api.routes_infra: WA[cf3b4105] -> sendMessage | target=120363141953100908@g.us | len=242
2026-09-12 09:22:28,148 [INFO] app.api.routes_infra: WA[cf3b4105] <- status=200 | body={"success":true}
2026-09-12 09:22:28,149 [INFO] app.api.routes_infra: InfraAlert sent | status=200 | resp={"success":true}
2026-09-12 10:25:43,736 [INFO] app.api.routes_infra: WA[56022454] -> sendMessage | target=918076741165 | len=123
2026-09-12 10:25:44,150 [INFO] app.api.routes_infra: WA[56022454] <- status=200 | body={"success":true}
2026-09-12 10:25:44,150 [INFO] app.api.routes_infra: PickNotify sent to 8076741165 | ticket_id=1293
2026-09-12 10:45:25,633 [INFO] app.api.routes_infra: WA[30636623] -> sendMessage | target=918076741165 | len=231
2026-09-12 10:45:25,979 [INFO] app.api.routes_infra: WA[30636623] <- status=200 | body={"success":true}
2026-09-12 10:45:25,980 [INFO] app.api.routes_infra: ResolveNotify sent | ticket_id=1293 contact=8076741165
2026-09-12 12:23:29,729 [INFO] app.api.routes_infra: InfraAlert trigger -> ticket_id=1294 created_by=Sanjeet Kumar dept=Customer Care category=Software
2026-09-12 12:23:29,730 [INFO] app.api.routes_infra: InfraAlert -> sending WA for ticket_id=1294 | msg_len=264
2026-09-12 12:23:29,730 [INFO] app.api.routes_infra: WA[26c7f0a2] -> sendMessage | target=120363141953100908@g.us | len=264
2026-09-12 12:23:29,829 [INFO] app.api.routes_infra: WA[26c7f0a2] <- status=200 | body={"success":true}
2026-09-12 12:23:29,829 [INFO] app.api.routes_infra: InfraAlert sent | status=200 | resp={"success":true}
2026-09-12 16:23:47,433 [INFO] app.api.routes_infra: Infra auto hiccup generated | ticket_id=1294 hiccups=HCP-26-1883, HCP-26-1884, HCP-26-1885
2026-09-12 19:36:48,257 [INFO] app.api.routes_infra: WA[f7280c9a] -> sendMessage | target=917982256085 | len=122
2026-09-12 19:36:48,604 [INFO] app.api.routes_infra: WA[f7280c9a] <- status=200 | body={"success":true}
2026-09-12 19:36:48,604 [INFO] app.api.routes_infra: PickNotify sent to 7982256085 | ticket_id=1294
2026-09-12 19:36:50,689 [INFO] app.api.routes_infra: WA[4ff62c11] -> sendMessage | target=917982256085 | len=243
2026-09-12 19:36:51,035 [INFO] app.api.routes_infra: WA[4ff62c11] <- status=200 | body={"success":true}
2026-09-12 19:36:51,035 [INFO] app.api.routes_infra: ResolveNotify sent | ticket_id=1294 contact=7982256085
2026-09-13 13:24:17,776 [INFO] app.api.routes_infra: InfraAlert trigger -> ticket_id=1295 created_by=MD ARIF SAIFI dept=Admin category=Software
2026-09-13 13:24:17,777 [INFO] app.api.routes_infra: InfraAlert -> sending WA for ticket_id=1295 | msg_len=259
2026-09-13 13:24:17,778 [INFO] app.api.routes_infra: WA[fae8515f] -> sendMessage | target=120363141953100908@g.us | len=259
2026-09-13 13:24:18,078 [INFO] app.api.routes_infra: WA[fae8515f] <- status=200 | body={"success":true}
2026-09-13 13:24:18,078 [INFO] app.api.routes_infra: InfraAlert sent | status=200 | resp={"success":true}
2026-09-14 11:03:47,420 [INFO] app.api.routes_infra: Infra resolution SLA hiccup generated | ticket_id=1260 hiccup=HCP-26-1893
2026-09-14 11:03:47,436 [INFO] app.api.routes_infra: Infra resolution SLA hiccup generated | ticket_id=1261 hiccup=HCP-26-1894
2026-09-14 11:03:47,452 [INFO] app.api.routes_infra: Infra resolution SLA hiccup generated | ticket_id=1262 hiccup=HCP-26-1895
2026-09-14 12:12:18,221 [INFO] app.api.routes_infra: InfraAlert trigger -> ticket_id=1296 created_by=SONA dept=Customer Care category=Software
2026-09-14 12:12:18,222 [INFO] app.api.routes_infra: InfraAlert -> sending WA for ticket_id=1296 | msg_len=291
2026-09-14 12:12:18,224 [INFO] app.api.routes_infra: WA[73d34a10] -> sendMessage | target=120363141953100908@g.us | len=291
2026-09-14 12:12:18,284 [INFO] app.api.routes_infra: WA[73d34a10] <- status=200 | body={"success":true}
2026-09-14 12:12:18,284 [INFO] app.api.routes_infra: InfraAlert sent | status=200 | resp={"success":true}
2026-09-14 12:13:52,523 [INFO] app.api.routes_infra: WA[f94592e5] -> sendMessage | target=918586873925 | len=126
2026-09-14 12:13:52,953 [INFO] app.api.routes_infra: WA[f94592e5] <- status=200 | body={"success":true}
2026-09-14 12:13:52,954 [INFO] app.api.routes_infra: PickNotify sent to 8586873925 | ticket_id=1295
2026-09-14 12:27:21,902 [INFO] app.api.routes_infra: WA[6c0de80e] -> sendMessage | target=918076741165 | len=122
2026-09-14 12:27:22,485 [INFO] app.api.routes_infra: WA[6c0de80e] <- status=200 | body={"success":true}
2026-09-14 12:27:22,485 [INFO] app.api.routes_infra: PickNotify sent to 8076741165 | ticket_id=1296
2026-09-14 12:32:17,241 [INFO] app.api.routes_infra: WA[e9a74095] -> sendMessage | target=918076741165 | len=279
2026-09-14 12:32:22,960 [INFO] app.api.routes_infra: WA[8880fcd1] -> sendMessage | target=918076741165 | len=279
2026-09-14 12:32:23,103 [INFO] app.api.routes_infra: WA[e9a74095] <- status=200 | body={"success":true}
2026-09-14 12:32:23,103 [INFO] app.api.routes_infra: ResolveNotify sent | ticket_id=1296 contact=8076741165
2026-09-14 12:32:23,858 [INFO] app.api.routes_infra: WA[8880fcd1] <- status=200 | body={"success":true}
2026-09-14 12:32:23,859 [INFO] app.api.routes_infra: ResolveNotify sent | ticket_id=1296 contact=8076741165
2026-09-14 13:01:57,118 [INFO] app.api.routes_infra: InfraAlert trigger -> ticket_id=1297 created_by=SALEEM JAVED dept=Customer Care category=Hardware
2026-09-14 13:01:57,120 [INFO] app.api.routes_infra: InfraAlert -> sending WA for ticket_id=1297 | msg_len=276
2026-09-14 13:01:57,121 [INFO] app.api.routes_infra: WA[df289965] -> sendMessage | target=120363141953100908@g.us | len=276
2026-09-14 13:01:57,176 [INFO] app.api.routes_infra: WA[df289965] <- status=200 | body={"success":true}
2026-09-14 13:01:57,177 [INFO] app.api.routes_infra: InfraAlert sent | status=200 | resp={"success":true}
2026-09-14 13:12:52,504 [INFO] app.api.routes_infra: InfraAlert trigger -> ticket_id=1298 created_by=RITIKA dept=Technical category=Other
2026-09-14 13:12:52,505 [INFO] app.api.routes_infra: InfraAlert -> sending WA for ticket_id=1298 | msg_len=238
2026-09-14 13:12:52,505 [INFO] app.api.routes_infra: WA[7a9c1f20] -> sendMessage | target=120363141953100908@g.us | len=238
2026-09-14 13:12:54,485 [INFO] app.api.routes_infra: WA[7a9c1f20] <- status=200 | body={"success":true}
2026-09-14 13:12:54,485 [INFO] app.api.routes_infra: InfraAlert sent | status=200 | resp={"success":true}
2026-09-14 15:11:17,476 [INFO] app.api.routes_infra: WA[504aa4e5] -> sendMessage | target=919654441851 | len=123
2026-09-14 15:11:17,790 [INFO] app.api.routes_infra: WA[504aa4e5] <- status=200 | body={"success":true}
2026-09-14 15:11:17,790 [INFO] app.api.routes_infra: PickNotify sent to 9654441851 | ticket_id=1297
2026-09-14 15:11:25,675 [INFO] app.api.routes_infra: WA[297016ff] -> sendMessage | target=919654441851 | len=284
2026-09-14 15:11:26,156 [INFO] app.api.routes_infra: WA[297016ff] <- status=200 | body={"success":true}
2026-09-14 15:11:26,156 [INFO] app.api.routes_infra: ResolveNotify sent | ticket_id=1276 contact=9654441851
2026-09-14 17:21:45,346 [INFO] app.api.routes_infra: WA[ff6274c5] -> sendMessage | target=919654441851 | len=258
2026-09-14 17:21:45,850 [INFO] app.api.routes_infra: WA[ff6274c5] <- status=200 | body={"success":true}
2026-09-14 17:21:45,850 [INFO] app.api.routes_infra: ResolveNotify sent | ticket_id=1297 contact=9654441851
2026-09-14 17:27:52,092 [INFO] app.api.routes_infra: WA[05d69d1a] -> sendMessage | target=919289128660 | len=123
2026-09-14 17:27:52,783 [INFO] app.api.routes_infra: WA[05d69d1a] <- status=200 | body={"success":true}
2026-09-14 17:27:52,783 [INFO] app.api.routes_infra: PickNotify sent to 9289128660 | ticket_id=1298
2026-09-14 17:28:09,136 [INFO] app.api.routes_infra: WA[dcfb37c1] -> sendMessage | target=919289128660 | len=123
2026-09-14 17:28:09,520 [INFO] app.api.routes_infra: WA[dcfb37c1] <- status=200 | body={"success":true}
2026-09-14 17:28:09,520 [INFO] app.api.routes_infra: PickNotify sent to 9289128660 | ticket_id=1298
2026-09-15 10:53:32,960 [INFO] app.api.routes_infra: WA[a729a880] -> sendMessage | target=919818247844 | len=235
2026-09-15 10:53:33,401 [INFO] app.api.routes_infra: WA[a729a880] <- status=200 | body={"success":true}
2026-09-15 10:53:33,402 [INFO] app.api.routes_infra: ResolveNotify sent | ticket_id=1283 contact=9818247844
2026-09-15 10:53:37,937 [INFO] app.api.routes_infra: WA[1392ee60] -> sendMessage | target=919818247844 | len=235
2026-09-15 10:53:38,545 [INFO] app.api.routes_infra: WA[1392ee60] <- status=200 | body={"success":true}
2026-09-15 10:53:38,545 [INFO] app.api.routes_infra: ResolveNotify sent | ticket_id=1279 contact=9818247844
2026-09-15 10:53:41,609 [INFO] app.api.routes_infra: WA[034d1d75] -> sendMessage | target=919818247844 | len=256
2026-09-15 10:53:42,539 [INFO] app.api.routes_infra: WA[034d1d75] <- status=200 | body={"success":true}
2026-09-15 10:53:42,539 [INFO] app.api.routes_infra: ResolveNotify sent | ticket_id=1277 contact=9818247844
2026-09-15 11:07:16,900 [INFO] app.api.routes_infra: Infra resolution SLA hiccup generated | ticket_id=1295 hiccup=HCP-26-1904
2026-09-15 11:08:05,045 [INFO] app.api.routes_infra: WA[c84ba7e4] -> sendMessage | target=918586873925 | len=251
2026-09-15 11:08:05,350 [INFO] app.api.routes_infra: WA[c84ba7e4] <- status=200 | body={"success":true}
2026-09-15 11:08:05,350 [INFO] app.api.routes_infra: ResolveNotify sent | ticket_id=1295 contact=8586873925
2026-09-15 13:01:32,173 [INFO] app.api.routes_infra: InfraAlert trigger -> ticket_id=1299 created_by=Maria Dass dept=Customer Care category=Software
2026-09-15 13:01:32,174 [INFO] app.api.routes_infra: InfraAlert -> sending WA for ticket_id=1299 | msg_len=298
2026-09-15 13:01:32,174 [INFO] app.api.routes_infra: WA[4e5e3080] -> sendMessage | target=120363141953100908@g.us | len=298
2026-09-15 13:01:32,302 [INFO] app.api.routes_infra: WA[4e5e3080] <- status=200 | body={"success":true}
2026-09-15 13:01:32,302 [INFO] app.api.routes_infra: InfraAlert sent | status=200 | resp={"success":true}
2026-09-16 08:46:07,096 [INFO] app.api.routes_infra: InfraAlert trigger -> ticket_id=1300 created_by=SONA dept=Customer Care category=Hardware
2026-09-16 08:46:07,097 [INFO] app.api.routes_infra: InfraAlert -> sending WA for ticket_id=1300 | msg_len=226
2026-09-16 08:46:07,097 [INFO] app.api.routes_infra: WA[be221feb] -> sendMessage | target=120363141953100908@g.us | len=226
2026-09-16 08:46:17,111 [ERROR] app.api.routes_infra: WA[be221feb] send_whatsapp_to_number exception: HTTPConnectionPool(host='10.1.1.44', port=3004): Max retries exceeded with url: /api/messages/send (Caused by ConnectTimeoutError(<HTTPConnection(host='10.1.1.44', port=3004) at 0x7dfb9e5def50>, 'Connection to 10.1.1.44 timed out. (connect timeout=10)'))
Traceback (most recent call last):
  File "/usr/local/lib/python3.11/site-packages/urllib3/connection.py", line 204, in _new_conn
    sock = connection.create_connection(
           ^^^^^^^^^^^^^^^^^^^^^^^^^^^^^
  File "/usr/local/lib/python3.11/site-packages/urllib3/util/connection.py", line 85, in create_connection
    raise err
  File "/usr/local/lib/python3.11/site-packages/urllib3/util/connection.py", line 73, in create_connection
    sock.connect(sa)
TimeoutError: timed out

The above exception was the direct cause of the following exception:

Traceback (most recent call last):
  File "/usr/local/lib/python3.11/site-packages/urllib3/connectionpool.py", line 788, in urlopen
    response = self._make_request(
               ^^^^^^^^^^^^^^^^^^^
  File "/usr/local/lib/python3.11/site-packages/urllib3/connectionpool.py", line 493, in _make_request
    conn.request(
  File "/usr/local/lib/python3.11/site-packages/urllib3/connection.py", line 500, in request
    self.endheaders()
  File "/usr/local/lib/python3.11/http/client.py", line 1346, in endheaders
    self._send_output(message_body, encode_chunked=encode_chunked)
  File "/usr/local/lib/python3.11/http/client.py", line 1106, in _send_output
    self.send(msg)
  File "/usr/local/lib/python3.11/http/client.py", line 1044, in send
    self.connect()
  File "/usr/local/lib/python3.11/site-packages/urllib3/connection.py", line 331, in connect
    self.sock = self._new_conn()
                ^^^^^^^^^^^^^^^^
  File "/usr/local/lib/python3.11/site-packages/urllib3/connection.py", line 213, in _new_conn
    raise ConnectTimeoutError(
urllib3.exceptions.ConnectTimeoutError: (<HTTPConnection(host='10.1.1.44', port=3004) at 0x7dfb9e5def50>, 'Connection to 10.1.1.44 timed out. (connect timeout=10)')

The above exception was the direct cause of the following exception:

Traceback (most recent call last):
  File "/usr/local/lib/python3.11/site-packages/requests/adapters.py", line 696, in send
    resp = conn.urlopen(
           ^^^^^^^^^^^^^
  File "/usr/local/lib/python3.11/site-packages/urllib3/connectionpool.py", line 842, in urlopen
    retries = retries.increment(
              ^^^^^^^^^^^^^^^^^^
  File "/usr/local/lib/python3.11/site-packages/urllib3/util/retry.py", line 543, in increment
    raise MaxRetryError(_pool, url, reason) from reason  # type: ignore[arg-type]
    ^^^^^^^^^^^^^^^^^^^^^^^^^^^^^^^^^^^^^^^^^^^^^^^^^^^
urllib3.exceptions.MaxRetryError: HTTPConnectionPool(host='10.1.1.44', port=3004): Max retries exceeded with url: /api/messages/send (Caused by ConnectTimeoutError(<HTTPConnection(host='10.1.1.44', port=3004) at 0x7dfb9e5def50>, 'Connection to 10.1.1.44 timed out. (connect timeout=10)'))

During handling of the above exception, another exception occurred:

Traceback (most recent call last):
  File "/app/app/api/routes_infra.py", line 151, in send_whatsapp_to_number
    r = requests.post(
        ^^^^^^^^^^^^^^
  File "/usr/local/lib/python3.11/site-packages/requests/api.py", line 134, in post
    return request("post", url, data=data, json=json, **kwargs)
           ^^^^^^^^^^^^^^^^^^^^^^^^^^^^^^^^^^^^^^^^^^^^^^^^^^^^
  File "/usr/local/lib/python3.11/site-packages/requests/api.py", line 71, in request
    return session.request(method=method, url=url, **kwargs)
           ^^^^^^^^^^^^^^^^^^^^^^^^^^^^^^^^^^^^^^^^^^^^^^^^^
  File "/usr/local/lib/python3.11/site-packages/requests/sessions.py", line 651, in request
    resp = self.send(prep, **send_kwargs)
           ^^^^^^^^^^^^^^^^^^^^^^^^^^^^^^
  File "/usr/local/lib/python3.11/site-packages/requests/sessions.py", line 784, in send
    r = adapter.send(request, **kwargs)
        ^^^^^^^^^^^^^^^^^^^^^^^^^^^^^^^
  File "/usr/local/lib/python3.11/site-packages/requests/adapters.py", line 717, in send
    raise ConnectTimeout(e, request=request)
requests.exceptions.ConnectTimeout: HTTPConnectionPool(host='10.1.1.44', port=3004): Max retries exceeded with url: /api/messages/send (Caused by ConnectTimeoutError(<HTTPConnection(host='10.1.1.44', port=3004) at 0x7dfb9e5def50>, 'Connection to 10.1.1.44 timed out. (connect timeout=10)'))
2026-09-16 08:46:17,125 [ERROR] app.api.routes_infra: InfraAlert failed | status=500 | resp=HTTPConnectionPool(host='10.1.1.44', port=3004): Max retries exceeded with url: /api/messages/send (Caused by ConnectTimeoutError(<HTTPConnection(host='10.1.1.44', port=3004) at 0x7dfb9e5def50>, 'Connection to 10.1.1.44 timed out. (connect timeout=10)'))
2026-09-16 10:54:33,243 [INFO] app.api.routes_infra: WA[92f77304] -> sendMessage | target=918076741165 | len=123
2026-09-16 10:54:34,055 [INFO] app.api.routes_infra: WA[92f77304] <- status=200 | body={"success":true}
2026-09-16 10:54:34,055 [INFO] app.api.routes_infra: PickNotify sent to 8076741165 | ticket_id=1300
2026-09-16 11:07:16,917 [INFO] app.api.routes_infra: Infra auto hiccup generated | ticket_id=1299 hiccups=HCP-26-1912, HCP-26-1913, HCP-26-1914
2026-09-16 12:22:57,133 [INFO] app.api.routes_infra: InfraAlert trigger -> ticket_id=1301 created_by=Ritu Mahalwal dept=Technical category=Software
2026-09-16 12:22:57,134 [INFO] app.api.routes_infra: InfraAlert -> sending WA for ticket_id=1301 | msg_len=247
2026-09-16 12:22:57,135 [INFO] app.api.routes_infra: WA[b5683246] -> sendMessage | target=120363141953100908@g.us | len=247
2026-09-16 12:22:57,231 [INFO] app.api.routes_infra: WA[b5683246] <- status=200 | body={"success":true}
2026-09-16 12:22:57,231 [INFO] app.api.routes_infra: InfraAlert sent | status=200 | resp={"success":true}
2026-09-16 12:25:34,346 [INFO] app.api.routes_infra: WA[4a5be9ee] -> sendMessage | target=919654876714 | len=122
2026-09-16 12:25:35,087 [INFO] app.api.routes_infra: WA[4a5be9ee] <- status=200 | body={"success":true}
2026-09-16 12:25:35,087 [INFO] app.api.routes_infra: PickNotify sent to 9654876714 | ticket_id=1299
2026-09-16 12:37:16,901 [INFO] app.api.routes_infra: Infra resolution SLA hiccup generated | ticket_id=1299 hiccup=HCP-26-1915
2026-09-16 12:47:06,315 [INFO] app.api.routes_infra: WA[3cb211d0] -> sendMessage | target=919654876714 | len=281
2026-09-16 12:47:07,259 [INFO] app.api.routes_infra: WA[3cb211d0] <- status=200 | body={"success":true}
2026-09-16 12:47:07,259 [INFO] app.api.routes_infra: ResolveNotify sent | ticket_id=1299 contact=9654876714
2026-09-16 12:56:52,815 [INFO] app.api.routes_infra: WA[03db7377] -> sendMessage | target=919871366002 | len=122
2026-09-16 12:56:53,419 [INFO] app.api.routes_infra: WA[03db7377] <- status=200 | body={"success":true}
2026-09-16 12:56:53,420 [INFO] app.api.routes_infra: PickNotify sent to 9871366002 | ticket_id=1301
2026-09-16 12:57:07,263 [INFO] app.api.routes_infra: WA[5ac35180] -> sendMessage | target=919821957370 | len=383
2026-09-16 12:57:07,675 [INFO] app.api.routes_infra: WA[5ac35180] <- status=200 | body={"success":true}
2026-09-16 12:57:07,676 [INFO] app.api.routes_infra: ResolveNotify sent | ticket_id=1284 contact=9821957370
2026-09-16 13:56:27,672 [INFO] app.api.routes_infra: InfraAlert trigger -> ticket_id=1302 created_by=SALEEM JAVED dept=Customer Care category=Software
2026-09-16 13:56:27,674 [INFO] app.api.routes_infra: InfraAlert -> sending WA for ticket_id=1302 | msg_len=265
2026-09-16 13:56:27,674 [INFO] app.api.routes_infra: WA[8c1c11d5] -> sendMessage | target=120363141953100908@g.us | len=265
2026-09-16 13:56:27,728 [INFO] app.api.routes_infra: WA[8c1c11d5] <- status=200 | body={"success":true}
2026-09-16 13:56:27,729 [INFO] app.api.routes_infra: InfraAlert sent | status=200 | resp={"success":true}
2026-09-16 14:16:34,760 [INFO] app.api.routes_infra: InfraAlert trigger -> ticket_id=1303 created_by=SALEEM JAVED dept=Customer Care category=Software
2026-09-16 14:16:34,761 [INFO] app.api.routes_infra: InfraAlert -> sending WA for ticket_id=1303 | msg_len=285
2026-09-16 14:16:34,762 [INFO] app.api.routes_infra: WA[07162af5] -> sendMessage | target=120363141953100908@g.us | len=285
2026-09-16 14:16:34,812 [INFO] app.api.routes_infra: WA[07162af5] <- status=200 | body={"success":true}
2026-09-16 14:16:34,813 [INFO] app.api.routes_infra: InfraAlert sent | status=200 | resp={"success":true}
2026-09-16 15:16:54,157 [INFO] app.api.routes_infra: InfraAlert trigger -> ticket_id=1304 created_by=Shahana Parveen dept=Marketing category=Software
2026-09-16 15:16:54,158 [INFO] app.api.routes_infra: InfraAlert -> sending WA for ticket_id=1304 | msg_len=261
2026-09-16 15:16:54,158 [INFO] app.api.routes_infra: WA[632871c0] -> sendMessage | target=120363141953100908@g.us | len=261
2026-09-16 15:16:54,287 [INFO] app.api.routes_infra: WA[632871c0] <- status=200 | body={"success":true}
2026-09-16 15:16:54,287 [INFO] app.api.routes_infra: InfraAlert sent | status=200 | resp={"success":true}
2026-09-16 16:06:48,461 [INFO] app.api.routes_infra: InfraAlert trigger -> ticket_id=1305 created_by=Harshit dept=Technical category=Hardware
2026-09-16 16:06:48,463 [INFO] app.api.routes_infra: InfraAlert -> sending WA for ticket_id=1305 | msg_len=265
2026-09-16 16:06:48,464 [INFO] app.api.routes_infra: WA[bd09f163] -> sendMessage | target=120363141953100908@g.us | len=265
2026-09-16 16:06:48,513 [INFO] app.api.routes_infra: WA[bd09f163] <- status=200 | body={"success":true}
2026-09-16 16:06:48,514 [INFO] app.api.routes_infra: InfraAlert sent | status=200 | resp={"success":true}
2026-09-16 16:17:32,350 [INFO] app.api.routes_infra: InfraAlert trigger -> ticket_id=1306 created_by=Ashish Kumar dept=Technical category=Hardware
2026-09-16 16:17:32,351 [INFO] app.api.routes_infra: InfraAlert -> sending WA for ticket_id=1306 | msg_len=239
2026-09-16 16:17:32,352 [INFO] app.api.routes_infra: WA[953951a3] -> sendMessage | target=120363141953100908@g.us | len=239
2026-09-16 16:17:32,406 [INFO] app.api.routes_infra: WA[953951a3] <- status=200 | body={"success":true}
2026-09-16 16:17:32,407 [INFO] app.api.routes_infra: InfraAlert sent | status=200 | resp={"success":true}
2026-09-16 16:17:59,632 [INFO] app.api.routes_infra: WA[a0079a7b] -> sendMessage | target=919336224942 | len=123
2026-09-16 16:18:00,002 [INFO] app.api.routes_infra: WA[a0079a7b] <- status=200 | body={"success":true}
2026-09-16 16:18:00,003 [INFO] app.api.routes_infra: PickNotify sent to 9336224942 | ticket_id=1306
2026-09-16 16:18:09,173 [INFO] app.api.routes_infra: WA[6610ec44] -> sendMessage | target=919310305734 | len=123
2026-09-16 16:18:09,489 [INFO] app.api.routes_infra: WA[6610ec44] <- status=200 | body={"success":true}
2026-09-16 16:18:09,489 [INFO] app.api.routes_infra: PickNotify sent to 9310305734 | ticket_id=1305
2026-09-16 16:18:36,306 [INFO] app.api.routes_infra: WA[9a24fbf5] -> sendMessage | target=919289128660 | len=229
2026-09-16 16:18:36,679 [INFO] app.api.routes_infra: WA[9a24fbf5] <- status=200 | body={"success":true}
2026-09-16 16:18:36,679 [INFO] app.api.routes_infra: ResolveNotify sent | ticket_id=1298 contact=9289128660
2026-09-16 16:40:52,588 [INFO] app.api.routes_infra: WA[8b0e3fc5] -> sendMessage | target=918448546358 | len=122
2026-09-16 16:40:52,977 [INFO] app.api.routes_infra: WA[8b0e3fc5] <- status=200 | body={"success":true}
2026-09-16 16:40:52,977 [INFO] app.api.routes_infra: PickNotify sent to 8448546358 | ticket_id=1304
2026-09-16 16:45:46,004 [INFO] app.api.routes_infra: WA[343ccbfb] -> sendMessage | target=919654441851 | len=122
2026-09-16 16:45:47,786 [INFO] app.api.routes_infra: WA[343ccbfb] <- status=200 | body={"success":true}
2026-09-16 16:45:47,787 [INFO] app.api.routes_infra: PickNotify sent to 9654441851 | ticket_id=1303
2026-09-16 16:46:07,966 [INFO] app.api.routes_infra: WA[45ad7e82] -> sendMessage | target=919654441851 | len=122
2026-09-16 16:46:08,576 [INFO] app.api.routes_infra: WA[45ad7e82] <- status=200 | body={"success":true}
2026-09-16 16:46:08,576 [INFO] app.api.routes_infra: PickNotify sent to 9654441851 | ticket_id=1302
2026-09-16 18:49:32,610 [INFO] app.api.routes_infra: InfraAlert trigger -> ticket_id=1307 created_by=Sanjeet Kumar dept=Customer Care category=Software
2026-09-16 18:49:32,612 [INFO] app.api.routes_infra: InfraAlert -> sending WA for ticket_id=1307 | msg_len=271
2026-09-16 18:49:32,612 [INFO] app.api.routes_infra: WA[099b646b] -> sendMessage | target=120363141953100908@g.us | len=271
2026-09-16 18:49:32,904 [INFO] app.api.routes_infra: WA[099b646b] <- status=200 | body={"success":true}
2026-09-16 18:49:32,905 [INFO] app.api.routes_infra: InfraAlert sent | status=200 | resp={"success":true}
2026-09-16 19:00:21,138 [INFO] app.api.routes_infra: WA[b4c672d2] -> sendMessage | target=917982256085 | len=126
2026-09-16 19:00:21,594 [INFO] app.api.routes_infra: WA[b4c672d2] <- status=200 | body={"success":true}
2026-09-16 19:00:21,595 [INFO] app.api.routes_infra: PickNotify sent to 7982256085 | ticket_id=1307
2026-09-16 19:00:24,656 [INFO] app.api.routes_infra: WA[807aafcf] -> sendMessage | target=917982256085 | len=254
2026-09-16 19:00:25,147 [INFO] app.api.routes_infra: WA[807aafcf] <- status=200 | body={"success":true}
2026-09-16 19:00:25,148 [INFO] app.api.routes_infra: ResolveNotify sent | ticket_id=1307 contact=7982256085
2026-09-17 08:09:29,064 [INFO] app.api.routes_infra: InfraAlert trigger -> ticket_id=1308 created_by=Prerna Sharma dept=Customer Care category=Other
2026-09-17 08:09:29,065 [INFO] app.api.routes_infra: InfraAlert -> sending WA for ticket_id=1308 | msg_len=284
2026-09-17 08:09:29,066 [INFO] app.api.routes_infra: WA[0a5a2857] -> sendMessage | target=120363141953100908@g.us | len=284
2026-09-17 08:09:29,124 [INFO] app.api.routes_infra: WA[0a5a2857] <- status=200 | body={"success":true}
2026-09-17 08:09:29,124 [INFO] app.api.routes_infra: InfraAlert sent | status=200 | resp={"success":true}
2026-09-17 08:48:01,952 [INFO] app.api.routes_infra: InfraAlert trigger -> ticket_id=1309 created_by=Maria Dass dept=Customer Care category=Software
2026-09-17 08:48:01,953 [INFO] app.api.routes_infra: InfraAlert -> sending WA for ticket_id=1309 | msg_len=295
2026-09-17 08:48:01,954 [INFO] app.api.routes_infra: WA[c646d090] -> sendMessage | target=120363141953100908@g.us | len=295
2026-09-17 08:48:02,005 [INFO] app.api.routes_infra: WA[c646d090] <- status=200 | body={"success":true}
2026-09-17 08:48:02,006 [INFO] app.api.routes_infra: InfraAlert sent | status=200 | resp={"success":true}
2026-09-17 11:26:31,181 [INFO] app.api.routes_infra: InfraAlert trigger -> ticket_id=1310 created_by=Prerna Sharma dept=Customer Care category=Software
2026-09-17 11:26:31,182 [INFO] app.api.routes_infra: InfraAlert -> sending WA for ticket_id=1310 | msg_len=315
2026-09-17 11:26:31,182 [INFO] app.api.routes_infra: WA[a1106ac1] -> sendMessage | target=120363141953100908@g.us | len=315
2026-09-17 11:26:31,241 [INFO] app.api.routes_infra: WA[a1106ac1] <- status=200 | body={"success":true}
2026-09-17 11:26:31,241 [INFO] app.api.routes_infra: InfraAlert sent | status=200 | resp={"success":true}
2026-09-17 11:28:24,230 [INFO] app.api.routes_infra: WA[3ff2ef66] -> sendMessage | target=919654876714 | len=117
2026-09-17 11:28:24,597 [INFO] app.api.routes_infra: WA[3ff2ef66] <- status=200 | body={"success":true}
2026-09-17 11:28:24,598 [INFO] app.api.routes_infra: PickNotify sent to 9654876714 | ticket_id=1309
2026-09-17 11:28:33,120 [INFO] app.api.routes_infra: WA[57fd4101] -> sendMessage | target=919654876714 | len=273
2026-09-17 11:28:33,463 [INFO] app.api.routes_infra: WA[57fd4101] <- status=200 | body={"success":true}
2026-09-17 11:28:33,463 [INFO] app.api.routes_infra: ResolveNotify sent | ticket_id=1309 contact=9654876714
2026-09-17 11:55:57,829 [INFO] app.api.routes_infra: WA[852197e6] -> sendMessage | target=919336224942 | len=237
2026-09-17 11:55:58,204 [INFO] app.api.routes_infra: WA[852197e6] <- status=200 | body={"success":true}
2026-09-17 11:55:58,204 [INFO] app.api.routes_infra: ResolveNotify sent | ticket_id=1306 contact=9336224942
2026-09-17 13:04:34,419 [INFO] app.api.routes_infra: WA[0a40f76d] -> sendMessage | target=919654441851 | len=266
2026-09-17 13:04:34,837 [INFO] app.api.routes_infra: WA[0a40f76d] <- status=200 | body={"success":true}
2026-09-17 13:04:34,837 [INFO] app.api.routes_infra: ResolveNotify sent | ticket_id=1303 contact=9654441851
2026-09-17 13:10:27,929 [INFO] app.api.routes_infra: WA[94c109d7] -> sendMessage | target=919910773271 | len=126
2026-09-17 13:10:28,501 [INFO] app.api.routes_infra: WA[94c109d7] <- status=200 | body={"success":true}
2026-09-17 13:10:28,504 [INFO] app.api.routes_infra: PickNotify sent to 9910773271 | ticket_id=1310
2026-09-17 13:10:28,513 [INFO] app.api.routes_infra: InfraAlert trigger -> ticket_id=1311 created_by=SONA dept=Customer Care category=Hardware
2026-09-17 13:10:28,514 [INFO] app.api.routes_infra: InfraAlert -> sending WA for ticket_id=1311 | msg_len=292
2026-09-17 13:10:28,515 [INFO] app.api.routes_infra: WA[a463b653] -> sendMessage | target=120363141953100908@g.us | len=292
2026-09-17 13:10:28,897 [INFO] app.api.routes_infra: WA[a463b653] <- status=200 | body={"success":true}
2026-09-17 13:10:28,897 [INFO] app.api.routes_infra: InfraAlert sent | status=200 | resp={"success":true}
2026-09-17 13:47:32,984 [INFO] app.api.routes_infra: WA[dd6ff0f2] -> sendMessage | target=918076741165 | len=123
2026-09-17 13:47:33,321 [INFO] app.api.routes_infra: WA[dd6ff0f2] <- status=200 | body={"success":true}
2026-09-17 13:47:33,321 [INFO] app.api.routes_infra: PickNotify sent to 8076741165 | ticket_id=1311
2026-09-17 13:57:30,701 [INFO] app.api.routes_infra: WA[072c449f] -> sendMessage | target=918448546358 | len=122
2026-09-17 13:57:31,175 [INFO] app.api.routes_infra: WA[072c449f] <- status=200 | body={"success":true}
2026-09-17 13:57:31,175 [INFO] app.api.routes_infra: PickNotify sent to 8448546358 | ticket_id=1304
2026-09-17 14:18:19,224 [INFO] app.api.routes_infra: WA[f2ecaa10] -> sendMessage | target=918076741165 | len=281
2026-09-17 14:18:19,922 [INFO] app.api.routes_infra: WA[f2ecaa10] <- status=200 | body={"success":true}
2026-09-17 14:18:19,923 [INFO] app.api.routes_infra: ResolveNotify sent | ticket_id=1311 contact=8076741165
2026-09-17 15:07:16,880 [WARNING] app.api.routes_infra: Infra auto hiccup skipped: no mapped owners found for ticket_id=1308 category=Other subcategory=Other
2026-09-17 16:04:10,631 [INFO] app.api.routes_infra: WA[2bb8bed8] -> sendMessage | target=918076741165 | len=228
2026-09-17 16:04:11,041 [INFO] app.api.routes_infra: WA[2bb8bed8] <- status=200 | body={"success":true}
2026-09-17 16:04:11,041 [INFO] app.api.routes_infra: ResolveNotify sent | ticket_id=1300 contact=8076741165
2026-09-17 16:27:15,513 [INFO] app.api.routes_infra: InfraAlert trigger -> ticket_id=1312 created_by=Gunjan mehta dept=Marketing category=Software
2026-09-17 16:27:15,514 [INFO] app.api.routes_infra: InfraAlert -> sending WA for ticket_id=1312 | msg_len=410
2026-09-17 16:27:15,514 [INFO] app.api.routes_infra: WA[2d41aa59] -> sendMessage | target=120363141953100908@g.us | len=410
2026-09-17 16:27:17,945 [INFO] app.api.routes_infra: WA[2d41aa59] <- status=200 | body={"success":true}
2026-09-17 16:27:17,946 [INFO] app.api.routes_infra: InfraAlert sent | status=200 | resp={"success":true}
2026-09-17 16:35:38,680 [INFO] app.api.routes_infra: InfraAlert trigger -> ticket_id=1313 created_by=Shahana Parveen dept=Marketing category=Software
2026-09-17 16:35:38,681 [INFO] app.api.routes_infra: InfraAlert -> sending WA for ticket_id=1313 | msg_len=311
2026-09-17 16:35:38,682 [INFO] app.api.routes_infra: WA[a8a0ebfe] -> sendMessage | target=120363141953100908@g.us | len=311
2026-09-17 16:35:40,089 [INFO] app.api.routes_infra: WA[a8a0ebfe] <- status=200 | body={"success":true}
2026-09-17 16:35:40,089 [INFO] app.api.routes_infra: InfraAlert sent | status=200 | resp={"success":true}
2026-09-17 16:51:14,477 [INFO] app.api.routes_infra: WA[4728df44] -> sendMessage | target=919871366002 | len=230
2026-09-17 16:51:22,189 [INFO] app.api.routes_infra: WA[4728df44] <- status=200 | body={"success":true}
2026-09-17 16:51:22,190 [INFO] app.api.routes_infra: ResolveNotify sent | ticket_id=1301 contact=9871366002
2026-09-18 08:47:19,327 [INFO] app.api.routes_infra: InfraReminder -> processing 1 pending tickets
2026-09-18 08:47:19,328 [INFO] app.api.routes_infra: WA[26c8024f] -> sendMessage | target=120363141953100908@g.us | len=286
2026-09-18 08:47:19,480 [INFO] app.api.routes_infra: WA[26c8024f] <- status=200 | body={"success":true}
2026-09-18 08:47:19,481 [INFO] app.api.routes_infra: InfraReminder sent | ticket_id=1308 status=200
2026-09-18 11:07:16,906 [INFO] app.api.routes_infra: Infra resolution SLA hiccup generated | ticket_id=1310 hiccup=HCP-26-1947
2026-09-18 11:09:18,225 [INFO] app.api.routes_infra: WA[2fe53bdd] -> sendMessage | target=918448546358 | len=126
2026-09-18 11:09:18,596 [INFO] app.api.routes_infra: WA[2fe53bdd] <- status=200 | body={"success":true}
2026-09-18 11:09:18,597 [INFO] app.api.routes_infra: PickNotify sent to 8448546358 | ticket_id=1313
2026-09-18 11:09:26,749 [INFO] app.api.routes_infra: WA[0e288680] -> sendMessage | target=919810312510 | len=126
2026-09-18 11:09:27,057 [INFO] app.api.routes_infra: WA[0e288680] <- status=200 | body={"success":true}
2026-09-18 11:09:27,057 [INFO] app.api.routes_infra: PickNotify sent to 9810312510 | ticket_id=1312
2026-09-18 11:09:39,041 [INFO] app.api.routes_infra: WA[eb16c4b5] -> sendMessage | target=919910773271 | len=298
2026-09-18 11:09:39,339 [INFO] app.api.routes_infra: WA[eb16c4b5] <- status=200 | body={"success":true}
2026-09-18 11:09:39,339 [INFO] app.api.routes_infra: ResolveNotify sent | ticket_id=1310 contact=9910773271
2026-09-18 17:03:00,128 [INFO] app.api.routes_infra: WA[be94868b] -> sendMessage | target=919310305734 | len=123
2026-09-18 17:03:00,431 [INFO] app.api.routes_infra: WA[be94868b] <- status=200 | body={"success":true}
2026-09-18 17:03:00,432 [INFO] app.api.routes_infra: PickNotify sent to 9310305734 | ticket_id=1305
2026-09-18 17:03:15,751 [INFO] app.api.routes_infra: WA[24408b81] -> sendMessage | target=919310305734 | len=255
2026-09-18 17:03:16,038 [INFO] app.api.routes_infra: WA[24408b81] <- status=200 | body={"success":true}
2026-09-18 17:03:16,038 [INFO] app.api.routes_infra: ResolveNotify sent | ticket_id=1305 contact=9310305734
2026-09-18 18:21:30,613 [INFO] app.api.routes_infra: InfraAlert trigger -> ticket_id=1314 created_by=Chandan Jha dept=Technical category=Hardware
2026-09-18 18:21:30,614 [INFO] app.api.routes_infra: InfraAlert -> sending WA for ticket_id=1314 | msg_len=230
2026-09-18 18:21:30,615 [INFO] app.api.routes_infra: WA[fc3ce8ba] -> sendMessage | target=120363141953100908@g.us | len=230
2026-09-18 18:21:30,746 [INFO] app.api.routes_infra: WA[fc3ce8ba] <- status=200 | body={"success":true}
2026-09-18 18:21:30,746 [INFO] app.api.routes_infra: InfraAlert sent | status=200 | resp={"success":true}
2026-09-18 18:22:30,535 [INFO] app.api.routes_infra: WA[6b832d24] -> sendMessage | target=919910773271 | len=122
2026-09-18 18:22:30,893 [INFO] app.api.routes_infra: WA[6b832d24] <- status=200 | body={"success":true}
2026-09-18 18:22:30,894 [INFO] app.api.routes_infra: PickNotify sent to 9910773271 | ticket_id=1308
2026-09-18 18:22:32,332 [INFO] app.api.routes_infra: WA[91bdf2f3] -> sendMessage | target=919958593916 | len=123
2026-09-18 18:22:32,742 [INFO] app.api.routes_infra: WA[91bdf2f3] <- status=200 | body={"success":true}
2026-09-18 18:22:32,743 [INFO] app.api.routes_infra: PickNotify sent to 9958593916 | ticket_id=1314
2026-09-18 18:22:39,671 [INFO] app.api.routes_infra: WA[e7f84977] -> sendMessage | target=919910773271 | len=263
2026-09-18 18:22:40,199 [INFO] app.api.routes_infra: WA[e7f84977] <- status=200 | body={"success":true}
2026-09-18 18:22:40,200 [INFO] app.api.routes_infra: ResolveNotify sent | ticket_id=1308 contact=9910773271
2026-09-18 18:22:45,140 [INFO] app.api.routes_infra: WA[d74159a2] -> sendMessage | target=919958593916 | len=229
2026-09-18 18:22:45,700 [INFO] app.api.routes_infra: WA[d74159a2] <- status=200 | body={"success":true}
2026-09-18 18:22:45,701 [INFO] app.api.routes_infra: ResolveNotify sent | ticket_id=1314 contact=9958593916
2026-09-18 18:22:50,071 [INFO] app.api.routes_infra: WA[1471eb00] -> sendMessage | target=919654441851 | len=246
2026-09-18 18:22:50,423 [INFO] app.api.routes_infra: WA[1471eb00] <- status=200 | body={"success":true}
2026-09-18 18:22:50,424 [INFO] app.api.routes_infra: ResolveNotify sent | ticket_id=1302 contact=9654441851
2026-09-19 09:33:29,759 [INFO] app.api.routes_infra: InfraAlert trigger -> ticket_id=1315 created_by=Prerna Sharma dept=Customer Care category=Other
2026-09-19 09:33:29,760 [INFO] app.api.routes_infra: InfraAlert -> sending WA for ticket_id=1315 | msg_len=389
2026-09-19 09:33:29,760 [INFO] app.api.routes_infra: WA[fe6db380] -> sendMessage | target=120363141953100908@g.us | len=389
2026-09-19 09:33:29,809 [INFO] app.api.routes_infra: WA[fe6db380] <- status=200 | body={"success":true}
2026-09-19 09:33:29,809 [INFO] app.api.routes_infra: InfraAlert sent | status=200 | resp={"success":true}
2026-09-19 09:34:26,114 [INFO] app.api.routes_infra: InfraAlert trigger -> ticket_id=1316 created_by=Ritu Mahalwal dept=Customer Care category=Software
2026-09-19 09:34:26,114 [INFO] app.api.routes_infra: InfraAlert -> sending WA for ticket_id=1316 | msg_len=262
2026-09-19 09:34:26,115 [INFO] app.api.routes_infra: WA[e639fceb] -> sendMessage | target=120363141953100908@g.us | len=262
2026-09-19 09:34:26,170 [INFO] app.api.routes_infra: WA[e639fceb] <- status=200 | body={"success":true}
2026-09-19 09:34:26,171 [INFO] app.api.routes_infra: InfraAlert sent | status=200 | resp={"success":true}
2026-09-19 09:54:51,764 [INFO] app.api.routes_infra: Infra resolution SLA hiccup generated | ticket_id=1313 hiccup=HCP-26-1957
2026-09-19 09:54:51,779 [INFO] app.api.routes_infra: WA[73554a0f] -> sendMessage | target=918448546358 | len=309
2026-09-19 09:54:52,185 [INFO] app.api.routes_infra: WA[73554a0f] <- status=200 | body={"success":true}
2026-09-19 09:54:52,186 [INFO] app.api.routes_infra: ResolveNotify sent | ticket_id=1313 contact=8448546358
2026-09-19 09:54:59,072 [INFO] app.api.routes_infra: Infra resolution SLA hiccup generated | ticket_id=1312 hiccup=HCP-26-1958
2026-09-19 09:54:59,087 [INFO] app.api.routes_infra: WA[124a71f1] -> sendMessage | target=919810312510 | len=411
2026-09-19 09:55:00,117 [INFO] app.api.routes_infra: WA[124a71f1] <- status=200 | body={"success":true}
2026-09-19 09:55:00,117 [INFO] app.api.routes_infra: ResolveNotify sent | ticket_id=1312 contact=9810312510
2026-09-19 11:41:33,484 [INFO] app.api.routes_infra: InfraAlert trigger -> ticket_id=1317 created_by=Nazia dept=Technical category=Hardware
2026-09-19 11:41:33,484 [INFO] app.api.routes_infra: InfraAlert -> sending WA for ticket_id=1317 | msg_len=231
2026-09-19 11:41:33,485 [INFO] app.api.routes_infra: WA[f1efdfb2] -> sendMessage | target=120363141953100908@g.us | len=231
2026-09-19 11:41:33,538 [INFO] app.api.routes_infra: WA[f1efdfb2] <- status=200 | body={"success":true}
2026-09-19 11:41:33,539 [INFO] app.api.routes_infra: InfraAlert sent | status=200 | resp={"success":true}
2026-09-19 12:06:28,535 [INFO] app.api.routes_infra: WA[c4f4159d] -> sendMessage | target=919711237334 | len=123
2026-09-19 12:06:29,295 [INFO] app.api.routes_infra: WA[c4f4159d] <- status=200 | body={"success":true}
2026-09-19 12:06:29,296 [INFO] app.api.routes_infra: PickNotify sent to 9711237334 | ticket_id=1317
2026-09-19 12:06:31,425 [INFO] app.api.routes_infra: WA[d04a7e86] -> sendMessage | target=919711237334 | len=223
2026-09-19 12:06:31,759 [INFO] app.api.routes_infra: WA[d04a7e86] <- status=200 | body={"success":true}
2026-09-19 12:06:31,759 [INFO] app.api.routes_infra: ResolveNotify sent | ticket_id=1317 contact=9711237334
2026-09-19 12:31:15,203 [INFO] app.api.routes_infra: InfraAlert trigger -> ticket_id=1318 created_by=Harshit dept=Technical category=Hardware
2026-09-19 12:31:15,203 [INFO] app.api.routes_infra: InfraAlert -> sending WA for ticket_id=1318 | msg_len=249
2026-09-19 12:31:15,205 [INFO] app.api.routes_infra: WA[2cd64f76] -> sendMessage | target=120363141953100908@g.us | len=249
2026-09-19 12:31:19,152 [INFO] app.api.routes_infra: WA[2cd64f76] <- status=200 | body={"success":true}
2026-09-19 12:31:19,152 [INFO] app.api.routes_infra: InfraAlert sent | status=200 | resp={"success":true}
2026-09-19 12:34:55,300 [INFO] app.api.routes_infra: WA[06a6e86c] -> sendMessage | target=919910773271 | len=126
2026-09-19 12:34:55,831 [INFO] app.api.routes_infra: WA[06a6e86c] <- status=200 | body={"success":true}
2026-09-19 12:34:55,831 [INFO] app.api.routes_infra: PickNotify sent to 9910773271 | ticket_id=1315
2026-09-19 12:36:32,685 [INFO] app.api.routes_infra: WA[bf9df57b] -> sendMessage | target=919871366002 | len=122
2026-09-19 12:36:33,158 [INFO] app.api.routes_infra: WA[bf9df57b] <- status=200 | body={"success":true}
2026-09-19 12:36:33,158 [INFO] app.api.routes_infra: PickNotify sent to 9871366002 | ticket_id=1316
2026-09-19 12:36:38,754 [INFO] app.api.routes_infra: WA[434560a4] -> sendMessage | target=919871366002 | len=241
2026-09-19 12:36:39,171 [INFO] app.api.routes_infra: WA[434560a4] <- status=200 | body={"success":true}
2026-09-19 12:36:39,171 [INFO] app.api.routes_infra: ResolveNotify sent | ticket_id=1316 contact=9871366002
2026-09-19 12:40:36,813 [INFO] app.api.routes_infra: WA[0901f99e] -> sendMessage | target=919310305734 | len=123
2026-09-19 12:40:37,133 [INFO] app.api.routes_infra: WA[0901f99e] <- status=200 | body={"success":true}
2026-09-19 12:40:37,133 [INFO] app.api.routes_infra: PickNotify sent to 9310305734 | ticket_id=1318
2026-09-19 12:42:13,864 [INFO] app.api.routes_infra: WA[738eb1cb] -> sendMessage | target=919910773271 | len=372
2026-09-19 12:42:14,184 [INFO] app.api.routes_infra: WA[738eb1cb] <- status=200 | body={"success":true}
2026-09-19 12:42:14,184 [INFO] app.api.routes_infra: ResolveNotify sent | ticket_id=1315 contact=9910773271
2026-09-19 16:41:43,653 [INFO] app.api.routes_infra: InfraAlert trigger -> ticket_id=1319 created_by=Nitu dept=Customer Care category=Other
2026-09-19 16:41:43,654 [INFO] app.api.routes_infra: InfraAlert -> sending WA for ticket_id=1319 | msg_len=279
2026-09-19 16:41:43,655 [INFO] app.api.routes_infra: WA[4dd47471] -> sendMessage | target=120363141953100908@g.us | len=279
2026-09-19 16:41:43,710 [INFO] app.api.routes_infra: WA[4dd47471] <- status=200 | body={"success":true}
2026-09-19 16:41:43,710 [INFO] app.api.routes_infra: InfraAlert sent | status=200 | resp={"success":true}
2026-09-19 17:17:36,715 [INFO] app.api.routes_infra: InfraAlert trigger -> ticket_id=1320 created_by=Akash yadav dept=Customer Care category=Software
2026-09-19 17:17:36,716 [INFO] app.api.routes_infra: InfraAlert -> sending WA for ticket_id=1320 | msg_len=317
2026-09-19 17:17:36,718 [INFO] app.api.routes_infra: WA[457c4a10] -> sendMessage | target=120363141953100908@g.us | len=317
2026-09-19 17:17:36,774 [INFO] app.api.routes_infra: WA[457c4a10] <- status=200 | body={"success":true}
2026-09-19 17:17:36,774 [INFO] app.api.routes_infra: InfraAlert sent | status=200 | resp={"success":true}
2026-09-19 17:20:40,986 [INFO] app.api.routes_infra: WA[38313304] -> sendMessage | target=918130931547 | len=122
2026-09-19 17:20:41,299 [INFO] app.api.routes_infra: WA[342c9df2] -> sendMessage | target=918130931547 | len=122
2026-09-19 17:20:41,339 [INFO] app.api.routes_infra: WA[38313304] <- status=200 | body={"success":true}
2026-09-19 17:20:41,339 [INFO] app.api.routes_infra: PickNotify sent to 8130931547 | ticket_id=1319
2026-09-19 17:20:41,646 [INFO] app.api.routes_infra: WA[342c9df2] <- status=200 | body={"success":true}
2026-09-19 17:20:41,647 [INFO] app.api.routes_infra: PickNotify sent to 8130931547 | ticket_id=1319
2026-09-19 17:20:48,811 [INFO] app.api.routes_infra: WA[6f32a805] -> sendMessage | target=918130931547 | len=267
2026-09-19 17:20:49,559 [INFO] app.api.routes_infra: WA[6f32a805] <- status=200 | body={"success":true}
2026-09-19 17:20:49,559 [INFO] app.api.routes_infra: ResolveNotify sent | ticket_id=1319 contact=8130931547
2026-09-20 13:20:39,067 [INFO] app.api.routes_infra: InfraAlert trigger -> ticket_id=1321 created_by=Ashish Kumar dept=Technical category=Hardware
2026-09-20 13:20:39,068 [INFO] app.api.routes_infra: InfraAlert -> sending WA for ticket_id=1321 | msg_len=249
2026-09-20 13:20:39,071 [INFO] app.api.routes_infra: WA[7e2d8e66] -> sendMessage | target=120363141953100908@g.us | len=249
2026-09-20 13:20:39,128 [INFO] app.api.routes_infra: WA[7e2d8e66] <- status=200 | body={"success":true}
2026-09-20 13:20:39,129 [INFO] app.api.routes_infra: InfraAlert sent | status=200 | resp={"success":true}
2026-09-20 17:47:16,978 [INFO] app.api.routes_infra: InfraReminder -> processing 1 pending tickets
2026-09-20 17:47:16,979 [INFO] app.api.routes_infra: WA[35890a32] -> sendMessage | target=120363141953100908@g.us | len=319
2026-09-20 17:47:17,037 [INFO] app.api.routes_infra: WA[35890a32] <- status=200 | body={"success":true}
2026-09-20 17:47:17,037 [INFO] app.api.routes_infra: InfraReminder sent | ticket_id=1320 status=200
2026-09-20 17:48:04,571 [INFO] app.api.routes_infra: WA[d03e8dfb] -> sendMessage | target=919899847571 | len=122
2026-09-20 17:48:04,949 [INFO] app.api.routes_infra: WA[d03e8dfb] <- status=200 | body={"success":true}
2026-09-20 17:48:04,950 [INFO] app.api.routes_infra: PickNotify sent to 9899847571 | ticket_id=1320
2026-09-20 17:48:13,465 [INFO] app.api.routes_infra: WA[755a3e28] -> sendMessage | target=919899847571 | len=298
2026-09-20 17:48:13,756 [INFO] app.api.routes_infra: WA[755a3e28] <- status=200 | body={"success":true}
2026-09-20 17:48:13,757 [INFO] app.api.routes_infra: ResolveNotify sent | ticket_id=1320 contact=9899847571
2026-09-20 18:53:37,730 [INFO] app.api.routes_infra: InfraAlert trigger -> ticket_id=1322 created_by=Sanjeet Kumar dept=Customer Care category=Software
2026-09-20 18:53:37,731 [INFO] app.api.routes_infra: InfraAlert -> sending WA for ticket_id=1322 | msg_len=271
2026-09-20 18:53:37,731 [INFO] app.api.routes_infra: WA[853b3610] -> sendMessage | target=120363141953100908@g.us | len=271
2026-09-20 18:53:37,795 [INFO] app.api.routes_infra: WA[853b3610] <- status=200 | body={"success":true}
2026-09-20 18:53:37,796 [INFO] app.api.routes_infra: InfraAlert sent | status=200 | resp={"success":true}
2026-09-20 18:58:16,056 [INFO] app.api.routes_infra: WA[f1b4b34f] -> sendMessage | target=917982256085 | len=126
2026-09-20 18:58:19,124 [INFO] app.api.routes_infra: WA[f1b4b34f] <- status=200 | body={"success":true}
2026-09-20 18:58:19,125 [INFO] app.api.routes_infra: PickNotify sent to 7982256085 | ticket_id=1322
2026-09-20 18:58:19,338 [INFO] app.api.routes_infra: WA[54cc1a2a] -> sendMessage | target=917982256085 | len=126
2026-09-20 18:58:19,693 [INFO] app.api.routes_infra: WA[54cc1a2a] <- status=200 | body={"success":true}
2026-09-20 18:58:19,693 [INFO] app.api.routes_infra: PickNotify sent to 7982256085 | ticket_id=1322
2026-09-21 08:41:04,985 [INFO] app.api.routes_infra: InfraAlert trigger -> ticket_id=1323 created_by=SONA dept=Customer Care category=Hardware
2026-09-21 08:41:04,986 [INFO] app.api.routes_infra: InfraAlert -> sending WA for ticket_id=1323 | msg_len=393
2026-09-21 08:41:04,987 [INFO] app.api.routes_infra: WA[b9ae2784] -> sendMessage | target=120363141953100908@g.us | len=393
2026-09-21 08:41:05,218 [INFO] app.api.routes_infra: WA[b9ae2784] <- status=200 | body={"success":true}
2026-09-21 08:41:05,219 [INFO] app.api.routes_infra: InfraAlert sent | status=200 | resp={"success":true}
2026-09-21 10:28:13,565 [INFO] app.api.routes_infra: InfraAlert trigger -> ticket_id=1324 created_by=Mansi Shukla dept=Technical category=Hardware
2026-09-21 10:28:13,566 [INFO] app.api.routes_infra: InfraAlert -> sending WA for ticket_id=1324 | msg_len=247
2026-09-21 10:28:13,567 [INFO] app.api.routes_infra: WA[e45f96e9] -> sendMessage | target=120363141953100908@g.us | len=247
2026-09-21 10:28:13,633 [INFO] app.api.routes_infra: WA[e45f96e9] <- status=200 | body={"success":true}
2026-09-21 10:28:13,634 [INFO] app.api.routes_infra: InfraAlert sent | status=200 | resp={"success":true}
2026-09-21 10:34:42,914 [INFO] app.api.routes_infra: WA[cf3c546a] -> sendMessage | target=918595713150 | len=123
2026-09-21 10:34:43,300 [INFO] app.api.routes_infra: WA[cf3c546a] <- status=200 | body={"success":true}
2026-09-21 10:34:43,300 [INFO] app.api.routes_infra: PickNotify sent to 8595713150 | ticket_id=1324
2026-09-21 10:34:46,063 [INFO] app.api.routes_infra: WA[e129dbad] -> sendMessage | target=918595713150 | len=232
2026-09-21 10:34:46,388 [INFO] app.api.routes_infra: WA[e129dbad] <- status=200 | body={"success":true}
2026-09-21 10:34:46,389 [INFO] app.api.routes_infra: ResolveNotify sent | ticket_id=1324 contact=8595713150
2026-09-21 10:34:55,147 [INFO] app.api.routes_infra: WA[eab387a3] -> sendMessage | target=918076741165 | len=123
2026-09-21 10:34:55,586 [INFO] app.api.routes_infra: WA[eab387a3] <- status=200 | body={"success":true}
2026-09-21 10:34:55,587 [INFO] app.api.routes_infra: PickNotify sent to 8076741165 | ticket_id=1323
2026-09-21 12:07:10,861 [INFO] app.api.routes_infra: WA[c7acd966] -> sendMessage | target=918076741165 | len=395
2026-09-21 12:07:11,369 [INFO] app.api.routes_infra: WA[c7acd966] <- status=200 | body={"success":true}
2026-09-21 12:07:11,369 [INFO] app.api.routes_infra: ResolveNotify sent | ticket_id=1323 contact=8076741165
2026-09-21 12:11:42,723 [INFO] app.api.routes_infra: InfraAlert trigger -> ticket_id=1325 created_by=Prerna Sharma dept=Customer Care category=Hardware
2026-09-21 12:11:42,724 [INFO] app.api.routes_infra: InfraAlert -> sending WA for ticket_id=1325 | msg_len=288
2026-09-21 12:11:42,724 [INFO] app.api.routes_infra: WA[42c01f32] -> sendMessage | target=120363141953100908@g.us | len=288
2026-09-21 12:11:43,019 [INFO] app.api.routes_infra: WA[42c01f32] <- status=200 | body={"success":true}
2026-09-21 12:11:43,019 [INFO] app.api.routes_infra: InfraAlert sent | status=200 | resp={"success":true}
2026-09-21 12:18:52,718 [INFO] app.api.routes_infra: WA[da9fa85e] -> sendMessage | target=917982256085 | len=254
2026-09-21 12:18:56,400 [INFO] app.api.routes_infra: WA[e01f7436] -> sendMessage | target=917982256085 | len=254
2026-09-21 12:19:02,732 [ERROR] app.api.routes_infra: WA[da9fa85e] send_whatsapp_to_number exception: HTTPConnectionPool(host='10.1.1.44', port=3004): Read timed out. (read timeout=10)
Traceback (most recent call last):
  File "/usr/local/lib/python3.11/site-packages/urllib3/connectionpool.py", line 534, in _make_request
    response = conn.getresponse()
               ^^^^^^^^^^^^^^^^^^
  File "/usr/local/lib/python3.11/site-packages/urllib3/connection.py", line 571, in getresponse
    httplib_response = super().getresponse()
                       ^^^^^^^^^^^^^^^^^^^^^
  File "/usr/local/lib/python3.11/http/client.py", line 1443, in getresponse
    response.begin()
  File "/usr/local/lib/python3.11/http/client.py", line 337, in begin
    version, status, reason = self._read_status()
                              ^^^^^^^^^^^^^^^^^^^
  File "/usr/local/lib/python3.11/http/client.py", line 298, in _read_status
    line = str(self.fp.readline(_MAXLINE + 1), "iso-8859-1")
               ^^^^^^^^^^^^^^^^^^^^^^^^^^^^^^
  File "/usr/local/lib/python3.11/socket.py", line 718, in readinto
    return self._sock.recv_into(b)
           ^^^^^^^^^^^^^^^^^^^^^^^
TimeoutError: timed out

The above exception was the direct cause of the following exception:

Traceback (most recent call last):
  File "/usr/local/lib/python3.11/site-packages/requests/adapters.py", line 696, in send
    resp = conn.urlopen(
           ^^^^^^^^^^^^^
  File "/usr/local/lib/python3.11/site-packages/urllib3/connectionpool.py", line 842, in urlopen
    retries = retries.increment(
              ^^^^^^^^^^^^^^^^^^
  File "/usr/local/lib/python3.11/site-packages/urllib3/util/retry.py", line 498, in increment
    raise reraise(type(error), error, _stacktrace)
          ^^^^^^^^^^^^^^^^^^^^^^^^^^^^^^^^^^^^^^^^
  File "/usr/local/lib/python3.11/site-packages/urllib3/util/util.py", line 39, in reraise
    raise value
  File "/usr/local/lib/python3.11/site-packages/urllib3/connectionpool.py", line 788, in urlopen
    response = self._make_request(
               ^^^^^^^^^^^^^^^^^^^
  File "/usr/local/lib/python3.11/site-packages/urllib3/connectionpool.py", line 536, in _make_request
    self._raise_timeout(err=e, url=url, timeout_value=read_timeout)
  File "/usr/local/lib/python3.11/site-packages/urllib3/connectionpool.py", line 367, in _raise_timeout
    raise ReadTimeoutError(
urllib3.exceptions.ReadTimeoutError: HTTPConnectionPool(host='10.1.1.44', port=3004): Read timed out. (read timeout=10)

During handling of the above exception, another exception occurred:

Traceback (most recent call last):
  File "/app/app/api/routes_infra.py", line 151, in send_whatsapp_to_number
    r = requests.post(
        ^^^^^^^^^^^^^^
  File "/usr/local/lib/python3.11/site-packages/requests/api.py", line 134, in post
    return request("post", url, data=data, json=json, **kwargs)
           ^^^^^^^^^^^^^^^^^^^^^^^^^^^^^^^^^^^^^^^^^^^^^^^^^^^^
  File "/usr/local/lib/python3.11/site-packages/requests/api.py", line 71, in request
    return session.request(method=method, url=url, **kwargs)
           ^^^^^^^^^^^^^^^^^^^^^^^^^^^^^^^^^^^^^^^^^^^^^^^^^
  File "/usr/local/lib/python3.11/site-packages/requests/sessions.py", line 651, in request
    resp = self.send(prep, **send_kwargs)
           ^^^^^^^^^^^^^^^^^^^^^^^^^^^^^^
  File "/usr/local/lib/python3.11/site-packages/requests/sessions.py", line 784, in send
    r = adapter.send(request, **kwargs)
        ^^^^^^^^^^^^^^^^^^^^^^^^^^^^^^^
  File "/usr/local/lib/python3.11/site-packages/requests/adapters.py", line 742, in send
    raise ReadTimeout(e, request=request)
requests.exceptions.ReadTimeout: HTTPConnectionPool(host='10.1.1.44', port=3004): Read timed out. (read timeout=10)
2026-09-21 12:19:02,735 [ERROR] app.api.routes_infra: ResolveNotify failed | ticket_id=1322 status=500 resp=HTTPConnectionPool(host='10.1.1.44', port=3004): Read timed out. (read timeout=10)
2026-09-21 12:19:04,404 [INFO] app.api.routes_infra: WA[e01f7436] <- status=200 | body={"success":true}
2026-09-21 12:19:04,405 [INFO] app.api.routes_infra: ResolveNotify sent | ticket_id=1322 contact=7982256085
2026-09-21 13:47:17,007 [INFO] app.api.routes_infra: InfraReminder -> processing 1 pending tickets
2026-09-21 13:47:17,008 [INFO] app.api.routes_infra: WA[f9b54939] -> sendMessage | target=120363141953100908@g.us | len=251
2026-09-21 13:47:17,112 [INFO] app.api.routes_infra: WA[f9b54939] <- status=200 | body={"success":true}
2026-09-21 13:47:17,113 [INFO] app.api.routes_infra: InfraReminder sent | ticket_id=1321 status=200
2026-09-21 13:49:16,483 [INFO] app.api.routes_infra: WA[e86428fd] -> sendMessage | target=919336224942 | len=123
2026-09-21 13:49:16,823 [INFO] app.api.routes_infra: WA[e86428fd] <- status=200 | body={"success":true}
2026-09-21 13:49:16,823 [INFO] app.api.routes_infra: PickNotify sent to 9336224942 | ticket_id=1321
2026-09-21 16:17:16,899 [INFO] app.api.routes_infra: Infra auto hiccup generated | ticket_id=1325 hiccups=HCP-26-1980, HCP-26-1981
2026-09-21 17:26:01,341 [INFO] app.api.routes_infra: InfraAlert trigger -> ticket_id=1326 created_by=Sanjeet Kumar dept=Customer Care category=Software
2026-09-21 17:26:01,343 [INFO] app.api.routes_infra: InfraAlert -> sending WA for ticket_id=1326 | msg_len=285
2026-09-21 17:26:01,343 [INFO] app.api.routes_infra: WA[6bdf2dfc] -> sendMessage | target=120363141953100908@g.us | len=285
2026-09-21 17:26:01,414 [INFO] app.api.routes_infra: WA[6bdf2dfc] <- status=200 | body={"success":true}
2026-09-21 17:26:01,415 [INFO] app.api.routes_infra: InfraAlert sent | status=200 | resp={"success":true}
2026-09-21 18:04:13,657 [INFO] app.api.routes_infra: WA[3c561983] -> sendMessage | target=917982256085 | len=126
2026-09-21 18:04:14,168 [INFO] app.api.routes_infra: WA[3c561983] <- status=200 | body={"success":true}
2026-09-21 18:04:14,169 [INFO] app.api.routes_infra: PickNotify sent to 7982256085 | ticket_id=1326
2026-09-22 15:10:11,707 [INFO] app.api.routes_infra: Infra auto hiccup generated | ticket_id=1327 hiccups=HCP-26-1985, HCP-26-1986
2026-09-22 18:17:02,542 [INFO] app.api.routes_infra: InfraAlert trigger -> ticket_id=1330 created_by=Dr Vishu Bhasin dept=Customer Care category=Software
2026-09-22 18:17:02,543 [INFO] app.api.routes_infra: InfraAlert -> sending WA for ticket_id=1330 | msg_len=316
2026-09-22 18:17:02,544 [INFO] app.api.routes_infra: WA[4eac2c47] -> sendMessage | target=120363141953100908@g.us | len=316
2026-09-22 18:17:02,606 [INFO] app.api.routes_infra: WA[4eac2c47] <- status=200 | body={"success":true}
2026-09-22 18:17:02,607 [INFO] app.api.routes_infra: InfraAlert sent | status=200 | resp={"success":true}
2026-09-22 18:31:27,691 [INFO] app.api.routes_infra: WA[5263df2e] -> sendMessage | target=919810637037 | len=122
2026-09-22 18:31:37,704 [ERROR] app.api.routes_infra: WA[5263df2e] send_whatsapp_to_number exception: HTTPConnectionPool(host='10.1.1.44', port=3004): Read timed out. (read timeout=10)
Traceback (most recent call last):
  File "/usr/local/lib/python3.11/site-packages/urllib3/connectionpool.py", line 540, in _make_request
    response = conn.getresponse()
               ^^^^^^^^^^^^^^^^^^
  File "/usr/local/lib/python3.11/site-packages/urllib3/connection.py", line 638, in getresponse
    httplib_response = super().getresponse()
                       ^^^^^^^^^^^^^^^^^^^^^
  File "/usr/local/lib/python3.11/http/client.py", line 1443, in getresponse
    response.begin()
  File "/usr/local/lib/python3.11/http/client.py", line 337, in begin
    version, status, reason = self._read_status()
                              ^^^^^^^^^^^^^^^^^^^
  File "/usr/local/lib/python3.11/http/client.py", line 298, in _read_status
    line = str(self.fp.readline(_MAXLINE + 1), "iso-8859-1")
               ^^^^^^^^^^^^^^^^^^^^^^^^^^^^^^
  File "/usr/local/lib/python3.11/socket.py", line 718, in readinto
    return self._sock.recv_into(b)
           ^^^^^^^^^^^^^^^^^^^^^^^
TimeoutError: timed out

The above exception was the direct cause of the following exception:

Traceback (most recent call last):
  File "/usr/local/lib/python3.11/site-packages/requests/adapters.py", line 696, in send
    resp = conn.urlopen(
           ^^^^^^^^^^^^^
  File "/usr/local/lib/python3.11/site-packages/urllib3/connectionpool.py", line 847, in urlopen
    retries = retries.increment(
              ^^^^^^^^^^^^^^^^^^
  File "/usr/local/lib/python3.11/site-packages/urllib3/util/retry.py", line 510, in increment
    raise reraise(type(error), error, _stacktrace)
          ^^^^^^^^^^^^^^^^^^^^^^^^^^^^^^^^^^^^^^^^
  File "/usr/local/lib/python3.11/site-packages/urllib3/util/util.py", line 39, in reraise
    raise value
  File "/usr/local/lib/python3.11/site-packages/urllib3/connectionpool.py", line 793, in urlopen
    response = self._make_request(
               ^^^^^^^^^^^^^^^^^^^
  File "/usr/local/lib/python3.11/site-packages/urllib3/connectionpool.py", line 542, in _make_request
    self._raise_timeout(err=e, url=url, timeout_value=read_timeout)
  File "/usr/local/lib/python3.11/site-packages/urllib3/connectionpool.py", line 373, in _raise_timeout
    raise ReadTimeoutError(
urllib3.exceptions.ReadTimeoutError: HTTPConnectionPool(host='10.1.1.44', port=3004): Read timed out. (read timeout=10)

During handling of the above exception, another exception occurred:

Traceback (most recent call last):
  File "/app/app/api/routes_infra.py", line 151, in send_whatsapp_to_number
    r = requests.post(
        ^^^^^^^^^^^^^^
  File "/usr/local/lib/python3.11/site-packages/requests/api.py", line 134, in post
    return request("post", url, data=data, json=json, **kwargs)
           ^^^^^^^^^^^^^^^^^^^^^^^^^^^^^^^^^^^^^^^^^^^^^^^^^^^^
  File "/usr/local/lib/python3.11/site-packages/requests/api.py", line 71, in request
    return session.request(method=method, url=url, **kwargs)
           ^^^^^^^^^^^^^^^^^^^^^^^^^^^^^^^^^^^^^^^^^^^^^^^^^
  File "/usr/local/lib/python3.11/site-packages/requests/sessions.py", line 651, in request
    resp = self.send(prep, **send_kwargs)
           ^^^^^^^^^^^^^^^^^^^^^^^^^^^^^^
  File "/usr/local/lib/python3.11/site-packages/requests/sessions.py", line 784, in send
    r = adapter.send(request, **kwargs)
        ^^^^^^^^^^^^^^^^^^^^^^^^^^^^^^^
  File "/usr/local/lib/python3.11/site-packages/requests/adapters.py", line 742, in send
    raise ReadTimeout(e, request=request)
requests.exceptions.ReadTimeout: HTTPConnectionPool(host='10.1.1.44', port=3004): Read timed out. (read timeout=10)
2026-09-22 18:31:37,708 [ERROR] app.api.routes_infra: PickNotify failed | ticket_id=1330 status=500 resp=HTTPConnectionPool(host='10.1.1.44', port=3004): Read timed out. (read timeout=10)
2026-09-22 18:52:39,246 [INFO] app.api.routes_infra: WA[77f2aa23] -> sendMessage | target=917982256085 | len=268
2026-09-22 18:52:39,619 [INFO] app.api.routes_infra: WA[77f2aa23] <- status=200 | body={"success":true}
2026-09-22 18:52:39,619 [INFO] app.api.routes_infra: ResolveNotify sent | ticket_id=1326 contact=7982256085
2026-09-22 19:32:05,684 [INFO] app.api.routes_infra: WA[e5d59f18] -> sendMessage | target=919654441851 | len=123
2026-09-22 19:32:06,018 [INFO] app.api.routes_infra: WA[e5d59f18] <- status=200 | body={"success":true}
2026-09-22 19:32:06,019 [INFO] app.api.routes_infra: PickNotify sent to 9654441851 | ticket_id=1327
2026-09-22 19:43:01,101 [INFO] app.api.routes_infra: WA[abfa5664] -> sendMessage | target=917838686369 | len=123
2026-09-22 19:43:01,617 [INFO] app.api.routes_infra: WA[abfa5664] <- status=200 | body={"success":true}
2026-09-22 19:43:01,618 [INFO] app.api.routes_infra: PickNotify sent to 7838686369 | ticket_id=1329
2026-09-23 11:01:46,242 [INFO] app.api.routes_infra: InfraAlert trigger -> ticket_id=1331 created_by=Ritu Mahalwal dept=Customer Care category=Software
2026-09-23 11:01:46,243 [INFO] app.api.routes_infra: InfraAlert -> sending WA for ticket_id=1331 | msg_len=338
2026-09-23 11:01:46,244 [INFO] app.api.routes_infra: WA[f9562caf] -> sendMessage | target=120363141953100908@g.us | len=338
2026-09-23 11:01:46,306 [INFO] app.api.routes_infra: WA[f9562caf] <- status=200 | body={"success":true}
2026-09-23 11:01:46,306 [INFO] app.api.routes_infra: InfraAlert sent | status=200 | resp={"success":true}
2026-09-23 11:13:56,279 [INFO] app.api.routes_infra: InfraAlert trigger -> ticket_id=1332 created_by=SONA dept=Customer Care category=Software
2026-09-23 11:13:56,280 [INFO] app.api.routes_infra: InfraAlert -> sending WA for ticket_id=1332 | msg_len=326
2026-09-23 11:13:56,281 [INFO] app.api.routes_infra: WA[459aa878] -> sendMessage | target=120363141953100908@g.us | len=326
2026-09-23 11:13:56,367 [INFO] app.api.routes_infra: WA[459aa878] <- status=200 | body={"success":true}
2026-09-23 11:13:56,367 [INFO] app.api.routes_infra: InfraAlert sent | status=200 | resp={"success":true}
2026-09-23 11:24:48,877 [INFO] app.api.routes_infra: WA[676b7553] -> sendMessage | target=919654441851 | len=267
2026-09-23 11:24:55,616 [INFO] app.api.routes_infra: WA[676b7553] <- status=200 | body={"success":true}
2026-09-23 11:24:55,617 [INFO] app.api.routes_infra: ResolveNotify sent | ticket_id=1327 contact=9654441851
2026-09-23 11:25:00,621 [INFO] app.api.routes_infra: WA[78dfc59b] -> sendMessage | target=919654441851 | len=267
2026-09-23 11:25:01,387 [INFO] app.api.routes_infra: WA[78dfc59b] <- status=200 | body={"success":true}
2026-09-23 11:25:01,387 [INFO] app.api.routes_infra: ResolveNotify sent | ticket_id=1327 contact=9654441851
2026-09-23 11:40:17,329 [INFO] app.api.routes_infra: WA[c4e8cbd7] -> sendMessage | target=919910773271 | len=318
2026-09-23 11:40:18,915 [INFO] app.api.routes_infra: WA[c4e8cbd7] <- status=200 | body={"success":true}
2026-09-23 11:40:18,915 [INFO] app.api.routes_infra: InvalidNotify sent | ticket_id=1325 contact=9910773271
2026-09-23 12:40:44,406 [INFO] app.api.routes_infra: InfraAlert trigger -> ticket_id=1333 created_by=Rupa dept=Technical category=Software
2026-09-23 12:40:44,407 [INFO] app.api.routes_infra: InfraAlert -> sending WA for ticket_id=1333 | msg_len=236
2026-09-23 12:40:44,408 [INFO] app.api.routes_infra: WA[47b67c47] -> sendMessage | target=120363141953100908@g.us | len=236
2026-09-23 12:40:44,676 [INFO] app.api.routes_infra: WA[47b67c47] <- status=200 | body={"success":true}
2026-09-23 12:40:44,677 [INFO] app.api.routes_infra: InfraAlert sent | status=200 | resp={"success":true}
2026-09-23 12:43:18,352 [INFO] app.api.routes_infra: InfraAlert trigger -> ticket_id=1334 created_by=Rupa dept=Technical category=Software
2026-09-23 12:43:18,352 [INFO] app.api.routes_infra: InfraAlert -> sending WA for ticket_id=1334 | msg_len=270
2026-09-23 12:43:18,353 [INFO] app.api.routes_infra: WA[5eff19ef] -> sendMessage | target=120363141953100908@g.us | len=270
2026-09-23 12:43:23,240 [INFO] app.api.routes_infra: WA[5eff19ef] <- status=200 | body={"success":true}
2026-09-23 12:43:23,241 [INFO] app.api.routes_infra: InfraAlert sent | status=200 | resp={"success":true}
2026-09-23 13:13:19,979 [INFO] app.api.routes_infra: WA[a02d1ec5] -> sendMessage | target=918076741165 | len=126
2026-09-23 13:13:20,404 [INFO] app.api.routes_infra: WA[a02d1ec5] <- status=200 | body={"success":true}
2026-09-23 13:13:20,405 [INFO] app.api.routes_infra: PickNotify sent to 8076741165 | ticket_id=1332
2026-09-23 13:13:28,304 [INFO] app.api.routes_infra: WA[600e6550] -> sendMessage | target=919582878288 | len=126
2026-09-23 13:13:28,833 [INFO] app.api.routes_infra: WA[600e6550] <- status=200 | body={"success":true}
2026-09-23 13:13:28,834 [INFO] app.api.routes_infra: PickNotify sent to 9582878288 | ticket_id=1333
2026-09-23 13:13:40,748 [INFO] app.api.routes_infra: WA[e6a15f44] -> sendMessage | target=919582878288 | len=126
2026-09-23 13:13:41,102 [INFO] app.api.routes_infra: WA[e6a15f44] <- status=200 | body={"success":true}
2026-09-23 13:13:41,102 [INFO] app.api.routes_infra: PickNotify sent to 9582878288 | ticket_id=1334
2026-09-23 14:43:26,084 [INFO] app.api.routes_infra: InfraAlert trigger -> ticket_id=1335 created_by=Nitu dept=Customer Care category=Software
2026-09-23 14:43:26,084 [INFO] app.api.routes_infra: InfraAlert -> sending WA for ticket_id=1335 | msg_len=285
2026-09-23 14:43:26,086 [INFO] app.api.routes_infra: WA[49c4c752] -> sendMessage | target=120363141953100908@g.us | len=285
2026-09-23 14:43:26,160 [INFO] app.api.routes_infra: WA[49c4c752] <- status=200 | body={"success":true}
2026-09-23 14:43:26,161 [INFO] app.api.routes_infra: InfraAlert sent | status=200 | resp={"success":true}
2026-09-23 14:45:08,640 [INFO] app.api.routes_infra: WA[f168c2cc] -> sendMessage | target=919582878288 | len=267
2026-09-23 14:45:11,308 [INFO] app.api.routes_infra: WA[f168c2cc] <- status=200 | body={"success":true}
2026-09-23 14:45:11,309 [INFO] app.api.routes_infra: ResolveNotify sent | ticket_id=1334 contact=9582878288
2026-09-23 15:10:11,555 [INFO] app.api.routes_infra: Infra auto hiccup generated | ticket_id=1331 hiccups=HCP-26-2002, HCP-26-2003, HCP-26-2004
2026-09-23 15:20:35,004 [INFO] app.api.routes_infra: InfraAlert trigger -> ticket_id=1336 created_by=Ritu Mahalwal dept=Customer Care category=Software
2026-09-23 15:20:35,005 [INFO] app.api.routes_infra: InfraAlert -> sending WA for ticket_id=1336 | msg_len=267
2026-09-23 15:20:35,005 [INFO] app.api.routes_infra: WA[d2debc90] -> sendMessage | target=120363141953100908@g.us | len=267
2026-09-23 15:20:35,216 [INFO] app.api.routes_infra: WA[d2debc90] <- status=200 | body={"success":true}
2026-09-23 15:20:35,217 [INFO] app.api.routes_infra: InfraAlert sent | status=200 | resp={"success":true}
2026-09-23 15:29:29,032 [INFO] app.api.routes_infra: WA[a3b4ea82] -> sendMessage | target=919871366002 | len=122
2026-09-23 15:29:29,620 [INFO] app.api.routes_infra: WA[a3b4ea82] <- status=200 | body={"success":true}
2026-09-23 15:29:29,620 [INFO] app.api.routes_infra: PickNotify sent to 9871366002 | ticket_id=1336
2026-09-23 16:11:14,360 [INFO] app.api.routes_infra: InfraAlert trigger -> ticket_id=1337 created_by=Ritu Mahalwal dept=Customer Care category=Software
2026-09-23 16:11:14,361 [INFO] app.api.routes_infra: InfraAlert -> sending WA for ticket_id=1337 | msg_len=254
2026-09-23 16:11:14,362 [INFO] app.api.routes_infra: WA[e3825d33] -> sendMessage | target=120363141953100908@g.us | len=254
2026-09-23 16:11:19,680 [INFO] app.api.routes_infra: WA[e3825d33] <- status=200 | body={"success":true}
2026-09-23 16:11:19,681 [INFO] app.api.routes_infra: InfraAlert sent | status=200 | resp={"success":true}
2026-09-23 17:59:27,283 [INFO] app.api.routes_infra: InfraAlert trigger -> ticket_id=1338 created_by=Shalini rawat dept=Technical category=Software
2026-09-23 17:59:27,284 [INFO] app.api.routes_infra: InfraAlert -> sending WA for ticket_id=1338 | msg_len=247
2026-09-23 17:59:27,284 [INFO] app.api.routes_infra: WA[ddfb5a2b] -> sendMessage | target=120363141953100908@g.us | len=247
2026-09-23 17:59:27,465 [INFO] app.api.routes_infra: WA[ddfb5a2b] <- status=200 | body={"success":true}
2026-09-23 17:59:27,465 [INFO] app.api.routes_infra: InfraAlert sent | status=200 | resp={"success":true}
2026-09-23 18:37:18,481 [INFO] app.api.routes_infra: InfraAlert trigger -> ticket_id=1339 created_by=Gunjan mehta dept=Marketing category=Software
2026-09-23 18:37:18,482 [INFO] app.api.routes_infra: InfraAlert -> sending WA for ticket_id=1339 | msg_len=379
2026-09-23 18:37:18,483 [INFO] app.api.routes_infra: WA[819a9a7e] -> sendMessage | target=120363141953100908@g.us | len=379
2026-09-23 18:37:18,793 [INFO] app.api.routes_infra: WA[819a9a7e] <- status=200 | body={"success":true}
2026-09-23 18:37:18,794 [INFO] app.api.routes_infra: InfraAlert sent | status=200 | resp={"success":true}
2026-09-23 18:56:16,103 [INFO] app.api.routes_infra: InfraAlert trigger -> ticket_id=1340 created_by=Sanjeet Kumar dept=Customer Care category=Software
2026-09-23 18:56:16,104 [INFO] app.api.routes_infra: InfraAlert -> sending WA for ticket_id=1340 | msg_len=312
2026-09-23 18:56:16,105 [INFO] app.api.routes_infra: WA[396f4644] -> sendMessage | target=120363141953100908@g.us | len=312
2026-09-23 18:56:16,429 [INFO] app.api.routes_infra: WA[396f4644] <- status=200 | body={"success":true}
2026-09-23 18:56:16,429 [INFO] app.api.routes_infra: InfraAlert sent | status=200 | resp={"success":true}
2026-09-23 19:02:47,925 [INFO] app.api.routes_infra: WA[5736d03a] -> sendMessage | target=917982256085 | len=122
2026-09-23 19:02:54,035 [INFO] app.api.routes_infra: WA[5736d03a] <- status=200 | body={"success":true}
2026-09-23 19:02:54,035 [INFO] app.api.routes_infra: PickNotify sent to 7982256085 | ticket_id=1340
2026-09-23 19:02:59,080 [INFO] app.api.routes_infra: WA[ef9aba2d] -> sendMessage | target=917982256085 | len=291
2026-09-23 19:03:09,096 [ERROR] app.api.routes_infra: WA[ef9aba2d] send_whatsapp_to_number exception: HTTPConnectionPool(host='10.1.1.44', port=3004): Read timed out. (read timeout=10)
Traceback (most recent call last):
  File "/usr/local/lib/python3.11/site-packages/urllib3/connectionpool.py", line 540, in _make_request
    response = conn.getresponse()
               ^^^^^^^^^^^^^^^^^^
  File "/usr/local/lib/python3.11/site-packages/urllib3/connection.py", line 638, in getresponse
    httplib_response = super().getresponse()
                       ^^^^^^^^^^^^^^^^^^^^^
  File "/usr/local/lib/python3.11/http/client.py", line 1443, in getresponse
    response.begin()
  File "/usr/local/lib/python3.11/http/client.py", line 337, in begin
    version, status, reason = self._read_status()
                              ^^^^^^^^^^^^^^^^^^^
  File "/usr/local/lib/python3.11/http/client.py", line 298, in _read_status
    line = str(self.fp.readline(_MAXLINE + 1), "iso-8859-1")
               ^^^^^^^^^^^^^^^^^^^^^^^^^^^^^^
  File "/usr/local/lib/python3.11/socket.py", line 718, in readinto
    return self._sock.recv_into(b)
           ^^^^^^^^^^^^^^^^^^^^^^^
TimeoutError: timed out

The above exception was the direct cause of the following exception:

Traceback (most recent call last):
  File "/usr/local/lib/python3.11/site-packages/requests/adapters.py", line 696, in send
    resp = conn.urlopen(
           ^^^^^^^^^^^^^
  File "/usr/local/lib/python3.11/site-packages/urllib3/connectionpool.py", line 847, in urlopen
    retries = retries.increment(
              ^^^^^^^^^^^^^^^^^^
  File "/usr/local/lib/python3.11/site-packages/urllib3/util/retry.py", line 510, in increment
    raise reraise(type(error), error, _stacktrace)
          ^^^^^^^^^^^^^^^^^^^^^^^^^^^^^^^^^^^^^^^^
  File "/usr/local/lib/python3.11/site-packages/urllib3/util/util.py", line 39, in reraise
    raise value
  File "/usr/local/lib/python3.11/site-packages/urllib3/connectionpool.py", line 793, in urlopen
    response = self._make_request(
               ^^^^^^^^^^^^^^^^^^^
  File "/usr/local/lib/python3.11/site-packages/urllib3/connectionpool.py", line 542, in _make_request
    self._raise_timeout(err=e, url=url, timeout_value=read_timeout)
  File "/usr/local/lib/python3.11/site-packages/urllib3/connectionpool.py", line 373, in _raise_timeout
    raise ReadTimeoutError(
urllib3.exceptions.ReadTimeoutError: HTTPConnectionPool(host='10.1.1.44', port=3004): Read timed out. (read timeout=10)

During handling of the above exception, another exception occurred:

Traceback (most recent call last):
  File "/app/app/api/routes_infra.py", line 151, in send_whatsapp_to_number
    r = requests.post(
        ^^^^^^^^^^^^^^
  File "/usr/local/lib/python3.11/site-packages/requests/api.py", line 134, in post
    return request("post", url, data=data, json=json, **kwargs)
           ^^^^^^^^^^^^^^^^^^^^^^^^^^^^^^^^^^^^^^^^^^^^^^^^^^^^
  File "/usr/local/lib/python3.11/site-packages/requests/api.py", line 71, in request
    return session.request(method=method, url=url, **kwargs)
           ^^^^^^^^^^^^^^^^^^^^^^^^^^^^^^^^^^^^^^^^^^^^^^^^^
  File "/usr/local/lib/python3.11/site-packages/requests/sessions.py", line 651, in request
    resp = self.send(prep, **send_kwargs)
           ^^^^^^^^^^^^^^^^^^^^^^^^^^^^^^
  File "/usr/local/lib/python3.11/site-packages/requests/sessions.py", line 784, in send
    r = adapter.send(request, **kwargs)
        ^^^^^^^^^^^^^^^^^^^^^^^^^^^^^^^
  File "/usr/local/lib/python3.11/site-packages/requests/adapters.py", line 742, in send
    raise ReadTimeout(e, request=request)
requests.exceptions.ReadTimeout: HTTPConnectionPool(host='10.1.1.44', port=3004): Read timed out. (read timeout=10)
2026-09-23 19:03:09,100 [ERROR] app.api.routes_infra: ResolveNotify failed | ticket_id=1340 status=500 resp=HTTPConnectionPool(host='10.1.1.44', port=3004): Read timed out. (read timeout=10)
2026-09-23 19:08:18,794 [INFO] app.api.routes_infra: WA[c01c9bd8] -> sendMessage | target=919810312510 | len=126
2026-09-23 19:08:19,246 [INFO] app.api.routes_infra: WA[c01c9bd8] <- status=200 | body={"success":true}
2026-09-23 19:08:19,247 [INFO] app.api.routes_infra: PickNotify sent to 9810312510 | ticket_id=1339
2026-09-23 19:08:28,077 [INFO] app.api.routes_infra: WA[72ee98ca] -> sendMessage | target=919650692437 | len=126
2026-09-23 19:08:34,881 [INFO] app.api.routes_infra: WA[262f2a4a] -> sendMessage | target=919650692437 | len=126
2026-09-23 19:08:38,101 [ERROR] app.api.routes_infra: WA[72ee98ca] send_whatsapp_to_number exception: HTTPConnectionPool(host='10.1.1.44', port=3004): Read timed out. (read timeout=10)
Traceback (most recent call last):
  File "/usr/local/lib/python3.11/site-packages/urllib3/connectionpool.py", line 540, in _make_request
    response = conn.getresponse()
               ^^^^^^^^^^^^^^^^^^
  File "/usr/local/lib/python3.11/site-packages/urllib3/connection.py", line 638, in getresponse
    httplib_response = super().getresponse()
                       ^^^^^^^^^^^^^^^^^^^^^
  File "/usr/local/lib/python3.11/http/client.py", line 1443, in getresponse
    response.begin()
  File "/usr/local/lib/python3.11/http/client.py", line 337, in begin
    version, status, reason = self._read_status()
                              ^^^^^^^^^^^^^^^^^^^
  File "/usr/local/lib/python3.11/http/client.py", line 298, in _read_status
    line = str(self.fp.readline(_MAXLINE + 1), "iso-8859-1")
               ^^^^^^^^^^^^^^^^^^^^^^^^^^^^^^
  File "/usr/local/lib/python3.11/socket.py", line 718, in readinto
    return self._sock.recv_into(b)
           ^^^^^^^^^^^^^^^^^^^^^^^
TimeoutError: timed out

The above exception was the direct cause of the following exception:

Traceback (most recent call last):
  File "/usr/local/lib/python3.11/site-packages/requests/adapters.py", line 696, in send
    resp = conn.urlopen(
           ^^^^^^^^^^^^^
  File "/usr/local/lib/python3.11/site-packages/urllib3/connectionpool.py", line 847, in urlopen
    retries = retries.increment(
              ^^^^^^^^^^^^^^^^^^
  File "/usr/local/lib/python3.11/site-packages/urllib3/util/retry.py", line 510, in increment
    raise reraise(type(error), error, _stacktrace)
          ^^^^^^^^^^^^^^^^^^^^^^^^^^^^^^^^^^^^^^^^
  File "/usr/local/lib/python3.11/site-packages/urllib3/util/util.py", line 39, in reraise
    raise value
  File "/usr/local/lib/python3.11/site-packages/urllib3/connectionpool.py", line 793, in urlopen
    response = self._make_request(
               ^^^^^^^^^^^^^^^^^^^
  File "/usr/local/lib/python3.11/site-packages/urllib3/connectionpool.py", line 542, in _make_request
    self._raise_timeout(err=e, url=url, timeout_value=read_timeout)
  File "/usr/local/lib/python3.11/site-packages/urllib3/connectionpool.py", line 373, in _raise_timeout
    raise ReadTimeoutError(
urllib3.exceptions.ReadTimeoutError: HTTPConnectionPool(host='10.1.1.44', port=3004): Read timed out. (read timeout=10)

During handling of the above exception, another exception occurred:

Traceback (most recent call last):
  File "/app/app/api/routes_infra.py", line 151, in send_whatsapp_to_number
    r = requests.post(
        ^^^^^^^^^^^^^^
  File "/usr/local/lib/python3.11/site-packages/requests/api.py", line 134, in post
    return request("post", url, data=data, json=json, **kwargs)
           ^^^^^^^^^^^^^^^^^^^^^^^^^^^^^^^^^^^^^^^^^^^^^^^^^^^^
  File "/usr/local/lib/python3.11/site-packages/requests/api.py", line 71, in request
    return session.request(method=method, url=url, **kwargs)
           ^^^^^^^^^^^^^^^^^^^^^^^^^^^^^^^^^^^^^^^^^^^^^^^^^
  File "/usr/local/lib/python3.11/site-packages/requests/sessions.py", line 651, in request
    resp = self.send(prep, **send_kwargs)
           ^^^^^^^^^^^^^^^^^^^^^^^^^^^^^^
  File "/usr/local/lib/python3.11/site-packages/requests/sessions.py", line 784, in send
    r = adapter.send(request, **kwargs)
        ^^^^^^^^^^^^^^^^^^^^^^^^^^^^^^^
  File "/usr/local/lib/python3.11/site-packages/requests/adapters.py", line 742, in send
    raise ReadTimeout(e, request=request)
requests.exceptions.ReadTimeout: HTTPConnectionPool(host='10.1.1.44', port=3004): Read timed out. (read timeout=10)
2026-09-23 19:08:38,106 [ERROR] app.api.routes_infra: PickNotify failed | ticket_id=1338 status=500 resp=HTTPConnectionPool(host='10.1.1.44', port=3004): Read timed out. (read timeout=10)
2026-09-23 19:08:43,212 [INFO] app.api.routes_infra: WA[262f2a4a] <- status=200 | body={"success":true}
2026-09-23 19:08:43,213 [INFO] app.api.routes_infra: PickNotify sent to 9650692437 | ticket_id=1338
2026-09-23 19:09:24,528 [INFO] app.api.routes_infra: WA[e831bbef] -> sendMessage | target=919650692437 | len=247
2026-09-23 19:09:30,259 [INFO] app.api.routes_infra: WA[e831bbef] <- status=200 | body={"success":true}
2026-09-23 19:09:30,259 [INFO] app.api.routes_infra: ResolveNotify sent | ticket_id=1338 contact=9650692437
2026-09-23 19:09:46,144 [INFO] app.api.routes_infra: WA[5eae80ef] -> sendMessage | target=919871366002 | len=126
2026-09-23 19:09:53,502 [INFO] app.api.routes_infra: WA[5eae80ef] <- status=200 | body={"success":true}
2026-09-23 19:09:53,503 [INFO] app.api.routes_infra: PickNotify sent to 9871366002 | ticket_id=1337
2026-09-23 19:10:04,368 [INFO] app.api.routes_infra: WA[2a56fbe2] -> sendMessage | target=918076741165 | len=331
2026-09-23 19:10:14,385 [ERROR] app.api.routes_infra: WA[2a56fbe2] send_whatsapp_to_number exception: HTTPConnectionPool(host='10.1.1.44', port=3004): Read timed out. (read timeout=10)
Traceback (most recent call last):
  File "/usr/local/lib/python3.11/site-packages/urllib3/connectionpool.py", line 540, in _make_request
    response = conn.getresponse()
               ^^^^^^^^^^^^^^^^^^
  File "/usr/local/lib/python3.11/site-packages/urllib3/connection.py", line 638, in getresponse
    httplib_response = super().getresponse()
                       ^^^^^^^^^^^^^^^^^^^^^
  File "/usr/local/lib/python3.11/http/client.py", line 1443, in getresponse
    response.begin()
  File "/usr/local/lib/python3.11/http/client.py", line 337, in begin
    version, status, reason = self._read_status()
                              ^^^^^^^^^^^^^^^^^^^
  File "/usr/local/lib/python3.11/http/client.py", line 298, in _read_status
    line = str(self.fp.readline(_MAXLINE + 1), "iso-8859-1")
               ^^^^^^^^^^^^^^^^^^^^^^^^^^^^^^
  File "/usr/local/lib/python3.11/socket.py", line 718, in readinto
    return self._sock.recv_into(b)
           ^^^^^^^^^^^^^^^^^^^^^^^
TimeoutError: timed out

The above exception was the direct cause of the following exception:

Traceback (most recent call last):
  File "/usr/local/lib/python3.11/site-packages/requests/adapters.py", line 696, in send
    resp = conn.urlopen(
           ^^^^^^^^^^^^^
  File "/usr/local/lib/python3.11/site-packages/urllib3/connectionpool.py", line 847, in urlopen
    retries = retries.increment(
              ^^^^^^^^^^^^^^^^^^
  File "/usr/local/lib/python3.11/site-packages/urllib3/util/retry.py", line 510, in increment
    raise reraise(type(error), error, _stacktrace)
          ^^^^^^^^^^^^^^^^^^^^^^^^^^^^^^^^^^^^^^^^
  File "/usr/local/lib/python3.11/site-packages/urllib3/util/util.py", line 39, in reraise
    raise value
  File "/usr/local/lib/python3.11/site-packages/urllib3/connectionpool.py", line 793, in urlopen
    response = self._make_request(
               ^^^^^^^^^^^^^^^^^^^
  File "/usr/local/lib/python3.11/site-packages/urllib3/connectionpool.py", line 542, in _make_request
    self._raise_timeout(err=e, url=url, timeout_value=read_timeout)
  File "/usr/local/lib/python3.11/site-packages/urllib3/connectionpool.py", line 373, in _raise_timeout
    raise ReadTimeoutError(
urllib3.exceptions.ReadTimeoutError: HTTPConnectionPool(host='10.1.1.44', port=3004): Read timed out. (read timeout=10)

During handling of the above exception, another exception occurred:

Traceback (most recent call last):
  File "/app/app/api/routes_infra.py", line 151, in send_whatsapp_to_number
    r = requests.post(
        ^^^^^^^^^^^^^^
  File "/usr/local/lib/python3.11/site-packages/requests/api.py", line 134, in post
    return request("post", url, data=data, json=json, **kwargs)
           ^^^^^^^^^^^^^^^^^^^^^^^^^^^^^^^^^^^^^^^^^^^^^^^^^^^^
  File "/usr/local/lib/python3.11/site-packages/requests/api.py", line 71, in request
    return session.request(method=method, url=url, **kwargs)
           ^^^^^^^^^^^^^^^^^^^^^^^^^^^^^^^^^^^^^^^^^^^^^^^^^
  File "/usr/local/lib/python3.11/site-packages/requests/sessions.py", line 651, in request
    resp = self.send(prep, **send_kwargs)
           ^^^^^^^^^^^^^^^^^^^^^^^^^^^^^^
  File "/usr/local/lib/python3.11/site-packages/requests/sessions.py", line 784, in send
    r = adapter.send(request, **kwargs)
        ^^^^^^^^^^^^^^^^^^^^^^^^^^^^^^^
  File "/usr/local/lib/python3.11/site-packages/requests/adapters.py", line 742, in send
    raise ReadTimeout(e, request=request)
requests.exceptions.ReadTimeout: HTTPConnectionPool(host='10.1.1.44', port=3004): Read timed out. (read timeout=10)
2026-09-23 19:10:14,390 [ERROR] app.api.routes_infra: ResolveNotify failed | ticket_id=1332 status=500 resp=HTTPConnectionPool(host='10.1.1.44', port=3004): Read timed out. (read timeout=10)
2026-09-23 19:10:25,652 [INFO] app.api.routes_infra: WA[6dea8ff8] -> sendMessage | target=919582878288 | len=233
2026-09-23 19:10:26,765 [INFO] app.api.routes_infra: WA[6dea8ff8] <- status=200 | body={"success":true}
2026-09-23 19:10:26,766 [INFO] app.api.routes_infra: ResolveNotify sent | ticket_id=1333 contact=9582878288
2026-09-24 09:39:56,039 [INFO] app.api.routes_infra: InfraAlert trigger -> ticket_id=1341 created_by=Ritu Mahalwal dept=Customer Care category=Software
2026-09-24 09:39:56,039 [INFO] app.api.routes_infra: InfraAlert -> sending WA for ticket_id=1341 | msg_len=255
2026-09-24 09:39:56,040 [INFO] app.api.routes_infra: WA[90516807] -> sendMessage | target=120363141953100908@g.us | len=255
2026-09-24 09:39:56,427 [INFO] app.api.routes_infra: WA[90516807] <- status=200 | body={"success":true}
2026-09-24 09:39:56,427 [INFO] app.api.routes_infra: InfraAlert sent | status=200 | resp={"success":true}
2026-09-24 11:10:11,539 [INFO] app.api.routes_infra: Infra resolution SLA hiccup generated | ticket_id=1330 hiccup=HCP-26-2013
2026-09-24 12:00:17,695 [INFO] app.api.routes_infra: InfraReminder -> processing 1 pending tickets
2026-09-24 12:00:17,696 [INFO] app.api.routes_infra: WA[c15971b5] -> sendMessage | target=120363141953100908@g.us | len=353
2026-09-24 12:00:17,942 [INFO] app.api.routes_infra: WA[c15971b5] <- status=200 | body={"success":true}
2026-09-24 12:00:17,942 [INFO] app.api.routes_infra: InfraReminder sent | ticket_id=1331 status=200
2026-09-24 12:03:04,498 [INFO] app.api.routes_infra: WA[0a447d41] -> sendMessage | target=919871366002 | len=122
2026-09-24 12:03:04,839 [INFO] app.api.routes_infra: WA[0a447d41] <- status=200 | body={"success":true}
2026-09-24 12:03:04,839 [INFO] app.api.routes_infra: PickNotify sent to 9871366002 | ticket_id=1341
2026-09-24 12:03:07,688 [INFO] app.api.routes_infra: WA[0f155578] -> sendMessage | target=919871366002 | len=234
2026-09-24 12:03:08,036 [INFO] app.api.routes_infra: WA[0f155578] <- status=200 | body={"success":true}
2026-09-24 12:03:08,036 [INFO] app.api.routes_infra: ResolveNotify sent | ticket_id=1341 contact=9871366002
2026-09-24 12:03:12,934 [INFO] app.api.routes_infra: WA[3952397e] -> sendMessage | target=918130931547 | len=122
2026-09-24 12:03:13,270 [INFO] app.api.routes_infra: WA[3952397e] <- status=200 | body={"success":true}
2026-09-24 12:03:13,270 [INFO] app.api.routes_infra: PickNotify sent to 8130931547 | ticket_id=1335
2026-09-24 12:03:18,522 [INFO] app.api.routes_infra: WA[2af57323] -> sendMessage | target=918130931547 | len=273
2026-09-24 12:03:18,822 [INFO] app.api.routes_infra: WA[2af57323] <- status=200 | body={"success":true}
2026-09-24 12:03:18,822 [INFO] app.api.routes_infra: ResolveNotify sent | ticket_id=1335 contact=8130931547
2026-09-24 12:03:24,714 [INFO] app.api.routes_infra: WA[ccdadcd3] -> sendMessage | target=919871366002 | len=122
2026-09-24 12:03:25,077 [INFO] app.api.routes_infra: WA[ccdadcd3] <- status=200 | body={"success":true}
2026-09-24 12:03:25,077 [INFO] app.api.routes_infra: PickNotify sent to 9871366002 | ticket_id=1331
2026-09-24 12:03:31,575 [INFO] app.api.routes_infra: WA[294efd97] -> sendMessage | target=919871366002 | len=330
2026-09-24 12:03:31,931 [INFO] app.api.routes_infra: WA[294efd97] <- status=200 | body={"success":true}
2026-09-24 12:03:31,932 [INFO] app.api.routes_infra: ResolveNotify sent | ticket_id=1331 contact=9871366002
2026-09-24 12:05:12,088 [INFO] app.api.routes_infra: InfraAlert trigger -> ticket_id=1342 created_by=Shabnam khan dept=Technical category=Software
2026-09-24 12:05:12,089 [INFO] app.api.routes_infra: InfraAlert -> sending WA for ticket_id=1342 | msg_len=277
2026-09-24 12:05:12,090 [INFO] app.api.routes_infra: WA[4d4b056e] -> sendMessage | target=120363141953100908@g.us | len=277
2026-09-24 12:05:12,139 [INFO] app.api.routes_infra: WA[4d4b056e] <- status=200 | body={"success":true}
2026-09-24 12:05:12,139 [INFO] app.api.routes_infra: InfraAlert sent | status=200 | resp={"success":true}
2026-09-24 12:44:31,961 [INFO] app.api.routes_infra: WA[877453b1] -> sendMessage | target=919336224942 | len=123
2026-09-24 12:44:32,309 [INFO] app.api.routes_infra: WA[877453b1] <- status=200 | body={"success":true}
2026-09-24 12:44:32,310 [INFO] app.api.routes_infra: PickNotify sent to 9336224942 | ticket_id=1321
2026-09-24 13:03:05,090 [INFO] app.api.routes_infra: InfraAlert trigger -> ticket_id=1343 created_by=Prerna Sharma dept=Customer Care category=Hardware
2026-09-24 13:03:05,091 [INFO] app.api.routes_infra: InfraAlert -> sending WA for ticket_id=1343 | msg_len=306
2026-09-24 13:03:05,092 [INFO] app.api.routes_infra: WA[153b786b] -> sendMessage | target=120363141953100908@g.us | len=306
2026-09-24 13:03:05,250 [INFO] app.api.routes_infra: WA[153b786b] <- status=200 | body={"success":true}
2026-09-24 13:03:05,251 [INFO] app.api.routes_infra: InfraAlert sent | status=200 | resp={"success":true}
2026-09-24 13:34:19,573 [INFO] app.api.routes_infra: WA[cc40be4b] -> sendMessage | target=919818393041 | len=126
2026-09-24 13:34:19,996 [INFO] app.api.routes_infra: WA[cc40be4b] <- status=200 | body={"success":true}
2026-09-24 13:34:19,996 [INFO] app.api.routes_infra: PickNotify sent to 9818393041 | ticket_id=1342
2026-09-24 13:34:20,100 [INFO] app.api.routes_infra: WA[cbdb07d5] -> sendMessage | target=919818393041 | len=126
2026-09-24 13:34:21,188 [INFO] app.api.routes_infra: WA[cbdb07d5] <- status=200 | body={"success":true}
2026-09-24 13:34:21,188 [INFO] app.api.routes_infra: PickNotify sent to 9818393041 | ticket_id=1342
2026-09-24 14:03:25,445 [INFO] app.api.routes_infra: WA[72608670] -> sendMessage | target=919910773271 | len=123
2026-09-24 14:03:27,777 [INFO] app.api.routes_infra: WA[6a601380] -> sendMessage | target=919910773271 | len=123
2026-09-24 14:03:35,458 [ERROR] app.api.routes_infra: WA[72608670] send_whatsapp_to_number exception: HTTPConnectionPool(host='10.1.1.44', port=3004): Max retries exceeded with url: /api/messages/send (Caused by ConnectTimeoutError(<HTTPConnection(host='10.1.1.44', port=3004) at 0x711cdc2d8f50>, 'Connection to 10.1.1.44 timed out. (connect timeout=10)'))
Traceback (most recent call last):
  File "/usr/local/lib/python3.11/site-packages/urllib3/connection.py", line 239, in _new_conn
    sock = connection.create_connection(
           ^^^^^^^^^^^^^^^^^^^^^^^^^^^^^
  File "/usr/local/lib/python3.11/site-packages/urllib3/util/connection.py", line 85, in create_connection
    raise err
  File "/usr/local/lib/python3.11/site-packages/urllib3/util/connection.py", line 73, in create_connection
    sock.connect(sa)
TimeoutError: timed out

The above exception was the direct cause of the following exception:

Traceback (most recent call last):
  File "/usr/local/lib/python3.11/site-packages/urllib3/connectionpool.py", line 793, in urlopen
    response = self._make_request(
               ^^^^^^^^^^^^^^^^^^^
  File "/usr/local/lib/python3.11/site-packages/urllib3/connectionpool.py", line 499, in _make_request
    conn.request(
  File "/usr/local/lib/python3.11/site-packages/urllib3/connection.py", line 567, in request
    self.endheaders()
  File "/usr/local/lib/python3.11/http/client.py", line 1346, in endheaders
    self._send_output(message_body, encode_chunked=encode_chunked)
  File "/usr/local/lib/python3.11/http/client.py", line 1106, in _send_output
    self.send(msg)
  File "/usr/local/lib/python3.11/http/client.py", line 1044, in send
    self.connect()
  File "/usr/local/lib/python3.11/site-packages/urllib3/connection.py", line 398, in connect
    self.sock = self._new_conn()
                ^^^^^^^^^^^^^^^^
  File "/usr/local/lib/python3.11/site-packages/urllib3/connection.py", line 248, in _new_conn
    raise ConnectTimeoutError(
urllib3.exceptions.ConnectTimeoutError: (<HTTPConnection(host='10.1.1.44', port=3004) at 0x711cdc2d8f50>, 'Connection to 10.1.1.44 timed out. (connect timeout=10)')

The above exception was the direct cause of the following exception:

Traceback (most recent call last):
  File "/usr/local/lib/python3.11/site-packages/requests/adapters.py", line 696, in send
    resp = conn.urlopen(
           ^^^^^^^^^^^^^
  File "/usr/local/lib/python3.11/site-packages/urllib3/connectionpool.py", line 847, in urlopen
    retries = retries.increment(
              ^^^^^^^^^^^^^^^^^^
  File "/usr/local/lib/python3.11/site-packages/urllib3/util/retry.py", line 555, in increment
    raise MaxRetryError(_pool, url, reason) from reason  # type: ignore[arg-type]
    ^^^^^^^^^^^^^^^^^^^^^^^^^^^^^^^^^^^^^^^^^^^^^^^^^^^
urllib3.exceptions.MaxRetryError: HTTPConnectionPool(host='10.1.1.44', port=3004): Max retries exceeded with url: /api/messages/send (Caused by ConnectTimeoutError(<HTTPConnection(host='10.1.1.44', port=3004) at 0x711cdc2d8f50>, 'Connection to 10.1.1.44 timed out. (connect timeout=10)'))

During handling of the above exception, another exception occurred:

Traceback (most recent call last):
  File "/app/app/api/routes_infra.py", line 151, in send_whatsapp_to_number
    r = requests.post(
        ^^^^^^^^^^^^^^
  File "/usr/local/lib/python3.11/site-packages/requests/api.py", line 134, in post
    return request("post", url, data=data, json=json, **kwargs)
           ^^^^^^^^^^^^^^^^^^^^^^^^^^^^^^^^^^^^^^^^^^^^^^^^^^^^
  File "/usr/local/lib/python3.11/site-packages/requests/api.py", line 71, in request
    return session.request(method=method, url=url, **kwargs)
           ^^^^^^^^^^^^^^^^^^^^^^^^^^^^^^^^^^^^^^^^^^^^^^^^^
  File "/usr/local/lib/python3.11/site-packages/requests/sessions.py", line 651, in request
    resp = self.send(prep, **send_kwargs)
           ^^^^^^^^^^^^^^^^^^^^^^^^^^^^^^
  File "/usr/local/lib/python3.11/site-packages/requests/sessions.py", line 784, in send
    r = adapter.send(request, **kwargs)
        ^^^^^^^^^^^^^^^^^^^^^^^^^^^^^^^
  File "/usr/local/lib/python3.11/site-packages/requests/adapters.py", line 717, in send
    raise ConnectTimeout(e, request=request)
requests.exceptions.ConnectTimeout: HTTPConnectionPool(host='10.1.1.44', port=3004): Max retries exceeded with url: /api/messages/send (Caused by ConnectTimeoutError(<HTTPConnection(host='10.1.1.44', port=3004) at 0x711cdc2d8f50>, 'Connection to 10.1.1.44 timed out. (connect timeout=10)'))
2026-09-24 14:03:35,463 [ERROR] app.api.routes_infra: PickNotify failed | ticket_id=1343 status=500 resp=HTTPConnectionPool(host='10.1.1.44', port=3004): Max retries exceeded with url: /api/messages/send (Caused by ConnectTimeoutError(<HTTPConnection(host='10.1.1.44', port=3004) at 0x711cdc2d8f50>, 'Connection to 10.1.1.44 timed out. (connect timeout=10)'))
2026-09-24 14:03:37,790 [ERROR] app.api.routes_infra: WA[6a601380] send_whatsapp_to_number exception: HTTPConnectionPool(host='10.1.1.44', port=3004): Max retries exceeded with url: /api/messages/send (Caused by ConnectTimeoutError(<HTTPConnection(host='10.1.1.44', port=3004) at 0x711cdc310050>, 'Connection to 10.1.1.44 timed out. (connect timeout=10)'))
Traceback (most recent call last):
  File "/usr/local/lib/python3.11/site-packages/urllib3/connection.py", line 239, in _new_conn
    sock = connection.create_connection(
           ^^^^^^^^^^^^^^^^^^^^^^^^^^^^^
  File "/usr/local/lib/python3.11/site-packages/urllib3/util/connection.py", line 85, in create_connection
    raise err
  File "/usr/local/lib/python3.11/site-packages/urllib3/util/connection.py", line 73, in create_connection
    sock.connect(sa)
TimeoutError: timed out

The above exception was the direct cause of the following exception:

Traceback (most recent call last):
  File "/usr/local/lib/python3.11/site-packages/urllib3/connectionpool.py", line 793, in urlopen
    response = self._make_request(
               ^^^^^^^^^^^^^^^^^^^
  File "/usr/local/lib/python3.11/site-packages/urllib3/connectionpool.py", line 499, in _make_request
    conn.request(
  File "/usr/local/lib/python3.11/site-packages/urllib3/connection.py", line 567, in request
    self.endheaders()
  File "/usr/local/lib/python3.11/http/client.py", line 1346, in endheaders
    self._send_output(message_body, encode_chunked=encode_chunked)
  File "/usr/local/lib/python3.11/http/client.py", line 1106, in _send_output
    self.send(msg)
  File "/usr/local/lib/python3.11/http/client.py", line 1044, in send
    self.connect()
  File "/usr/local/lib/python3.11/site-packages/urllib3/connection.py", line 398, in connect
    self.sock = self._new_conn()
                ^^^^^^^^^^^^^^^^
  File "/usr/local/lib/python3.11/site-packages/urllib3/connection.py", line 248, in _new_conn
    raise ConnectTimeoutError(
urllib3.exceptions.ConnectTimeoutError: (<HTTPConnection(host='10.1.1.44', port=3004) at 0x711cdc310050>, 'Connection to 10.1.1.44 timed out. (connect timeout=10)')

The above exception was the direct cause of the following exception:

Traceback (most recent call last):
  File "/usr/local/lib/python3.11/site-packages/requests/adapters.py", line 696, in send
    resp = conn.urlopen(
           ^^^^^^^^^^^^^
  File "/usr/local/lib/python3.11/site-packages/urllib3/connectionpool.py", line 847, in urlopen
    retries = retries.increment(
              ^^^^^^^^^^^^^^^^^^
  File "/usr/local/lib/python3.11/site-packages/urllib3/util/retry.py", line 555, in increment
    raise MaxRetryError(_pool, url, reason) from reason  # type: ignore[arg-type]
    ^^^^^^^^^^^^^^^^^^^^^^^^^^^^^^^^^^^^^^^^^^^^^^^^^^^
urllib3.exceptions.MaxRetryError: HTTPConnectionPool(host='10.1.1.44', port=3004): Max retries exceeded with url: /api/messages/send (Caused by ConnectTimeoutError(<HTTPConnection(host='10.1.1.44', port=3004) at 0x711cdc310050>, 'Connection to 10.1.1.44 timed out. (connect timeout=10)'))

During handling of the above exception, another exception occurred:

Traceback (most recent call last):
  File "/app/app/api/routes_infra.py", line 151, in send_whatsapp_to_number
    r = requests.post(
        ^^^^^^^^^^^^^^
  File "/usr/local/lib/python3.11/site-packages/requests/api.py", line 134, in post
    return request("post", url, data=data, json=json, **kwargs)
           ^^^^^^^^^^^^^^^^^^^^^^^^^^^^^^^^^^^^^^^^^^^^^^^^^^^^
  File "/usr/local/lib/python3.11/site-packages/requests/api.py", line 71, in request
    return session.request(method=method, url=url, **kwargs)
           ^^^^^^^^^^^^^^^^^^^^^^^^^^^^^^^^^^^^^^^^^^^^^^^^^
  File "/usr/local/lib/python3.11/site-packages/requests/sessions.py", line 651, in request
    resp = self.send(prep, **send_kwargs)
           ^^^^^^^^^^^^^^^^^^^^^^^^^^^^^^
  File "/usr/local/lib/python3.11/site-packages/requests/sessions.py", line 784, in send
    r = adapter.send(request, **kwargs)
        ^^^^^^^^^^^^^^^^^^^^^^^^^^^^^^^
  File "/usr/local/lib/python3.11/site-packages/requests/adapters.py", line 717, in send
    raise ConnectTimeout(e, request=request)
requests.exceptions.ConnectTimeout: HTTPConnectionPool(host='10.1.1.44', port=3004): Max retries exceeded with url: /api/messages/send (Caused by ConnectTimeoutError(<HTTPConnection(host='10.1.1.44', port=3004) at 0x711cdc310050>, 'Connection to 10.1.1.44 timed out. (connect timeout=10)'))
2026-09-24 14:03:37,794 [ERROR] app.api.routes_infra: PickNotify failed | ticket_id=1343 status=500 resp=HTTPConnectionPool(host='10.1.1.44', port=3004): Max retries exceeded with url: /api/messages/send (Caused by ConnectTimeoutError(<HTTPConnection(host='10.1.1.44', port=3004) at 0x711cdc310050>, 'Connection to 10.1.1.44 timed out. (connect timeout=10)'))
2026-09-24 14:03:47,103 [INFO] app.api.routes_infra: WA[7361c9b1] -> sendMessage | target=919910773271 | len=286
2026-09-24 14:03:47,160 [INFO] app.api.routes_infra: WA[7361c9b1] <- status=409 | body={"error":"Account not ready"}
2026-09-24 14:03:47,160 [ERROR] app.api.routes_infra: ResolveNotify failed | ticket_id=1343 status=409 resp={"error":"Account not ready"}
2026-09-24 17:33:38,611 [INFO] app.api.routes_infra: InfraAlert trigger -> ticket_id=1344 created_by=Deepak ojha dept=Admin category=Software
2026-09-24 17:33:38,612 [INFO] app.api.routes_infra: InfraAlert -> sending WA for ticket_id=1344 | msg_len=284
2026-09-24 17:33:38,613 [INFO] app.api.routes_infra: WA[7b5f29a3] -> sendMessage | target=120363141953100908@g.us | len=284
2026-09-24 17:33:38,661 [INFO] app.api.routes_infra: WA[7b5f29a3] <- status=200 | body={"success":true}
2026-09-24 17:33:38,662 [INFO] app.api.routes_infra: InfraAlert sent | status=200 | resp={"success":true}
2026-09-24 17:53:28,450 [INFO] app.api.routes_infra: WA[8f327088] -> sendMessage | target=919310671290 | len=123
2026-09-24 17:53:28,755 [INFO] app.api.routes_infra: WA[8f327088] <- status=200 | body={"success":true}
2026-09-24 17:53:28,756 [INFO] app.api.routes_infra: PickNotify sent to 9310671290 | ticket_id=1344
2026-09-24 18:01:10,765 [INFO] app.api.routes_infra: InfraAlert trigger -> ticket_id=1345 created_by=SAHIL BISHT dept=Admin category=Hardware
2026-09-24 18:01:10,766 [INFO] app.api.routes_infra: InfraAlert -> sending WA for ticket_id=1345 | msg_len=514
2026-09-24 18:01:10,767 [INFO] app.api.routes_infra: WA[62e03742] -> sendMessage | target=120363141953100908@g.us | len=514
2026-09-24 18:01:11,526 [INFO] app.api.routes_infra: WA[62e03742] <- status=200 | body={"success":true}
2026-09-24 18:01:11,527 [INFO] app.api.routes_infra: InfraAlert sent | status=200 | resp={"success":true}
2026-09-24 18:02:14,926 [INFO] app.api.routes_infra: WA[131356c4] -> sendMessage | target=918057054076 | len=123
2026-09-24 18:02:15,778 [INFO] app.api.routes_infra: WA[131356c4] <- status=200 | body={"success":true}
2026-09-24 18:02:15,778 [INFO] app.api.routes_infra: PickNotify sent to 8057054076 | ticket_id=1345
2026-09-24 18:08:14,152 [INFO] app.api.routes_infra: WA[0ebb1ed6] -> sendMessage | target=919818393041 | len=265
2026-09-24 18:08:14,487 [INFO] app.api.routes_infra: WA[0ebb1ed6] <- status=200 | body={"success":true}
2026-09-24 18:08:14,487 [INFO] app.api.routes_infra: ResolveNotify sent | ticket_id=1342 contact=9818393041
2026-09-24 18:22:01,233 [INFO] app.api.routes_infra: WA[c370248c] -> sendMessage | target=919871366002 | len=250
2026-09-24 18:22:05,191 [INFO] app.api.routes_infra: WA[47031c62] -> sendMessage | target=919871366002 | len=250
2026-09-24 18:22:11,243 [ERROR] app.api.routes_infra: WA[c370248c] send_whatsapp_to_number exception: HTTPConnectionPool(host='10.1.1.44', port=3004): Max retries exceeded with url: /api/messages/send (Caused by ConnectTimeoutError(<HTTPConnection(host='10.1.1.44', port=3004) at 0x711cdc1c12d0>, 'Connection to 10.1.1.44 timed out. (connect timeout=10)'))
Traceback (most recent call last):
  File "/usr/local/lib/python3.11/site-packages/urllib3/connection.py", line 239, in _new_conn
    sock = connection.create_connection(
           ^^^^^^^^^^^^^^^^^^^^^^^^^^^^^
  File "/usr/local/lib/python3.11/site-packages/urllib3/util/connection.py", line 85, in create_connection
    raise err
  File "/usr/local/lib/python3.11/site-packages/urllib3/util/connection.py", line 73, in create_connection
    sock.connect(sa)
TimeoutError: timed out

The above exception was the direct cause of the following exception:

Traceback (most recent call last):
  File "/usr/local/lib/python3.11/site-packages/urllib3/connectionpool.py", line 793, in urlopen
    response = self._make_request(
               ^^^^^^^^^^^^^^^^^^^
  File "/usr/local/lib/python3.11/site-packages/urllib3/connectionpool.py", line 499, in _make_request
    conn.request(
  File "/usr/local/lib/python3.11/site-packages/urllib3/connection.py", line 567, in request
    self.endheaders()
  File "/usr/local/lib/python3.11/http/client.py", line 1346, in endheaders
    self._send_output(message_body, encode_chunked=encode_chunked)
  File "/usr/local/lib/python3.11/http/client.py", line 1106, in _send_output
    self.send(msg)
  File "/usr/local/lib/python3.11/http/client.py", line 1044, in send
    self.connect()
  File "/usr/local/lib/python3.11/site-packages/urllib3/connection.py", line 398, in connect
    self.sock = self._new_conn()
                ^^^^^^^^^^^^^^^^
  File "/usr/local/lib/python3.11/site-packages/urllib3/connection.py", line 248, in _new_conn
    raise ConnectTimeoutError(
urllib3.exceptions.ConnectTimeoutError: (<HTTPConnection(host='10.1.1.44', port=3004) at 0x711cdc1c12d0>, 'Connection to 10.1.1.44 timed out. (connect timeout=10)')

The above exception was the direct cause of the following exception:

Traceback (most recent call last):
  File "/usr/local/lib/python3.11/site-packages/requests/adapters.py", line 696, in send
    resp = conn.urlopen(
           ^^^^^^^^^^^^^
  File "/usr/local/lib/python3.11/site-packages/urllib3/connectionpool.py", line 847, in urlopen
    retries = retries.increment(
              ^^^^^^^^^^^^^^^^^^
  File "/usr/local/lib/python3.11/site-packages/urllib3/util/retry.py", line 555, in increment
    raise MaxRetryError(_pool, url, reason) from reason  # type: ignore[arg-type]
    ^^^^^^^^^^^^^^^^^^^^^^^^^^^^^^^^^^^^^^^^^^^^^^^^^^^
urllib3.exceptions.MaxRetryError: HTTPConnectionPool(host='10.1.1.44', port=3004): Max retries exceeded with url: /api/messages/send (Caused by ConnectTimeoutError(<HTTPConnection(host='10.1.1.44', port=3004) at 0x711cdc1c12d0>, 'Connection to 10.1.1.44 timed out. (connect timeout=10)'))

During handling of the above exception, another exception occurred:

Traceback (most recent call last):
  File "/app/app/api/routes_infra.py", line 151, in send_whatsapp_to_number
    r = requests.post(
        ^^^^^^^^^^^^^^
  File "/usr/local/lib/python3.11/site-packages/requests/api.py", line 134, in post
    return request("post", url, data=data, json=json, **kwargs)
           ^^^^^^^^^^^^^^^^^^^^^^^^^^^^^^^^^^^^^^^^^^^^^^^^^^^^
  File "/usr/local/lib/python3.11/site-packages/requests/api.py", line 71, in request
    return session.request(method=method, url=url, **kwargs)
           ^^^^^^^^^^^^^^^^^^^^^^^^^^^^^^^^^^^^^^^^^^^^^^^^^
  File "/usr/local/lib/python3.11/site-packages/requests/sessions.py", line 651, in request
    resp = self.send(prep, **send_kwargs)
           ^^^^^^^^^^^^^^^^^^^^^^^^^^^^^^
  File "/usr/local/lib/python3.11/site-packages/requests/sessions.py", line 784, in send
    r = adapter.send(request, **kwargs)
        ^^^^^^^^^^^^^^^^^^^^^^^^^^^^^^^
  File "/usr/local/lib/python3.11/site-packages/requests/adapters.py", line 717, in send
    raise ConnectTimeout(e, request=request)
requests.exceptions.ConnectTimeout: HTTPConnectionPool(host='10.1.1.44', port=3004): Max retries exceeded with url: /api/messages/send (Caused by ConnectTimeoutError(<HTTPConnection(host='10.1.1.44', port=3004) at 0x711cdc1c12d0>, 'Connection to 10.1.1.44 timed out. (connect timeout=10)'))
2026-09-24 18:22:11,245 [ERROR] app.api.routes_infra: ResolveNotify failed | ticket_id=1337 status=500 resp=HTTPConnectionPool(host='10.1.1.44', port=3004): Max retries exceeded with url: /api/messages/send (Caused by ConnectTimeoutError(<HTTPConnection(host='10.1.1.44', port=3004) at 0x711cdc1c12d0>, 'Connection to 10.1.1.44 timed out. (connect timeout=10)'))
2026-09-24 18:22:15,203 [ERROR] app.api.routes_infra: WA[47031c62] send_whatsapp_to_number exception: HTTPConnectionPool(host='10.1.1.44', port=3004): Max retries exceeded with url: /api/messages/send (Caused by ConnectTimeoutError(<HTTPConnection(host='10.1.1.44', port=3004) at 0x711cdc21a690>, 'Connection to 10.1.1.44 timed out. (connect timeout=10)'))
Traceback (most recent call last):
  File "/usr/local/lib/python3.11/site-packages/urllib3/connection.py", line 239, in _new_conn
    sock = connection.create_connection(
           ^^^^^^^^^^^^^^^^^^^^^^^^^^^^^
  File "/usr/local/lib/python3.11/site-packages/urllib3/util/connection.py", line 85, in create_connection
    raise err
  File "/usr/local/lib/python3.11/site-packages/urllib3/util/connection.py", line 73, in create_connection
    sock.connect(sa)
TimeoutError: timed out

The above exception was the direct cause of the following exception:

Traceback (most recent call last):
  File "/usr/local/lib/python3.11/site-packages/urllib3/connectionpool.py", line 793, in urlopen
    response = self._make_request(
               ^^^^^^^^^^^^^^^^^^^
  File "/usr/local/lib/python3.11/site-packages/urllib3/connectionpool.py", line 499, in _make_request
    conn.request(
  File "/usr/local/lib/python3.11/site-packages/urllib3/connection.py", line 567, in request
    self.endheaders()
  File "/usr/local/lib/python3.11/http/client.py", line 1346, in endheaders
    self._send_output(message_body, encode_chunked=encode_chunked)
  File "/usr/local/lib/python3.11/http/client.py", line 1106, in _send_output
    self.send(msg)
  File "/usr/local/lib/python3.11/http/client.py", line 1044, in send
    self.connect()
  File "/usr/local/lib/python3.11/site-packages/urllib3/connection.py", line 398, in connect
    self.sock = self._new_conn()
                ^^^^^^^^^^^^^^^^
  File "/usr/local/lib/python3.11/site-packages/urllib3/connection.py", line 248, in _new_conn
    raise ConnectTimeoutError(
urllib3.exceptions.ConnectTimeoutError: (<HTTPConnection(host='10.1.1.44', port=3004) at 0x711cdc21a690>, 'Connection to 10.1.1.44 timed out. (connect timeout=10)')

The above exception was the direct cause of the following exception:

Traceback (most recent call last):
  File "/usr/local/lib/python3.11/site-packages/requests/adapters.py", line 696, in send
    resp = conn.urlopen(
           ^^^^^^^^^^^^^
  File "/usr/local/lib/python3.11/site-packages/urllib3/connectionpool.py", line 847, in urlopen
    retries = retries.increment(
              ^^^^^^^^^^^^^^^^^^
  File "/usr/local/lib/python3.11/site-packages/urllib3/util/retry.py", line 555, in increment
    raise MaxRetryError(_pool, url, reason) from reason  # type: ignore[arg-type]
    ^^^^^^^^^^^^^^^^^^^^^^^^^^^^^^^^^^^^^^^^^^^^^^^^^^^
urllib3.exceptions.MaxRetryError: HTTPConnectionPool(host='10.1.1.44', port=3004): Max retries exceeded with url: /api/messages/send (Caused by ConnectTimeoutError(<HTTPConnection(host='10.1.1.44', port=3004) at 0x711cdc21a690>, 'Connection to 10.1.1.44 timed out. (connect timeout=10)'))

During handling of the above exception, another exception occurred:

Traceback (most recent call last):
  File "/app/app/api/routes_infra.py", line 151, in send_whatsapp_to_number
    r = requests.post(
        ^^^^^^^^^^^^^^
  File "/usr/local/lib/python3.11/site-packages/requests/api.py", line 134, in post
    return request("post", url, data=data, json=json, **kwargs)
           ^^^^^^^^^^^^^^^^^^^^^^^^^^^^^^^^^^^^^^^^^^^^^^^^^^^^
  File "/usr/local/lib/python3.11/site-packages/requests/api.py", line 71, in request
    return session.request(method=method, url=url, **kwargs)
           ^^^^^^^^^^^^^^^^^^^^^^^^^^^^^^^^^^^^^^^^^^^^^^^^^
  File "/usr/local/lib/python3.11/site-packages/requests/sessions.py", line 651, in request
    resp = self.send(prep, **send_kwargs)
           ^^^^^^^^^^^^^^^^^^^^^^^^^^^^^^
  File "/usr/local/lib/python3.11/site-packages/requests/sessions.py", line 784, in send
    r = adapter.send(request, **kwargs)
        ^^^^^^^^^^^^^^^^^^^^^^^^^^^^^^^
  File "/usr/local/lib/python3.11/site-packages/requests/adapters.py", line 717, in send
    raise ConnectTimeout(e, request=request)
requests.exceptions.ConnectTimeout: HTTPConnectionPool(host='10.1.1.44', port=3004): Max retries exceeded with url: /api/messages/send (Caused by ConnectTimeoutError(<HTTPConnection(host='10.1.1.44', port=3004) at 0x711cdc21a690>, 'Connection to 10.1.1.44 timed out. (connect timeout=10)'))
2026-09-24 18:22:15,205 [ERROR] app.api.routes_infra: ResolveNotify failed | ticket_id=1337 status=500 resp=HTTPConnectionPool(host='10.1.1.44', port=3004): Max retries exceeded with url: /api/messages/send (Caused by ConnectTimeoutError(<HTTPConnection(host='10.1.1.44', port=3004) at 0x711cdc21a690>, 'Connection to 10.1.1.44 timed out. (connect timeout=10)'))
2026-09-24 18:53:25,296 [INFO] app.api.routes_infra: WA[b8b0c66e] -> sendMessage | target=919810312510 | len=126
2026-09-24 18:53:25,628 [INFO] app.api.routes_infra: WA[b8b0c66e] <- status=200 | body={"success":true}
2026-09-24 18:53:25,628 [INFO] app.api.routes_infra: PickNotify sent to 9810312510 | ticket_id=1339
2026-09-24 19:17:01,832 [INFO] app.api.routes_infra: InfraAlert trigger -> ticket_id=1346 created_by=Rohit Bisht dept=Admin category=Software
2026-09-24 19:17:01,832 [INFO] app.api.routes_infra: InfraAlert -> sending WA for ticket_id=1346 | msg_len=204
2026-09-24 19:17:01,833 [INFO] app.api.routes_infra: WA[8f9c8f2a] -> sendMessage | target=120363141953100908@g.us | len=204
2026-09-24 19:17:01,890 [INFO] app.api.routes_infra: WA[8f9c8f2a] <- status=200 | body={"success":true}
2026-09-24 19:17:01,890 [INFO] app.api.routes_infra: InfraAlert sent | status=200 | resp={"success":true}
2026-09-24 19:29:41,990 [INFO] app.api.routes_infra: InfraAlert trigger -> ticket_id=1347 created_by=Rohit Bisht dept=Admin category=Software
2026-09-24 19:29:41,991 [INFO] app.api.routes_infra: InfraAlert -> sending WA for ticket_id=1347 | msg_len=203
2026-09-24 19:29:41,992 [INFO] app.api.routes_infra: WA[c011fee9] -> sendMessage | target=120363141953100908@g.us | len=203
2026-09-24 19:29:42,066 [INFO] app.api.routes_infra: WA[c011fee9] <- status=200 | body={"success":true}
2026-09-24 19:29:42,067 [INFO] app.api.routes_infra: InfraAlert sent | status=200 | resp={"success":true}
2026-09-24 19:29:56,087 [INFO] app.api.routes_infra: WA[d18ffd21] -> sendMessage | target=918126382045 | len=122
2026-09-24 19:29:57,984 [INFO] app.api.routes_infra: WA[d18ffd21] <- status=200 | body={"success":true}
2026-09-24 19:29:57,984 [INFO] app.api.routes_infra: PickNotify sent to 8126382045 | ticket_id=1346
2026-09-24 19:29:59,858 [INFO] app.api.routes_infra: WA[1bd8d7b6] -> sendMessage | target=918126382045 | len=122
2026-09-24 19:30:02,039 [INFO] app.api.routes_infra: WA[1bd8d7b6] <- status=200 | body={"success":true}
2026-09-24 19:30:02,039 [INFO] app.api.routes_infra: PickNotify sent to 8126382045 | ticket_id=1347
2026-09-24 19:30:04,805 [INFO] app.api.routes_infra: Infra resolution SLA hiccup generated | ticket_id=1347 hiccup=HCP-26-2025
2026-09-24 19:30:04,816 [INFO] app.api.routes_infra: WA[17819d4f] -> sendMessage | target=918126382045 | len=205
2026-09-24 19:30:06,684 [INFO] app.api.routes_infra: WA[17819d4f] <- status=200 | body={"success":true}
2026-09-24 19:30:06,685 [INFO] app.api.routes_infra: ResolveNotify sent | ticket_id=1347 contact=8126382045
2026-09-24 19:30:09,000 [INFO] app.api.routes_infra: Infra resolution SLA hiccup generated | ticket_id=1346 hiccup=HCP-26-2026
2026-09-24 19:30:09,015 [INFO] app.api.routes_infra: WA[addd5b68] -> sendMessage | target=918126382045 | len=206
2026-09-24 19:30:10,953 [INFO] app.api.routes_infra: WA[addd5b68] <- status=200 | body={"success":true}
2026-09-24 19:30:10,953 [INFO] app.api.routes_infra: ResolveNotify sent | ticket_id=1346 contact=8126382045
2026-09-25 09:45:32,791 [INFO] app.api.routes_infra: InfraAlert trigger -> ticket_id=1348 created_by=Ritu Mahalwal dept=Customer Care category=Software
2026-09-25 09:45:32,792 [INFO] app.api.routes_infra: InfraAlert -> sending WA for ticket_id=1348 | msg_len=286
2026-09-25 09:45:32,795 [INFO] app.api.routes_infra: WA[a451283b] -> sendMessage | target=120363141953100908@g.us | len=286
2026-09-25 09:45:32,839 [INFO] app.api.routes_infra: WA[a451283b] <- status=200 | body={"success":true}
2026-09-25 09:45:32,840 [INFO] app.api.routes_infra: InfraAlert sent | status=200 | resp={"success":true}
2026-09-25 11:13:14,666 [INFO] app.api.routes_infra: WA[e4e33910] -> sendMessage | target=919871366002 | len=122
2026-09-25 11:13:15,020 [INFO] app.api.routes_infra: WA[e4e33910] <- status=200 | body={"success":true}
2026-09-25 11:13:15,021 [INFO] app.api.routes_infra: PickNotify sent to 9871366002 | ticket_id=1348
2026-09-25 11:33:22,443 [INFO] app.api.routes_infra: InfraAlert trigger -> ticket_id=1349 created_by=Sanjeet Kumar dept=Customer Care category=Software
2026-09-25 11:33:22,444 [INFO] app.api.routes_infra: InfraAlert -> sending WA for ticket_id=1349 | msg_len=365
2026-09-25 11:33:22,446 [INFO] app.api.routes_infra: WA[6e3008d6] -> sendMessage | target=120363141953100908@g.us | len=365
2026-09-25 11:33:22,493 [INFO] app.api.routes_infra: WA[6e3008d6] <- status=200 | body={"success":true}
2026-09-25 11:33:22,494 [INFO] app.api.routes_infra: InfraAlert sent | status=200 | resp={"success":true}
2026-09-25 11:44:12,576 [INFO] app.api.routes_infra: WA[40a438e0] -> sendMessage | target=919871366002 | len=265
2026-09-25 11:44:12,927 [INFO] app.api.routes_infra: WA[40a438e0] <- status=200 | body={"success":true}
2026-09-25 11:44:12,928 [INFO] app.api.routes_infra: ResolveNotify sent | ticket_id=1348 contact=9871366002
2026-09-25 11:44:51,378 [INFO] app.api.routes_infra: WA[36637b33] -> sendMessage | target=917982256085 | len=122
2026-09-25 11:44:51,728 [INFO] app.api.routes_infra: WA[36637b33] <- status=200 | body={"success":true}
2026-09-25 11:44:51,729 [INFO] app.api.routes_infra: PickNotify sent to 7982256085 | ticket_id=1349
2026-09-25 12:10:01,983 [INFO] app.api.routes_infra: WA[b91d6bf2] -> sendMessage | target=917982256085 | len=344
2026-09-25 12:10:02,333 [INFO] app.api.routes_infra: WA[b91d6bf2] <- status=200 | body={"success":true}
2026-09-25 12:10:02,334 [INFO] app.api.routes_infra: ResolveNotify sent | ticket_id=1349 contact=7982256085
2026-09-25 15:40:13,114 [INFO] app.api.routes_infra: Infra resolution SLA hiccup generated | ticket_id=1336 hiccup=HCP-26-2036
2026-09-25 16:09:16,620 [INFO] app.api.routes_infra: InfraAlert trigger -> ticket_id=1350 created_by=Sejal Rai dept=Customer Care category=Software
2026-09-25 16:09:16,621 [INFO] app.api.routes_infra: InfraAlert -> sending WA for ticket_id=1350 | msg_len=264
2026-09-25 16:09:16,622 [INFO] app.api.routes_infra: WA[d40bdf4b] -> sendMessage | target=120363141953100908@g.us | len=264
2026-09-25 16:09:16,671 [INFO] app.api.routes_infra: WA[d40bdf4b] <- status=200 | body={"success":true}
2026-09-25 16:09:16,672 [INFO] app.api.routes_infra: InfraAlert sent | status=200 | resp={"success":true}
2026-09-26 09:12:57,800 [INFO] app.api.routes_infra: WA[6c8ab5e0] -> sendMessage | target=918368207989 | len=122
2026-09-26 09:12:58,113 [INFO] app.api.routes_infra: WA[6c8ab5e0] <- status=200 | body={"success":true}
2026-09-26 09:12:58,113 [INFO] app.api.routes_infra: PickNotify sent to 8368207989 | ticket_id=1350
2026-09-26 09:13:00,407 [INFO] app.api.routes_infra: WA[a520e8af] -> sendMessage | target=918368207989 | len=260
2026-09-26 09:13:00,726 [INFO] app.api.routes_infra: WA[a520e8af] <- status=200 | body={"success":true}
2026-09-26 09:13:00,726 [INFO] app.api.routes_infra: ResolveNotify sent | ticket_id=1350 contact=8368207989
2026-09-26 09:13:34,336 [INFO] app.api.routes_infra: InfraAlert trigger -> ticket_id=1351 created_by=Rohit Bisht dept=Admin category=Software
2026-09-26 09:13:34,337 [INFO] app.api.routes_infra: InfraAlert -> sending WA for ticket_id=1351 | msg_len=206
2026-09-26 09:13:34,338 [INFO] app.api.routes_infra: WA[144263a2] -> sendMessage | target=120363141953100908@g.us | len=206
2026-09-26 09:13:34,385 [INFO] app.api.routes_infra: WA[144263a2] <- status=200 | body={"success":true}
2026-09-26 09:13:34,386 [INFO] app.api.routes_infra: InfraAlert sent | status=200 | resp={"success":true}
2026-09-26 09:13:41,045 [INFO] app.api.routes_infra: WA[2a70f71f] -> sendMessage | target=918126382045 | len=122
2026-09-26 09:13:41,403 [INFO] app.api.routes_infra: WA[2a70f71f] <- status=200 | body={"success":true}
2026-09-26 09:13:41,404 [INFO] app.api.routes_infra: PickNotify sent to 8126382045 | ticket_id=1351
2026-09-26 09:13:43,602 [INFO] app.api.routes_infra: WA[5cd3ce2b] -> sendMessage | target=918126382045 | len=208
2026-09-26 09:13:43,930 [INFO] app.api.routes_infra: WA[5cd3ce2b] <- status=200 | body={"success":true}
2026-09-26 09:13:43,931 [INFO] app.api.routes_infra: ResolveNotify sent | ticket_id=1351 contact=8126382045
2026-09-26 11:21:18,501 [INFO] app.api.routes_infra: WA[dd349398] -> sendMessage | target=919310671290 | len=287
2026-09-26 11:21:18,834 [INFO] app.api.routes_infra: WA[dd349398] <- status=200 | body={"success":true}
2026-09-26 11:21:18,834 [INFO] app.api.routes_infra: ResolveNotify sent | ticket_id=1344 contact=9310671290
2026-09-26 13:54:35,973 [INFO] app.api.routes_infra: WA[b3887f6b] -> sendMessage | target=919810637037 | len=306
2026-09-26 13:54:36,319 [INFO] app.api.routes_infra: WA[b3887f6b] <- status=200 | body={"success":true}
2026-09-26 13:54:36,319 [INFO] app.api.routes_infra: ResolveNotify sent | ticket_id=1330 contact=9810637037
2026-09-26 14:30:43,256 [INFO] app.api.routes_infra: InfraAlert trigger -> ticket_id=1352 created_by=Suresh Kundra dept=Customer Care category=Hardware
2026-09-26 14:30:43,257 [INFO] app.api.routes_infra: InfraAlert -> sending WA for ticket_id=1352 | msg_len=283
2026-09-26 14:30:43,259 [INFO] app.api.routes_infra: WA[a10790ae] -> sendMessage | target=120363141953100908@g.us | len=283
2026-09-26 14:30:43,317 [INFO] app.api.routes_infra: WA[a10790ae] <- status=200 | body={"success":true}
2026-09-26 14:30:43,317 [INFO] app.api.routes_infra: InfraAlert sent | status=200 | resp={"success":true}
2026-09-26 15:00:51,213 [INFO] app.api.routes_infra: InfraAlert trigger -> ticket_id=1353 created_by=Sejal Rai dept=Customer Care category=Other
2026-09-26 15:00:51,214 [INFO] app.api.routes_infra: InfraAlert -> sending WA for ticket_id=1353 | msg_len=348
2026-09-26 15:00:51,215 [INFO] app.api.routes_infra: WA[f6f3540e] -> sendMessage | target=120363141953100908@g.us | len=348
2026-09-26 15:00:51,262 [INFO] app.api.routes_infra: WA[f6f3540e] <- status=200 | body={"success":true}
2026-09-26 15:00:51,262 [INFO] app.api.routes_infra: InfraAlert sent | status=200 | resp={"success":true}
2026-09-26 15:01:31,870 [INFO] app.api.routes_infra: WA[5b68f1d3] -> sendMessage | target=919667798385 | len=123
2026-09-26 15:01:32,303 [INFO] app.api.routes_infra: WA[5b68f1d3] <- status=200 | body={"success":true}
2026-09-26 15:01:32,304 [INFO] app.api.routes_infra: PickNotify sent to 9667798385 | ticket_id=1352
2026-09-26 15:01:34,736 [INFO] app.api.routes_infra: WA[ae9f2188] -> sendMessage | target=919667798385 | len=276
2026-09-26 15:01:35,077 [INFO] app.api.routes_infra: WA[ae9f2188] <- status=200 | body={"success":true}
2026-09-26 15:01:35,077 [INFO] app.api.routes_infra: ResolveNotify sent | ticket_id=1352 contact=9667798385
2026-09-26 15:09:19,290 [INFO] app.api.routes_infra: WA[19b1767b] -> sendMessage | target=918368207989 | len=122
2026-09-26 15:09:19,639 [INFO] app.api.routes_infra: WA[19b1767b] <- status=200 | body={"success":true}
2026-09-26 15:09:19,640 [INFO] app.api.routes_infra: PickNotify sent to 8368207989 | ticket_id=1353
2026-09-26 15:11:26,730 [INFO] app.api.routes_infra: WA[31e38b86] -> sendMessage | target=918368207989 | len=344
2026-09-26 15:11:27,035 [INFO] app.api.routes_infra: WA[31e38b86] <- status=200 | body={"success":true}
2026-09-26 15:11:27,036 [INFO] app.api.routes_infra: ResolveNotify sent | ticket_id=1353 contact=8368207989
2026-09-26 15:18:20,386 [INFO] app.api.routes_infra: InfraAlert trigger -> ticket_id=1354 created_by=Ruchika sanyal dept=Other category=Office Infra
2026-09-26 15:18:20,386 [INFO] app.api.routes_infra: InfraAlert -> sending WA for ticket_id=1354 | msg_len=271
2026-09-26 15:18:20,387 [INFO] app.api.routes_infra: WA[d06101d2] -> sendMessage | target=120363141953100908@g.us | len=271
2026-09-26 15:18:20,437 [INFO] app.api.routes_infra: WA[d06101d2] <- status=200 | body={"success":true}
2026-09-26 15:18:20,438 [INFO] app.api.routes_infra: InfraAlert sent | status=200 | resp={"success":true}
2026-09-26 15:59:03,608 [INFO] app.api.routes_infra: WA[6ac1b5da] -> sendMessage | target=919871366002 | len=254
2026-09-26 15:59:04,004 [INFO] app.api.routes_infra: WA[6ac1b5da] <- status=200 | body={"success":true}
2026-09-26 15:59:04,005 [INFO] app.api.routes_infra: InvalidNotify sent | ticket_id=1336 contact=9871366002
2026-09-26 16:50:33,344 [INFO] app.api.routes_infra: InfraAlert trigger -> ticket_id=1355 created_by=Sanjeet Kumar dept=Customer Care category=Software
2026-09-26 16:50:33,345 [INFO] app.api.routes_infra: InfraAlert -> sending WA for ticket_id=1355 | msg_len=268
2026-09-26 16:50:33,347 [INFO] app.api.routes_infra: WA[0bf3a50d] -> sendMessage | target=120363141953100908@g.us | len=268
2026-09-26 16:50:33,403 [INFO] app.api.routes_infra: WA[0bf3a50d] <- status=200 | body={"success":true}
2026-09-26 16:50:33,403 [INFO] app.api.routes_infra: InfraAlert sent | status=200 | resp={"success":true}
2026-09-26 17:09:43,193 [INFO] app.api.routes_infra: WA[86f7b528] -> sendMessage | target=919810312510 | len=380
2026-09-26 17:09:43,518 [INFO] app.api.routes_infra: WA[86f7b528] <- status=200 | body={"success":true}
2026-09-26 17:09:43,518 [INFO] app.api.routes_infra: ResolveNotify sent | ticket_id=1339 contact=9810312510
2026-09-26 17:10:16,125 [INFO] app.api.routes_infra: WA[77d56410] -> sendMessage | target=917982256085 | len=126
2026-09-26 17:10:16,463 [INFO] app.api.routes_infra: WA[77d56410] <- status=200 | body={"success":true}
2026-09-26 17:10:16,463 [INFO] app.api.routes_infra: PickNotify sent to 7982256085 | ticket_id=1355
2026-09-26 17:29:39,601 [INFO] app.api.routes_infra: InfraAlert trigger -> ticket_id=1356 created_by=Bhawana Manral dept=Other category=Office Infra
2026-09-26 17:29:39,602 [INFO] app.api.routes_infra: InfraAlert -> sending WA for ticket_id=1356 | msg_len=314
2026-09-26 17:29:39,603 [INFO] app.api.routes_infra: WA[e61b6d3a] -> sendMessage | target=120363141953100908@g.us | len=314
2026-09-26 17:29:39,651 [INFO] app.api.routes_infra: WA[e61b6d3a] <- status=200 | body={"success":true}
2026-09-26 17:29:39,651 [INFO] app.api.routes_infra: InfraAlert sent | status=200 | resp={"success":true}
2026-09-26 17:30:37,129 [INFO] app.api.routes_infra: InfraAlert trigger -> ticket_id=1357 created_by=MD ARIF SAIFI dept=Admin category=Office Infra
2026-09-26 17:30:37,129 [INFO] app.api.routes_infra: InfraAlert -> sending WA for ticket_id=1357 | msg_len=338
2026-09-26 17:30:37,131 [INFO] app.api.routes_infra: WA[92220043] -> sendMessage | target=120363141953100908@g.us | len=338
2026-09-26 17:30:37,189 [INFO] app.api.routes_infra: WA[92220043] <- status=200 | body={"success":true}
2026-09-26 17:30:37,192 [INFO] app.api.routes_infra: InfraAlert sent | status=200 | resp={"success":true}
2026-09-27 08:04:51,082 [INFO] app.api.routes_infra: InfraAlert trigger -> ticket_id=1358 created_by=Prerna Sharma dept=Customer Care category=Other
2026-09-27 08:04:51,083 [INFO] app.api.routes_infra: InfraAlert -> sending WA for ticket_id=1358 | msg_len=401
2026-09-27 08:04:51,084 [INFO] app.api.routes_infra: WA[955a4833] -> sendMessage | target=120363141953100908@g.us | len=401
2026-09-27 08:04:51,133 [INFO] app.api.routes_infra: WA[955a4833] <- status=200 | body={"success":true}
2026-09-27 08:04:51,133 [INFO] app.api.routes_infra: InfraAlert sent | status=200 | resp={"success":true}
2026-09-27 13:11:42,904 [INFO] app.api.routes_infra: InfraAlert trigger -> ticket_id=1359 created_by=Dr Vipul Bhasin dept=Other category=Other
2026-09-27 13:11:42,905 [INFO] app.api.routes_infra: InfraAlert -> sending WA for ticket_id=1359 | msg_len=265
2026-09-27 13:11:42,907 [INFO] app.api.routes_infra: WA[6e37fa9c] -> sendMessage | target=120363141953100908@g.us | len=265
2026-09-27 13:11:42,973 [INFO] app.api.routes_infra: WA[6e37fa9c] <- status=200 | body={"success":true}
2026-09-27 13:11:42,973 [INFO] app.api.routes_infra: InfraAlert sent | status=200 | resp={"success":true}
2026-09-27 14:01:18,267 [INFO] app.api.routes_infra: WA[c19d1d0d] -> sendMessage | target=919810030372 | len=126
2026-09-27 14:01:18,619 [INFO] app.api.routes_infra: WA[c19d1d0d] <- status=200 | body={"success":true}
2026-09-27 14:01:18,620 [INFO] app.api.routes_infra: PickNotify sent to 9810030372 | ticket_id=1359
2026-09-27 14:51:06,881 [INFO] app.api.routes_infra: WA[f818c673] -> sendMessage | target=919810030372 | len=267
2026-09-27 14:51:07,239 [INFO] app.api.routes_infra: WA[f818c673] <- status=200 | body={"success":true}
2026-09-27 14:51:07,239 [INFO] app.api.routes_infra: ResolveNotify sent | ticket_id=1359 contact=9810030372
2026-09-27 14:51:27,760 [INFO] app.api.routes_infra: WA[c2d4e5f8] -> sendMessage | target=919910773271 | len=126
2026-09-27 14:51:28,096 [INFO] app.api.routes_infra: WA[c2d4e5f8] <- status=200 | body={"success":true}
2026-09-27 14:51:28,097 [INFO] app.api.routes_infra: PickNotify sent to 9910773271 | ticket_id=1358
2026-09-27 15:30:18,274 [INFO] app.api.routes_infra: InfraReminder -> processing 1 pending tickets
2026-09-27 15:30:18,274 [INFO] app.api.routes_infra: WA[cd65e176] -> sendMessage | target=120363141953100908@g.us | len=274
2026-09-27 15:30:18,774 [INFO] app.api.routes_infra: WA[cd65e176] <- status=200 | body={"success":true}
2026-09-27 15:30:18,774 [INFO] app.api.routes_infra: InfraReminder sent | ticket_id=1354 status=200
2026-09-27 17:30:17,912 [INFO] app.api.routes_infra: InfraReminder -> processing 1 pending tickets
2026-09-27 17:30:17,914 [INFO] app.api.routes_infra: WA[90e93416] -> sendMessage | target=120363141953100908@g.us | len=316
2026-09-27 17:30:18,377 [INFO] app.api.routes_infra: WA[90e93416] <- status=200 | body={"success":true}
2026-09-27 17:30:18,378 [INFO] app.api.routes_infra: InfraReminder sent | ticket_id=1356 status=200
2026-09-27 18:30:18,114 [INFO] app.api.routes_infra: InfraReminder -> processing 1 pending tickets
2026-09-27 18:30:18,114 [INFO] app.api.routes_infra: WA[019fd18a] -> sendMessage | target=120363141953100908@g.us | len=341
2026-09-27 18:30:18,637 [INFO] app.api.routes_infra: WA[019fd18a] <- status=200 | body={"success":true}
2026-09-27 18:30:18,638 [INFO] app.api.routes_infra: InfraReminder sent | ticket_id=1357 status=200
2026-09-28 10:49:56,960 [INFO] app.api.routes_infra: InfraAlert trigger -> ticket_id=1360 created_by=Nitu dept=Customer Care category=Other
2026-09-28 10:49:56,961 [INFO] app.api.routes_infra: InfraAlert -> sending WA for ticket_id=1360 | msg_len=260
2026-09-28 10:49:56,962 [INFO] app.api.routes_infra: WA[943d1502] -> sendMessage | target=120363141953100908@g.us | len=260
2026-09-28 10:49:57,018 [INFO] app.api.routes_infra: WA[943d1502] <- status=200 | body={"success":true}
2026-09-28 10:49:57,018 [INFO] app.api.routes_infra: InfraAlert sent | status=200 | resp={"success":true}
2026-09-28 10:59:01,846 [INFO] app.api.routes_infra: WA[8600445a] -> sendMessage | target=919953555790 | len=123
2026-09-28 10:59:02,323 [INFO] app.api.routes_infra: WA[8600445a] <- status=200 | body={"success":true}
2026-09-28 10:59:02,323 [INFO] app.api.routes_infra: PickNotify sent to 9953555790 | ticket_id=1354
2026-09-28 10:59:36,541 [INFO] app.api.routes_infra: WA[92490afe] -> sendMessage | target=916398831177 | len=123
2026-09-28 10:59:36,856 [INFO] app.api.routes_infra: WA[92490afe] <- status=200 | body={"success":true}
2026-09-28 10:59:36,857 [INFO] app.api.routes_infra: PickNotify sent to 6398831177 | ticket_id=1356
2026-09-28 10:59:44,817 [INFO] app.api.routes_infra: WA[8f86bd60] -> sendMessage | target=918586873925 | len=123
2026-09-28 10:59:45,199 [INFO] app.api.routes_infra: WA[8f86bd60] <- status=200 | body={"success":true}
2026-09-28 10:59:45,199 [INFO] app.api.routes_infra: PickNotify sent to 8586873925 | ticket_id=1357
2026-09-28 12:09:15,134 [INFO] app.api.routes_infra: WA[f906e619] -> sendMessage | target=918130931547 | len=122
2026-09-28 12:09:15,477 [INFO] app.api.routes_infra: WA[f906e619] <- status=200 | body={"success":true}
2026-09-28 12:09:15,477 [INFO] app.api.routes_infra: PickNotify sent to 8130931547 | ticket_id=1360
2026-09-28 12:09:21,922 [INFO] app.api.routes_infra: WA[add6ad81] -> sendMessage | target=918130931547 | len=248
2026-09-28 12:09:22,237 [INFO] app.api.routes_infra: WA[add6ad81] <- status=200 | body={"success":true}
2026-09-28 12:09:22,238 [INFO] app.api.routes_infra: ResolveNotify sent | ticket_id=1360 contact=8130931547
2026-09-28 12:24:58,725 [INFO] app.api.routes_infra: WA[b2ee2f6f] -> sendMessage | target=917982256085 | len=251
2026-09-28 12:24:59,072 [INFO] app.api.routes_infra: WA[b2ee2f6f] <- status=200 | body={"success":true}
2026-09-28 12:24:59,072 [INFO] app.api.routes_infra: ResolveNotify sent | ticket_id=1355 contact=7982256085
2026-09-28 12:42:11,263 [INFO] app.api.routes_infra: WA[3ca957ba] -> sendMessage | target=919910773271 | len=384
2026-09-28 12:42:11,556 [INFO] app.api.routes_infra: WA[3ca957ba] <- status=200 | body={"success":true}
2026-09-28 12:42:11,556 [INFO] app.api.routes_infra: ResolveNotify sent | ticket_id=1358 contact=9910773271
2026-09-28 12:43:43,445 [INFO] app.api.routes_infra: WA[2ad59640] -> sendMessage | target=916398831177 | len=301
2026-09-28 12:43:43,786 [INFO] app.api.routes_infra: WA[2ad59640] <- status=200 | body={"success":true}
2026-09-28 12:43:43,786 [INFO] app.api.routes_infra: ResolveNotify sent | ticket_id=1356 contact=6398831177
2026-09-28 12:43:49,423 [INFO] app.api.routes_infra: WA[a3789475] -> sendMessage | target=918586873925 | len=327
2026-09-28 12:43:49,775 [INFO] app.api.routes_infra: WA[a3789475] <- status=200 | body={"success":true}
2026-09-28 12:43:49,776 [INFO] app.api.routes_infra: ResolveNotify sent | ticket_id=1357 contact=8586873925
2026-09-28 13:56:13,488 [INFO] app.api.routes_infra: InfraAlert trigger -> ticket_id=1361 created_by=Priyanka Raikwar dept=Technical category=Hardware
2026-09-28 13:56:13,489 [INFO] app.api.routes_infra: InfraAlert -> sending WA for ticket_id=1361 | msg_len=239
2026-09-28 13:56:13,490 [INFO] app.api.routes_infra: WA[24bab1e0] -> sendMessage | target=120363141953100908@g.us | len=239
2026-09-28 13:56:13,568 [INFO] app.api.routes_infra: WA[24bab1e0] <- status=200 | body={"success":true}
2026-09-28 13:56:13,569 [INFO] app.api.routes_infra: InfraAlert sent | status=200 | resp={"success":true}
2026-09-28 14:09:29,253 [INFO] app.api.routes_infra: InfraAlert trigger -> ticket_id=1362 created_by=jyoti dept=Customer Care category=Software
2026-09-28 14:09:29,253 [INFO] app.api.routes_infra: InfraAlert -> sending WA for ticket_id=1362 | msg_len=241
2026-09-28 14:09:29,254 [INFO] app.api.routes_infra: WA[b8e1d4a3] -> sendMessage | target=120363141953100908@g.us | len=241
2026-09-28 14:09:29,323 [INFO] app.api.routes_infra: WA[b8e1d4a3] <- status=200 | body={"success":true}
2026-09-28 14:09:29,323 [INFO] app.api.routes_infra: InfraAlert sent | status=200 | resp={"success":true}
2026-09-28 15:48:00,302 [INFO] app.api.routes_infra: WA[6c2a2e7c] -> sendMessage | target=919870554746 | len=123
2026-09-28 15:48:00,691 [INFO] app.api.routes_infra: WA[6c2a2e7c] <- status=200 | body={"success":true}
2026-09-28 15:48:00,692 [INFO] app.api.routes_infra: PickNotify sent to 9870554746 | ticket_id=1362
2026-09-28 15:48:03,579 [INFO] app.api.routes_infra: WA[b7035799] -> sendMessage | target=918447623749 | len=123
2026-09-28 15:48:03,997 [INFO] app.api.routes_infra: WA[b7035799] <- status=200 | body={"success":true}
2026-09-28 15:48:03,997 [INFO] app.api.routes_infra: PickNotify sent to 8447623749 | ticket_id=1361
2026-09-28 15:48:06,445 [INFO] app.api.routes_infra: WA[41dc29f3] -> sendMessage | target=919870554746 | len=229
2026-09-28 15:48:06,810 [INFO] app.api.routes_infra: WA[41dc29f3] <- status=200 | body={"success":true}
2026-09-28 15:48:06,810 [INFO] app.api.routes_infra: ResolveNotify sent | ticket_id=1362 contact=9870554746
2026-09-28 15:48:09,501 [INFO] app.api.routes_infra: WA[71a28198] -> sendMessage | target=918447623749 | len=233
2026-09-28 15:48:09,849 [INFO] app.api.routes_infra: WA[71a28198] <- status=200 | body={"success":true}
2026-09-28 15:48:09,849 [INFO] app.api.routes_infra: ResolveNotify sent | ticket_id=1361 contact=8447623749
2026-09-28 16:30:58,284 [INFO] app.api.routes_infra: InfraAlert trigger -> ticket_id=1363 created_by=Shabnam khan dept=Technical category=Software
2026-09-28 16:30:58,284 [INFO] app.api.routes_infra: InfraAlert -> sending WA for ticket_id=1363 | msg_len=274
2026-09-28 16:30:58,285 [INFO] app.api.routes_infra: WA[1fe58185] -> sendMessage | target=120363141953100908@g.us | len=274
2026-09-28 16:31:02,407 [INFO] app.api.routes_infra: WA[1fe58185] <- status=200 | body={"success":true}
2026-09-28 16:31:02,408 [INFO] app.api.routes_infra: InfraAlert sent | status=200 | resp={"success":true}
2026-09-28 16:40:40,346 [INFO] app.api.routes_infra: WA[a6516bff] -> sendMessage | target=919818393041 | len=122
2026-09-28 16:40:40,701 [INFO] app.api.routes_infra: WA[a6516bff] <- status=200 | body={"success":true}
2026-09-28 16:40:40,701 [INFO] app.api.routes_infra: PickNotify sent to 9818393041 | ticket_id=1363
2026-09-28 16:45:59,969 [INFO] app.api.routes_infra: WA[53ce2d8a] -> sendMessage | target=919818393041 | len=258
2026-09-28 16:46:00,307 [INFO] app.api.routes_infra: WA[53ce2d8a] <- status=200 | body={"success":true}
2026-09-28 16:46:00,307 [INFO] app.api.routes_infra: ResolveNotify sent | ticket_id=1363 contact=9818393041
2026-09-28 17:51:28,418 [INFO] app.api.routes_infra: InfraAlert trigger -> ticket_id=1364 created_by=Sakshi Dwivedi dept=Technical category=Software
2026-09-28 17:51:28,418 [INFO] app.api.routes_infra: InfraAlert -> sending WA for ticket_id=1364 | msg_len=290
2026-09-28 17:51:28,419 [INFO] app.api.routes_infra: WA[4d8cc4f6] -> sendMessage | target=120363141953100908@g.us | len=290
2026-09-28 17:51:28,491 [INFO] app.api.routes_infra: WA[4d8cc4f6] <- status=200 | body={"success":true}
2026-09-28 17:51:28,491 [INFO] app.api.routes_infra: InfraAlert sent | status=200 | resp={"success":true}
2026-09-28 17:52:01,732 [INFO] app.api.routes_infra: InfraAlert trigger -> ticket_id=1365 created_by=Sanjeet Kumar dept=Customer Care category=Software
2026-09-28 17:52:01,733 [INFO] app.api.routes_infra: InfraAlert -> sending WA for ticket_id=1365 | msg_len=282
2026-09-28 17:52:01,733 [INFO] app.api.routes_infra: WA[b9c674f5] -> sendMessage | target=120363141953100908@g.us | len=282
2026-09-28 17:52:01,804 [INFO] app.api.routes_infra: WA[b9c674f5] <- status=200 | body={"success":true}
2026-09-28 17:52:01,805 [INFO] app.api.routes_infra: InfraAlert sent | status=200 | resp={"success":true}
2026-09-28 18:20:00,403 [INFO] app.api.routes_infra: InfraAlert trigger -> ticket_id=1366 created_by=Jyoti Rajput dept=Technical category=Hardware
2026-09-28 18:20:00,403 [INFO] app.api.routes_infra: InfraAlert -> sending WA for ticket_id=1366 | msg_len=248
2026-09-28 18:20:00,405 [INFO] app.api.routes_infra: WA[7caeaf0a] -> sendMessage | target=120363141953100908@g.us | len=248
2026-09-28 18:20:00,479 [INFO] app.api.routes_infra: WA[7caeaf0a] <- status=200 | body={"success":true}
2026-09-28 18:20:00,480 [INFO] app.api.routes_infra: InfraAlert sent | status=200 | resp={"success":true}
2026-09-28 18:20:02,795 [INFO] app.api.routes_infra: InfraAlert trigger -> ticket_id=1367 created_by=Nitu dept=Customer Care category=Other
2026-09-28 18:20:02,796 [INFO] app.api.routes_infra: InfraAlert -> sending WA for ticket_id=1367 | msg_len=253
2026-09-28 18:20:02,797 [INFO] app.api.routes_infra: WA[5d292b6d] -> sendMessage | target=120363141953100908@g.us | len=253
2026-09-28 18:20:02,865 [INFO] app.api.routes_infra: WA[5d292b6d] <- status=200 | body={"success":true}
2026-09-28 18:20:02,865 [INFO] app.api.routes_infra: InfraAlert sent | status=200 | resp={"success":true}
2026-09-28 18:58:52,908 [INFO] app.api.routes_infra: InfraAlert trigger -> ticket_id=1368 created_by=Gunjan mehta dept=Marketing category=Software
2026-09-28 18:58:52,909 [INFO] app.api.routes_infra: InfraAlert -> sending WA for ticket_id=1368 | msg_len=335
2026-09-28 18:58:52,911 [INFO] app.api.routes_infra: WA[23921806] -> sendMessage | target=120363141953100908@g.us | len=335
2026-09-28 18:58:52,984 [INFO] app.api.routes_infra: WA[23921806] <- status=200 | body={"success":true}
2026-09-28 18:58:52,985 [INFO] app.api.routes_infra: InfraAlert sent | status=200 | resp={"success":true}
2026-09-29 12:39:51,876 [INFO] app.api.routes_infra: WA[045f6781] -> sendMessage | target=919810312510 | len=126
2026-09-29 12:39:52,199 [INFO] app.api.routes_infra: WA[045f6781] <- status=200 | body={"success":true}
2026-09-29 12:39:52,200 [INFO] app.api.routes_infra: PickNotify sent to 9810312510 | ticket_id=1368
2026-09-29 12:40:01,610 [INFO] app.api.routes_infra: WA[e990e6a2] -> sendMessage | target=917982256085 | len=126
2026-09-29 12:40:01,979 [INFO] app.api.routes_infra: WA[e990e6a2] <- status=200 | body={"success":true}
2026-09-29 12:40:01,979 [INFO] app.api.routes_infra: PickNotify sent to 7982256085 | ticket_id=1365
2026-09-29 12:40:13,271 [INFO] app.api.routes_infra: WA[a064cff2] -> sendMessage | target=919625412093 | len=126
2026-09-29 12:40:13,943 [INFO] app.api.routes_infra: WA[a064cff2] <- status=200 | body={"success":true}
2026-09-29 12:40:13,943 [INFO] app.api.routes_infra: PickNotify sent to 9625412093 | ticket_id=1364
2026-09-29 12:50:13,115 [INFO] app.api.routes_infra: Infra resolution SLA hiccup generated | ticket_id=1321 hiccup=HCP-26-2068
2026-09-29 12:51:41,339 [INFO] app.api.routes_infra: WA[6ddab5d5] -> sendMessage | target=919336224942 | len=123
2026-09-29 12:51:41,678 [INFO] app.api.routes_infra: WA[6ddab5d5] <- status=200 | body={"success":true}
2026-09-29 12:51:41,679 [INFO] app.api.routes_infra: PickNotify sent to 9336224942 | ticket_id=1321
2026-09-29 12:52:54,344 [INFO] app.api.routes_infra: WA[1aa0c978] -> sendMessage | target=916398307676 | len=123
2026-09-29 12:52:54,706 [INFO] app.api.routes_infra: WA[1aa0c978] <- status=200 | body={"success":true}
2026-09-29 12:52:54,707 [INFO] app.api.routes_infra: PickNotify sent to 6398307676 | ticket_id=1366
2026-09-29 12:53:28,922 [INFO] app.api.routes_infra: WA[fd9c4e7b] -> sendMessage | target=916398307676 | len=233
2026-09-29 12:53:29,291 [INFO] app.api.routes_infra: WA[fd9c4e7b] <- status=200 | body={"success":true}
2026-09-29 12:53:29,291 [INFO] app.api.routes_infra: ResolveNotify sent | ticket_id=1366 contact=6398307676
2026-09-29 12:53:37,866 [INFO] app.api.routes_infra: WA[103d4f3a] -> sendMessage | target=918130931547 | len=123
2026-09-29 12:53:38,200 [INFO] app.api.routes_infra: WA[103d4f3a] <- status=200 | body={"success":true}
2026-09-29 12:53:38,201 [INFO] app.api.routes_infra: PickNotify sent to 8130931547 | ticket_id=1367
2026-09-29 12:53:44,244 [INFO] app.api.routes_infra: WA[2ebafa63] -> sendMessage | target=918130931547 | len=242
2026-09-29 12:53:44,563 [INFO] app.api.routes_infra: WA[2ebafa63] <- status=200 | body={"success":true}
2026-09-29 12:53:44,564 [INFO] app.api.routes_infra: ResolveNotify sent | ticket_id=1367 contact=8130931547
2026-09-29 16:29:59,407 [INFO] app.api.routes_infra: WA[a47e820b] -> sendMessage | target=919625412093 | len=276
2026-09-29 16:29:59,816 [INFO] app.api.routes_infra: WA[a47e820b] <- status=200 | body={"success":true}
2026-09-29 16:29:59,817 [INFO] app.api.routes_infra: ResolveNotify sent | ticket_id=1364 contact=9625412093
2026-09-29 16:30:09,861 [INFO] app.api.routes_infra: WA[a6663467] -> sendMessage | target=917982256085 | len=265
2026-09-29 16:30:10,243 [INFO] app.api.routes_infra: WA[a6663467] <- status=200 | body={"success":true}
2026-09-29 16:30:10,244 [INFO] app.api.routes_infra: ResolveNotify sent | ticket_id=1365 contact=7982256085
2026-09-29 16:44:33,323 [INFO] app.api.routes_infra: WA[72c56ee6] -> sendMessage | target=919810312510 | len=336
2026-09-29 16:44:33,673 [INFO] app.api.routes_infra: WA[72c56ee6] <- status=200 | body={"success":true}
2026-09-29 16:44:33,673 [INFO] app.api.routes_infra: ResolveNotify sent | ticket_id=1368 contact=9810312510
2026-09-29 18:46:09,324 [INFO] app.api.routes_infra: InfraAlert trigger -> ticket_id=1369 created_by=Shahana Parveen dept=Marketing category=Other
2026-09-29 18:46:09,325 [INFO] app.api.routes_infra: InfraAlert -> sending WA for ticket_id=1369 | msg_len=264
2026-09-29 18:46:09,326 [INFO] app.api.routes_infra: WA[e6bfb2d9] -> sendMessage | target=120363141953100908@g.us | len=264
2026-09-29 18:46:10,665 [INFO] app.api.routes_infra: WA[e6bfb2d9] <- status=200 | body={"success":true}
2026-09-29 18:46:10,666 [INFO] app.api.routes_infra: InfraAlert sent | status=200 | resp={"success":true}
2026-09-29 19:32:34,198 [INFO] app.api.routes_infra: InfraAlert trigger -> ticket_id=1370 created_by=Shabnam khan dept=Technical category=Software
2026-09-29 19:32:34,199 [INFO] app.api.routes_infra: InfraAlert -> sending WA for ticket_id=1370 | msg_len=277
2026-09-29 19:32:34,199 [INFO] app.api.routes_infra: WA[0cb9ead3] -> sendMessage | target=120363141953100908@g.us | len=277
2026-09-29 19:32:34,276 [INFO] app.api.routes_infra: WA[0cb9ead3] <- status=200 | body={"success":true}
2026-09-29 19:32:34,277 [INFO] app.api.routes_infra: InfraAlert sent | status=200 | resp={"success":true}
2026-09-30 11:00:13,114 [INFO] app.api.routes_infra: Infra resolution SLA hiccup generated | ticket_id=1354 hiccup=HCP-26-2076
2026-09-30 11:35:55,858 [INFO] app.api.routes_infra: WA[e0477f6c] -> sendMessage | target=919953555790 | len=123
2026-09-30 11:35:56,231 [INFO] app.api.routes_infra: WA[e0477f6c] <- status=200 | body={"success":true}
2026-09-30 11:35:56,232 [INFO] app.api.routes_infra: PickNotify sent to 9953555790 | ticket_id=1354
2026-09-30 11:35:59,913 [INFO] app.api.routes_infra: WA[b274bdc6] -> sendMessage | target=919953555790 | len=259
2026-09-30 11:36:00,274 [INFO] app.api.routes_infra: WA[b274bdc6] <- status=200 | body={"success":true}
2026-09-30 11:36:00,275 [INFO] app.api.routes_infra: ResolveNotify sent | ticket_id=1354 contact=9953555790
2026-09-30 11:36:13,488 [INFO] app.api.routes_infra: WA[6fcf035a] -> sendMessage | target=919336224942 | len=234
2026-09-30 11:36:13,837 [INFO] app.api.routes_infra: WA[6fcf035a] <- status=200 | body={"success":true}
2026-09-30 11:36:13,838 [INFO] app.api.routes_infra: ResolveNotify sent | ticket_id=1321 contact=9336224942
2026-09-30 12:38:27,630 [INFO] app.api.routes_infra: WA[604df2c6] -> sendMessage | target=918057054076 | len=504
2026-09-30 12:38:27,964 [INFO] app.api.routes_infra: WA[604df2c6] <- status=200 | body={"success":true}
2026-09-30 12:38:27,964 [INFO] app.api.routes_infra: ResolveNotify sent | ticket_id=1345 contact=8057054076
2026-09-30 12:51:28,017 [INFO] app.api.routes_infra: InfraAlert trigger -> ticket_id=1371 created_by=Shahana Parveen dept=Marketing category=Software
2026-09-30 12:51:28,017 [INFO] app.api.routes_infra: InfraAlert -> sending WA for ticket_id=1371 | msg_len=285
2026-09-30 12:51:28,019 [INFO] app.api.routes_infra: WA[7666accb] -> sendMessage | target=120363141953100908@g.us | len=285
2026-09-30 12:51:28,107 [INFO] app.api.routes_infra: WA[7666accb] <- status=200 | body={"success":true}
2026-09-30 12:51:28,107 [INFO] app.api.routes_infra: InfraAlert sent | status=200 | resp={"success":true}
2026-09-30 12:55:14,521 [INFO] app.api.routes_infra: WA[f2c298fb] -> sendMessage | target=919818393041 | len=122
2026-09-30 12:55:14,835 [INFO] app.api.routes_infra: WA[f2c298fb] <- status=200 | body={"success":true}
2026-09-30 12:55:14,835 [INFO] app.api.routes_infra: PickNotify sent to 9818393041 | ticket_id=1370
2026-09-30 12:55:19,281 [INFO] app.api.routes_infra: WA[de2ab956] -> sendMessage | target=918448546358 | len=122
2026-09-30 12:55:19,662 [INFO] app.api.routes_infra: WA[de2ab956] <- status=200 | body={"success":true}
2026-09-30 12:55:19,662 [INFO] app.api.routes_infra: PickNotify sent to 8448546358 | ticket_id=1369
2026-09-30 12:55:21,841 [INFO] app.api.routes_infra: WA[6d34e069] -> sendMessage | target=918448546358 | len=258
2026-09-30 12:55:22,193 [INFO] app.api.routes_infra: WA[6d34e069] <- status=200 | body={"success":true}
2026-09-30 12:55:22,194 [INFO] app.api.routes_infra: ResolveNotify sent | ticket_id=1369 contact=8448546358
2026-09-30 13:05:34,462 [INFO] app.api.routes_infra: WA[61a6fc5c] -> sendMessage | target=918448546358 | len=126
2026-09-30 13:05:34,847 [INFO] app.api.routes_infra: WA[61a6fc5c] <- status=200 | body={"success":true}
2026-09-30 13:05:34,847 [INFO] app.api.routes_infra: PickNotify sent to 8448546358 | ticket_id=1371
2026-09-30 13:18:14,905 [INFO] app.api.routes_infra: InfraAlert trigger -> ticket_id=1372 created_by=jyoti dept=Customer Care category=Software
2026-09-30 13:18:14,906 [INFO] app.api.routes_infra: InfraAlert -> sending WA for ticket_id=1372 | msg_len=251
2026-09-30 13:18:14,907 [INFO] app.api.routes_infra: WA[b000cd5c] -> sendMessage | target=120363141953100908@g.us | len=251
2026-09-30 13:18:14,978 [INFO] app.api.routes_infra: WA[b000cd5c] <- status=200 | body={"success":true}
2026-09-30 13:18:14,979 [INFO] app.api.routes_infra: InfraAlert sent | status=200 | resp={"success":true}
2026-09-30 13:22:16,412 [INFO] app.api.routes_infra: WA[608a1d77] -> sendMessage | target=918448546358 | len=283
2026-09-30 13:22:16,850 [INFO] app.api.routes_infra: WA[608a1d77] <- status=200 | body={"success":true}
2026-09-30 13:22:16,850 [INFO] app.api.routes_infra: ResolveNotify sent | ticket_id=1371 contact=8448546358
2026-09-30 16:18:31,638 [INFO] app.api.routes_infra: InfraAlert trigger -> ticket_id=1373 created_by=Dr Vipul Bhasin dept=Technical category=Software
2026-09-30 16:18:31,639 [INFO] app.api.routes_infra: InfraAlert -> sending WA for ticket_id=1373 | msg_len=342
2026-09-30 16:18:31,640 [INFO] app.api.routes_infra: WA[a6aec76d] -> sendMessage | target=120363141953100908@g.us | len=342
2026-09-30 16:18:31,715 [INFO] app.api.routes_infra: WA[a6aec76d] <- status=200 | body={"success":true}
2026-09-30 16:18:31,716 [INFO] app.api.routes_infra: InfraAlert sent | status=200 | resp={"success":true}
2026-09-30 16:22:48,673 [INFO] app.api.routes_infra: InfraAlert trigger -> ticket_id=1374 created_by=Dr Vipul Bhasin dept=Other category=Office Infra
2026-09-30 16:22:48,674 [INFO] app.api.routes_infra: InfraAlert -> sending WA for ticket_id=1374 | msg_len=352
2026-09-30 16:22:48,675 [INFO] app.api.routes_infra: WA[de0f15be] -> sendMessage | target=120363141953100908@g.us | len=352
2026-09-30 16:22:48,746 [INFO] app.api.routes_infra: WA[de0f15be] <- status=200 | body={"success":true}
2026-09-30 16:22:48,747 [INFO] app.api.routes_infra: InfraAlert sent | status=200 | resp={"success":true}
2026-09-30 17:00:00,877 [INFO] app.api.routes_infra: InfraAlert trigger -> ticket_id=1375 created_by=SUMIT SINGH dept=Other category=Office Infra
2026-09-30 17:00:00,878 [INFO] app.api.routes_infra: InfraAlert -> sending WA for ticket_id=1375 | msg_len=230
2026-09-30 17:00:00,878 [INFO] app.api.routes_infra: WA[e6f4d5d6] -> sendMessage | target=120363141953100908@g.us | len=230
2026-09-30 17:00:00,946 [INFO] app.api.routes_infra: WA[e6f4d5d6] <- status=200 | body={"success":true}
2026-09-30 17:00:00,946 [INFO] app.api.routes_infra: InfraAlert sent | status=200 | resp={"success":true}
2026-09-30 17:05:49,371 [INFO] app.api.routes_infra: WA[e915ea6c] -> sendMessage | target=919821957370 | len=123
2026-09-30 17:05:49,754 [INFO] app.api.routes_infra: WA[e915ea6c] <- status=200 | body={"success":true}
2026-09-30 17:05:49,754 [INFO] app.api.routes_infra: PickNotify sent to 9821957370 | ticket_id=1375
2026-09-30 17:06:01,483 [INFO] app.api.routes_infra: WA[18ddbf49] -> sendMessage | target=919810030372 | len=123
2026-09-30 17:06:01,869 [INFO] app.api.routes_infra: WA[18ddbf49] <- status=200 | body={"success":true}
2026-09-30 17:06:01,869 [INFO] app.api.routes_infra: PickNotify sent to 9810030372 | ticket_id=1374
2026-09-30 18:10:50,339 [INFO] app.api.routes_infra: InfraAlert trigger -> ticket_id=1376 created_by=Sanjeet Kumar dept=Customer Care category=Software
2026-09-30 18:10:50,341 [INFO] app.api.routes_infra: InfraAlert -> sending WA for ticket_id=1376 | msg_len=281
2026-09-30 18:10:50,341 [INFO] app.api.routes_infra: WA[c716c1ed] -> sendMessage | target=120363141953100908@g.us | len=281
2026-09-30 18:10:50,430 [INFO] app.api.routes_infra: WA[c716c1ed] <- status=200 | body={"success":true}
2026-09-30 18:10:50,430 [INFO] app.api.routes_infra: InfraAlert sent | status=200 | resp={"success":true}
2026-09-30 18:15:01,592 [INFO] app.api.routes_infra: WA[f4295dbe] -> sendMessage | target=917982256085 | len=122
2026-09-30 18:15:01,970 [INFO] app.api.routes_infra: WA[f4295dbe] <- status=200 | body={"success":true}
2026-09-30 18:15:01,970 [INFO] app.api.routes_infra: PickNotify sent to 7982256085 | ticket_id=1376
2026-09-30 18:15:04,973 [INFO] app.api.routes_infra: WA[a6536f31] -> sendMessage | target=917982256085 | len=260
2026-09-30 18:15:05,348 [INFO] app.api.routes_infra: WA[a6536f31] <- status=200 | body={"success":true}
2026-09-30 18:15:05,349 [INFO] app.api.routes_infra: ResolveNotify sent | ticket_id=1376 contact=7982256085
2026-09-30 18:40:13,915 [INFO] app.api.routes_infra: WA[9f198c72] -> sendMessage | target=919870554746 | len=122
2026-09-30 18:40:14,294 [INFO] app.api.routes_infra: WA[9f198c72] <- status=200 | body={"success":true}
2026-09-30 18:40:14,295 [INFO] app.api.routes_infra: PickNotify sent to 9870554746 | ticket_id=1372
2026-09-30 18:40:18,251 [INFO] app.api.routes_infra: WA[e7dfd40c] -> sendMessage | target=919870554746 | len=238
2026-09-30 18:40:18,628 [INFO] app.api.routes_infra: WA[e7dfd40c] <- status=200 | body={"success":true}
2026-09-30 18:40:18,628 [INFO] app.api.routes_infra: ResolveNotify sent | ticket_id=1372 contact=9870554746
2026-09-30 18:40:29,010 [INFO] app.api.routes_infra: WA[f68065f7] -> sendMessage | target=919818393041 | len=261
2026-09-30 18:40:29,362 [INFO] app.api.routes_infra: WA[f68065f7] <- status=200 | body={"success":true}
2026-09-30 18:40:29,362 [INFO] app.api.routes_infra: ResolveNotify sent | ticket_id=1370 contact=9818393041
2026-10-01 10:45:37,209 [INFO] app.api.routes_infra: InfraAlert trigger -> ticket_id=1377 created_by=Jyoti Rajput dept=Customer Care category=Office Infra
2026-10-01 10:45:37,211 [INFO] app.api.routes_infra: InfraAlert -> sending WA for ticket_id=1377 | msg_len=318
2026-10-01 10:45:37,212 [INFO] app.api.routes_infra: WA[002abd3a] -> sendMessage | target=120363141953100908@g.us | len=318
2026-10-01 10:45:37,287 [INFO] app.api.routes_infra: WA[002abd3a] <- status=200 | body={"success":true}
2026-10-01 10:45:37,288 [INFO] app.api.routes_infra: InfraAlert sent | status=200 | resp={"success":true}
2026-10-01 11:00:13,111 [INFO] app.api.routes_infra: Infra resolution SLA hiccup generated | ticket_id=1304 hiccup=HCP-26-2087
2026-10-01 11:22:58,210 [INFO] app.api.routes_infra: InfraAlert trigger -> ticket_id=1378 created_by=Akash yadav dept=Customer Care category=Hardware
2026-10-01 11:22:58,210 [INFO] app.api.routes_infra: InfraAlert -> sending WA for ticket_id=1378 | msg_len=293
2026-10-01 11:22:58,212 [INFO] app.api.routes_infra: WA[f47ccb45] -> sendMessage | target=120363141953100908@g.us | len=293
2026-10-01 11:22:58,297 [INFO] app.api.routes_infra: WA[f47ccb45] <- status=200 | body={"success":true}
2026-10-01 11:22:58,297 [INFO] app.api.routes_infra: InfraAlert sent | status=200 | resp={"success":true}
2026-10-01 11:23:26,939 [INFO] app.api.routes_infra: WA[61e36e25] -> sendMessage | target=919810030372 | len=122
2026-10-01 11:23:27,331 [INFO] app.api.routes_infra: WA[61e36e25] <- status=200 | body={"success":true}
2026-10-01 11:23:27,331 [INFO] app.api.routes_infra: PickNotify sent to 9810030372 | ticket_id=1373
2026-10-01 11:38:20,805 [INFO] app.api.routes_infra: InfraAlert trigger -> ticket_id=1379 created_by=SUMIT SINGH dept=Technical category=Hardware
2026-10-01 11:38:20,808 [INFO] app.api.routes_infra: InfraAlert -> sending WA for ticket_id=1379 | msg_len=229
2026-10-01 11:38:20,809 [INFO] app.api.routes_infra: WA[6902ef8a] -> sendMessage | target=120363141953100908@g.us | len=229
2026-10-01 11:38:20,913 [INFO] app.api.routes_infra: WA[6902ef8a] <- status=200 | body={"success":true}
2026-10-01 11:38:20,913 [INFO] app.api.routes_infra: InfraAlert sent | status=200 | resp={"success":true}
2026-10-01 11:39:31,103 [INFO] app.api.routes_infra: WA[7a0d47d3] -> sendMessage | target=919821957370 | len=123
2026-10-01 11:39:31,452 [INFO] app.api.routes_infra: WA[7a0d47d3] <- status=200 | body={"success":true}
2026-10-01 11:39:31,452 [INFO] app.api.routes_infra: PickNotify sent to 9821957370 | ticket_id=1379
2026-10-01 11:39:35,345 [INFO] app.api.routes_infra: WA[e8187c8d] -> sendMessage | target=919899847571 | len=123
2026-10-01 11:39:35,651 [INFO] app.api.routes_infra: WA[e8187c8d] <- status=200 | body={"success":true}
2026-10-01 11:39:35,651 [INFO] app.api.routes_infra: PickNotify sent to 9899847571 | ticket_id=1378
2026-10-01 11:39:38,760 [INFO] app.api.routes_infra: WA[457e8d12] -> sendMessage | target=919899847571 | len=275
2026-10-01 11:39:39,062 [INFO] app.api.routes_infra: WA[457e8d12] <- status=200 | body={"success":true}
2026-10-01 11:39:39,062 [INFO] app.api.routes_infra: ResolveNotify sent | ticket_id=1378 contact=9899847571
2026-10-01 11:39:40,869 [INFO] app.api.routes_infra: WA[79458239] -> sendMessage | target=919821957370 | len=228
2026-10-01 11:39:41,198 [INFO] app.api.routes_infra: WA[79458239] <- status=200 | body={"success":true}
2026-10-01 11:39:41,198 [INFO] app.api.routes_infra: ResolveNotify sent | ticket_id=1379 contact=9821957370
2026-10-01 12:11:08,064 [INFO] app.api.routes_infra: WA[e8d71107] -> sendMessage | target=916398307676 | len=123
2026-10-01 12:11:08,366 [INFO] app.api.routes_infra: WA[e8d71107] <- status=200 | body={"success":true}
2026-10-01 12:11:08,367 [INFO] app.api.routes_infra: PickNotify sent to 6398307676 | ticket_id=1377
2026-10-01 13:09:50,641 [INFO] app.api.routes_infra: InfraAlert trigger -> ticket_id=1380 created_by=Deepak ojha dept=Admin category=Hardware
2026-10-01 13:09:50,642 [INFO] app.api.routes_infra: InfraAlert -> sending WA for ticket_id=1380 | msg_len=228
2026-10-01 13:09:50,643 [INFO] app.api.routes_infra: WA[164b277b] -> sendMessage | target=120363141953100908@g.us | len=228
2026-10-01 13:09:50,719 [INFO] app.api.routes_infra: WA[164b277b] <- status=200 | body={"success":true}
2026-10-01 13:09:50,720 [INFO] app.api.routes_infra: InfraAlert sent | status=200 | resp={"success":true}
2026-10-01 13:18:37,776 [INFO] app.api.routes_infra: InfraAlert trigger -> ticket_id=1381 created_by=Jyoshna Verma dept=Technical category=Hardware
2026-10-01 13:18:37,777 [INFO] app.api.routes_infra: InfraAlert -> sending WA for ticket_id=1381 | msg_len=237
2026-10-01 13:18:37,778 [INFO] app.api.routes_infra: WA[9f2be7c9] -> sendMessage | target=120363141953100908@g.us | len=237
2026-10-01 13:18:37,916 [INFO] app.api.routes_infra: WA[9f2be7c9] <- status=200 | body={"success":true}
2026-10-01 13:18:37,916 [INFO] app.api.routes_infra: InfraAlert sent | status=200 | resp={"success":true}
2026-10-01 13:19:36,647 [INFO] app.api.routes_infra: InfraAlert trigger -> ticket_id=1382 created_by=Shabnam khan dept=Technical category=Hardware
2026-10-01 13:19:36,648 [INFO] app.api.routes_infra: InfraAlert -> sending WA for ticket_id=1382 | msg_len=236
2026-10-01 13:19:36,649 [INFO] app.api.routes_infra: WA[837c3868] -> sendMessage | target=120363141953100908@g.us | len=236
2026-10-01 13:19:36,730 [INFO] app.api.routes_infra: WA[837c3868] <- status=200 | body={"success":true}
2026-10-01 13:19:36,731 [INFO] app.api.routes_infra: InfraAlert sent | status=200 | resp={"success":true}
2026-10-01 13:28:42,908 [INFO] app.api.routes_infra: WA[23a909e7] -> sendMessage | target=919818393041 | len=123
2026-10-01 13:28:43,250 [INFO] app.api.routes_infra: WA[23a909e7] <- status=200 | body={"success":true}
2026-10-01 13:28:43,250 [INFO] app.api.routes_infra: PickNotify sent to 9818393041 | ticket_id=1382
2026-10-01 13:28:46,473 [INFO] app.api.routes_infra: WA[eb67f7e2] -> sendMessage | target=919818393041 | len=221
2026-10-01 13:28:46,807 [INFO] app.api.routes_infra: WA[eb67f7e2] <- status=200 | body={"success":true}
2026-10-01 13:28:46,807 [INFO] app.api.routes_infra: ResolveNotify sent | ticket_id=1382 contact=9818393041
2026-10-01 13:28:49,944 [INFO] app.api.routes_infra: WA[7abded5b] -> sendMessage | target=917303037101 | len=123
2026-10-01 13:28:50,331 [INFO] app.api.routes_infra: WA[7abded5b] <- status=200 | body={"success":true}
2026-10-01 13:28:50,331 [INFO] app.api.routes_infra: PickNotify sent to 7303037101 | ticket_id=1381
2026-10-01 13:28:53,526 [INFO] app.api.routes_infra: WA[6d79e7d2] -> sendMessage | target=917303037101 | len=234
2026-10-01 13:28:53,901 [INFO] app.api.routes_infra: WA[6d79e7d2] <- status=200 | body={"success":true}
2026-10-01 13:28:53,901 [INFO] app.api.routes_infra: ResolveNotify sent | ticket_id=1381 contact=7303037101
2026-10-01 13:28:56,914 [INFO] app.api.routes_infra: WA[6e6a2f7e] -> sendMessage | target=919310671290 | len=123
2026-10-01 13:28:57,261 [INFO] app.api.routes_infra: WA[6e6a2f7e] <- status=200 | body={"success":true}
2026-10-01 13:28:57,262 [INFO] app.api.routes_infra: PickNotify sent to 9310671290 | ticket_id=1380
2026-10-01 13:29:00,197 [INFO] app.api.routes_infra: WA[00e04139] -> sendMessage | target=919310671290 | len=218
2026-10-01 13:29:00,957 [INFO] app.api.routes_infra: WA[00e04139] <- status=200 | body={"success":true}
2026-10-01 13:29:00,957 [INFO] app.api.routes_infra: ResolveNotify sent | ticket_id=1380 contact=9310671290
2026-10-01 14:07:48,381 [INFO] app.api.routes_infra: WA[5f6c7ff6] -> sendMessage | target=919810030372 | len=336
2026-10-01 14:07:48,786 [INFO] app.api.routes_infra: WA[5f6c7ff6] <- status=200 | body={"success":true}
2026-10-01 14:07:48,786 [INFO] app.api.routes_infra: ResolveNotify sent | ticket_id=1373 contact=9810030372
2026-10-01 15:42:22,329 [INFO] app.api.routes_infra: InfraAlert trigger -> ticket_id=1383 created_by=Ritu Mahalwal dept=Customer Care category=Software
2026-10-01 15:42:22,329 [INFO] app.api.routes_infra: InfraAlert -> sending WA for ticket_id=1383 | msg_len=294
2026-10-01 15:42:22,330 [INFO] app.api.routes_infra: WA[cd49ac3a] -> sendMessage | target=120363141953100908@g.us | len=294
2026-10-01 15:42:22,407 [INFO] app.api.routes_infra: WA[cd49ac3a] <- status=200 | body={"success":true}
2026-10-01 15:42:22,408 [INFO] app.api.routes_infra: InfraAlert sent | status=200 | resp={"success":true}
2026-10-01 15:42:48,817 [INFO] app.api.routes_infra: WA[e6c4061f] -> sendMessage | target=916398307676 | len=299
2026-10-01 15:42:49,172 [INFO] app.api.routes_infra: WA[e6c4061f] <- status=200 | body={"success":true}
2026-10-01 15:42:49,173 [INFO] app.api.routes_infra: ResolveNotify sent | ticket_id=1377 contact=6398307676
2026-10-01 15:43:24,246 [INFO] app.api.routes_infra: WA[d5422792] -> sendMessage | target=919810030372 | len=351
2026-10-01 15:43:24,629 [INFO] app.api.routes_infra: WA[d5422792] <- status=200 | body={"success":true}
2026-10-01 15:43:24,630 [INFO] app.api.routes_infra: ResolveNotify sent | ticket_id=1374 contact=9810030372
2026-10-01 16:05:24,156 [INFO] app.api.routes_infra: InfraAlert trigger -> ticket_id=1384 created_by=Jaspal singh rawat dept=Customer Care category=Software
2026-10-01 16:05:24,157 [INFO] app.api.routes_infra: InfraAlert -> sending WA for ticket_id=1384 | msg_len=289
2026-10-01 16:05:24,158 [INFO] app.api.routes_infra: WA[7ae7eb42] -> sendMessage | target=120363141953100908@g.us | len=289
2026-10-01 16:05:24,248 [INFO] app.api.routes_infra: WA[7ae7eb42] <- status=200 | body={"success":true}
2026-10-01 16:05:24,248 [INFO] app.api.routes_infra: InfraAlert sent | status=200 | resp={"success":true}
2026-10-01 18:17:51,490 [INFO] app.api.routes_infra: WA[3aff3947] -> sendMessage | target=919871366002 | len=122
2026-10-01 18:17:51,856 [INFO] app.api.routes_infra: WA[3aff3947] <- status=200 | body={"success":true}
2026-10-01 18:17:51,856 [INFO] app.api.routes_infra: PickNotify sent to 9871366002 | ticket_id=1383
2026-10-01 19:49:18,621 [INFO] app.api.routes_infra: WA[f1056c1e] -> sendMessage | target=919821957370 | len=233
2026-10-01 19:49:18,969 [INFO] app.api.routes_infra: WA[f1056c1e] <- status=200 | body={"success":true}
2026-10-01 19:49:18,970 [INFO] app.api.routes_infra: ResolveNotify sent | ticket_id=1375 contact=9821957370
2026-10-02 09:10:15,966 [INFO] app.api.routes_infra: InfraAlert trigger -> ticket_id=1385 created_by=Prerna Sharma dept=Customer Care category=Other
2026-10-02 09:10:15,967 [INFO] app.api.routes_infra: InfraAlert -> sending WA for ticket_id=1385 | msg_len=444
2026-10-02 09:10:15,969 [INFO] app.api.routes_infra: WA[07b87287] -> sendMessage | target=120363141953100908@g.us | len=444
2026-10-02 09:10:18,400 [INFO] app.api.routes_infra: WA[07b87287] <- status=200 | body={"success":true}
2026-10-02 09:10:18,400 [INFO] app.api.routes_infra: InfraAlert sent | status=200 | resp={"success":true}
2026-10-02 12:56:01,265 [INFO] app.api.routes_infra: InfraAlert trigger -> ticket_id=1386 created_by=Shabnam khan dept=Technical category=Software
2026-10-02 12:56:01,266 [INFO] app.api.routes_infra: InfraAlert -> sending WA for ticket_id=1386 | msg_len=282
2026-10-02 12:56:01,267 [INFO] app.api.routes_infra: WA[5acc26d9] -> sendMessage | target=120363141953100908@g.us | len=282
2026-10-02 12:56:01,350 [INFO] app.api.routes_infra: WA[5acc26d9] <- status=200 | body={"success":true}
2026-10-02 12:56:01,350 [INFO] app.api.routes_infra: InfraAlert sent | status=200 | resp={"success":true}
2026-10-02 15:19:50,316 [INFO] app.api.routes_infra: InfraAlert trigger -> ticket_id=1387 created_by=Gulrez Sultan dept=House Keeping category=Office Infra
2026-10-02 15:19:50,317 [INFO] app.api.routes_infra: InfraAlert -> sending WA for ticket_id=1387 | msg_len=301
2026-10-02 15:19:50,318 [INFO] app.api.routes_infra: WA[47ba734c] -> sendMessage | target=120363141953100908@g.us | len=301
2026-10-02 15:19:50,396 [INFO] app.api.routes_infra: WA[47ba734c] <- status=200 | body={"success":true}
2026-10-02 15:19:50,397 [INFO] app.api.routes_infra: InfraAlert sent | status=200 | resp={"success":true}
2026-10-02 15:45:42,331 [INFO] app.api.routes_infra: WA[63d3a582] -> sendMessage | target=919818247844 | len=123
2026-10-02 15:45:42,699 [INFO] app.api.routes_infra: WA[63d3a582] <- status=200 | body={"success":true}
2026-10-02 15:45:42,699 [INFO] app.api.routes_infra: PickNotify sent to 9818247844 | ticket_id=1387
2026-10-02 16:30:13,159 [INFO] app.api.routes_infra: InfraReminder -> processing 1 pending tickets
2026-10-02 16:30:13,160 [INFO] app.api.routes_infra: WA[928abc7d] -> sendMessage | target=120363141953100908@g.us | len=291
2026-10-02 16:30:13,251 [INFO] app.api.routes_infra: WA[928abc7d] <- status=200 | body={"success":true}
2026-10-02 16:30:13,251 [INFO] app.api.routes_infra: InfraReminder sent | ticket_id=1384 status=200
2026-10-02 17:01:03,582 [INFO] app.api.routes_infra: InfraAlert trigger -> ticket_id=1388 created_by=Deepak ojha dept=Admin category=Hardware
2026-10-02 17:01:03,583 [INFO] app.api.routes_infra: InfraAlert -> sending WA for ticket_id=1388 | msg_len=245
2026-10-02 17:01:03,585 [INFO] app.api.routes_infra: WA[7dbc7a93] -> sendMessage | target=120363141953100908@g.us | len=245
2026-10-02 17:01:03,690 [INFO] app.api.routes_infra: WA[7dbc7a93] <- status=200 | body={"success":true}
2026-10-02 17:01:03,691 [INFO] app.api.routes_infra: InfraAlert sent | status=200 | resp={"success":true}
2026-10-02 17:17:48,685 [INFO] app.api.routes_infra: WA[3964af5d] -> sendMessage | target=919310671290 | len=123
2026-10-02 17:17:49,046 [INFO] app.api.routes_infra: WA[3964af5d] <- status=200 | body={"success":true}
2026-10-02 17:17:49,046 [INFO] app.api.routes_infra: PickNotify sent to 9310671290 | ticket_id=1388
2026-10-02 17:17:51,476 [INFO] app.api.routes_infra: WA[5c9afe04] -> sendMessage | target=919310671290 | len=248
2026-10-02 17:17:51,801 [INFO] app.api.routes_infra: WA[5c9afe04] <- status=200 | body={"success":true}
2026-10-02 17:17:51,802 [INFO] app.api.routes_infra: ResolveNotify sent | ticket_id=1388 contact=9310671290
2026-10-03 09:30:14,206 [INFO] app.api.routes_infra: InfraReminder -> processing 1 pending tickets
2026-10-03 09:30:14,206 [INFO] app.api.routes_infra: WA[439bcd6a] -> sendMessage | target=120363141953100908@g.us | len=446
2026-10-03 09:30:14,542 [INFO] app.api.routes_infra: WA[439bcd6a] <- status=200 | body={"success":true}
2026-10-03 09:30:14,543 [INFO] app.api.routes_infra: InfraReminder sent | ticket_id=1385 status=200
2026-10-03 10:38:59,525 [INFO] app.api.routes_infra: InfraAlert trigger -> ticket_id=1389 created_by=Bhawana Manral dept=Technical category=Software
2026-10-03 10:38:59,525 [INFO] app.api.routes_infra: InfraAlert -> sending WA for ticket_id=1389 | msg_len=269
2026-10-03 10:38:59,527 [INFO] app.api.routes_infra: WA[46ae4d10] -> sendMessage | target=120363141953100908@g.us | len=269
2026-10-03 10:38:59,611 [INFO] app.api.routes_infra: WA[46ae4d10] <- status=200 | body={"success":true}
2026-10-03 10:38:59,611 [INFO] app.api.routes_infra: InfraAlert sent | status=200 | resp={"success":true}
2026-10-03 11:12:16,056 [INFO] app.api.routes_infra: InfraAlert trigger -> ticket_id=1390 created_by=Nazia dept=Technical category=Hardware
2026-10-03 11:12:16,057 [INFO] app.api.routes_infra: InfraAlert -> sending WA for ticket_id=1390 | msg_len=255
2026-10-03 11:12:16,058 [INFO] app.api.routes_infra: WA[e814dbd5] -> sendMessage | target=120363141953100908@g.us | len=255
2026-10-03 11:12:16,138 [INFO] app.api.routes_infra: WA[e814dbd5] <- status=200 | body={"success":true}
2026-10-03 11:12:16,139 [INFO] app.api.routes_infra: InfraAlert sent | status=200 | resp={"success":true}
2026-10-03 11:14:55,015 [INFO] app.api.routes_infra: WA[6d3221d8] -> sendMessage | target=919818393041 | len=122
2026-10-03 11:14:55,362 [INFO] app.api.routes_infra: WA[6d3221d8] <- status=200 | body={"success":true}
2026-10-03 11:14:55,363 [INFO] app.api.routes_infra: PickNotify sent to 9818393041 | ticket_id=1386
2026-10-03 11:15:13,756 [INFO] app.api.routes_infra: WA[5006aeae] -> sendMessage | target=917838686369 | len=122
2026-10-03 11:15:14,082 [INFO] app.api.routes_infra: WA[5006aeae] <- status=200 | body={"success":true}
2026-10-03 11:15:14,083 [INFO] app.api.routes_infra: PickNotify sent to 7838686369 | ticket_id=1384
2026-10-03 11:19:29,140 [INFO] app.api.routes_infra: WA[616f978b] -> sendMessage | target=919711237334 | len=123
2026-10-03 11:19:29,485 [INFO] app.api.routes_infra: WA[616f978b] <- status=200 | body={"success":true}
2026-10-03 11:19:29,486 [INFO] app.api.routes_infra: PickNotify sent to 9711237334 | ticket_id=1390
2026-10-03 11:19:32,088 [INFO] app.api.routes_infra: WA[66e92444] -> sendMessage | target=919711237334 | len=247
2026-10-03 11:19:32,407 [INFO] app.api.routes_infra: WA[66e92444] <- status=200 | body={"success":true}
2026-10-03 11:19:32,408 [INFO] app.api.routes_infra: ResolveNotify sent | ticket_id=1390 contact=9711237334
2026-10-03 11:22:01,188 [INFO] app.api.routes_infra: WA[af137195] -> sendMessage | target=916398831177 | len=126
2026-10-03 11:22:01,512 [INFO] app.api.routes_infra: WA[af137195] <- status=200 | body={"success":true}
2026-10-03 11:22:01,513 [INFO] app.api.routes_infra: PickNotify sent to 6398831177 | ticket_id=1389
2026-10-03 11:22:06,013 [INFO] app.api.routes_infra: WA[e27a7ca5] -> sendMessage | target=916398831177 | len=268
2026-10-03 11:22:06,340 [INFO] app.api.routes_infra: WA[e27a7ca5] <- status=200 | body={"success":true}
2026-10-03 11:22:06,341 [INFO] app.api.routes_infra: ResolveNotify sent | ticket_id=1389 contact=6398831177
2026-10-03 11:22:20,574 [INFO] app.api.routes_infra: WA[cbb6b5ec] -> sendMessage | target=919910773271 | len=126
2026-10-03 11:22:20,920 [INFO] app.api.routes_infra: WA[cbb6b5ec] <- status=200 | body={"success":true}
2026-10-03 11:22:20,920 [INFO] app.api.routes_infra: PickNotify sent to 9910773271 | ticket_id=1385
2026-10-03 11:27:05,517 [INFO] app.api.routes_infra: WA[3b325766] -> sendMessage | target=919818247844 | len=282
2026-10-03 11:27:05,833 [INFO] app.api.routes_infra: WA[3b325766] <- status=200 | body={"success":true}
2026-10-03 11:27:05,833 [INFO] app.api.routes_infra: ResolveNotify sent | ticket_id=1387 contact=9818247844
2026-10-03 12:20:38,481 [INFO] app.api.routes_infra: InfraAlert trigger -> ticket_id=1391 created_by=Gulrez Sultan dept=House Keeping category=Office Infra
2026-10-03 12:20:38,482 [INFO] app.api.routes_infra: InfraAlert -> sending WA for ticket_id=1391 | msg_len=258
2026-10-03 12:20:38,484 [INFO] app.api.routes_infra: WA[ac85eff2] -> sendMessage | target=120363141953100908@g.us | len=258
2026-10-03 12:20:38,568 [INFO] app.api.routes_infra: WA[ac85eff2] <- status=200 | body={"success":true}
2026-10-03 12:20:38,568 [INFO] app.api.routes_infra: InfraAlert sent | status=200 | resp={"success":true}
2026-10-03 12:24:21,151 [INFO] app.api.routes_infra: WA[0902ac83] -> sendMessage | target=919818247844 | len=123
2026-10-03 12:24:21,451 [INFO] app.api.routes_infra: WA[0902ac83] <- status=200 | body={"success":true}
2026-10-03 12:24:21,452 [INFO] app.api.routes_infra: PickNotify sent to 9818247844 | ticket_id=1391
2026-10-03 17:05:43,468 [INFO] app.api.routes_infra: InfraAlert trigger -> ticket_id=1392 created_by=Jyoshna Verma dept=Technical category=Hardware
2026-10-03 17:05:43,469 [INFO] app.api.routes_infra: InfraAlert -> sending WA for ticket_id=1392 | msg_len=260
2026-10-03 17:05:43,471 [INFO] app.api.routes_infra: WA[2cb6beae] -> sendMessage | target=120363141953100908@g.us | len=260
2026-10-03 17:05:43,980 [INFO] app.api.routes_infra: WA[2cb6beae] <- status=200 | body={"success":true}
2026-10-03 17:05:43,980 [INFO] app.api.routes_infra: InfraAlert sent | status=200 | resp={"success":true}
2026-10-03 17:30:28,380 [INFO] app.api.routes_infra: WA[9c8f2ecc] -> sendMessage | target=917303037101 | len=123
2026-10-03 17:30:28,700 [INFO] app.api.routes_infra: WA[9c8f2ecc] <- status=200 | body={"success":true}
2026-10-03 17:30:28,700 [INFO] app.api.routes_infra: PickNotify sent to 7303037101 | ticket_id=1392
2026-10-03 17:30:31,362 [INFO] app.api.routes_infra: WA[e20fad77] -> sendMessage | target=917303037101 | len=257
2026-10-03 17:30:31,672 [INFO] app.api.routes_infra: WA[e20fad77] <- status=200 | body={"success":true}
2026-10-03 17:30:31,672 [INFO] app.api.routes_infra: ResolveNotify sent | ticket_id=1392 contact=7303037101
2026-10-03 20:34:11,690 [INFO] app.api.routes_infra: WA[9868ab52] -> sendMessage | target=919910773271 | len=427
2026-10-03 20:34:12,065 [INFO] app.api.routes_infra: WA[9868ab52] <- status=200 | body={"success":true}
2026-10-03 20:34:12,065 [INFO] app.api.routes_infra: ResolveNotify sent | ticket_id=1385 contact=9910773271
2026-10-03 21:51:15,420 [INFO] app.api.routes_infra: InfraAlert trigger -> ticket_id=1393 created_by=Dr Vipul Bhasin dept=Customer Care category=Software
2026-10-03 21:51:15,421 [INFO] app.api.routes_infra: InfraAlert -> sending WA for ticket_id=1393 | msg_len=969
2026-10-03 21:51:15,422 [INFO] app.api.routes_infra: WA[040db5d6] -> sendMessage | target=120363141953100908@g.us | len=969
2026-10-03 21:51:15,539 [INFO] app.api.routes_infra: WA[040db5d6] <- status=200 | body={"success":true}
2026-10-03 21:51:15,540 [INFO] app.api.routes_infra: InfraAlert sent | status=200 | resp={"success":true}
2026-10-04 13:44:31,020 [INFO] app.api.routes_infra: InfraAlert trigger -> ticket_id=1394 created_by=Jyoshna Verma dept=Customer Care category=Other
2026-10-04 13:44:31,021 [INFO] app.api.routes_infra: InfraAlert -> sending WA for ticket_id=1394 | msg_len=278
2026-10-04 13:44:31,022 [INFO] app.api.routes_infra: WA[26744463] -> sendMessage | target=120363141953100908@g.us | len=278
2026-10-04 13:44:31,106 [INFO] app.api.routes_infra: WA[26744463] <- status=200 | body={"success":true}
2026-10-04 13:44:31,107 [INFO] app.api.routes_infra: InfraAlert sent | status=200 | resp={"success":true}
2026-10-04 15:15:16,010 [INFO] app.api.routes_infra: InfraAlert trigger -> ticket_id=1395 created_by=Sanjeet Kumar dept=Customer Care category=Software
2026-10-04 15:15:16,011 [INFO] app.api.routes_infra: InfraAlert -> sending WA for ticket_id=1395 | msg_len=286
2026-10-04 15:15:16,012 [INFO] app.api.routes_infra: WA[43a6bc2e] -> sendMessage | target=120363141953100908@g.us | len=286
2026-10-04 15:15:16,098 [INFO] app.api.routes_infra: WA[43a6bc2e] <- status=200 | body={"success":true}
2026-10-04 15:15:16,098 [INFO] app.api.routes_infra: InfraAlert sent | status=200 | resp={"success":true}
2026-10-04 16:21:03,418 [INFO] app.api.routes_infra: InfraAlert trigger -> ticket_id=1396 created_by=Shahana Parveen dept=Marketing category=Software
2026-10-04 16:21:03,418 [INFO] app.api.routes_infra: InfraAlert -> sending WA for ticket_id=1396 | msg_len=357
2026-10-04 16:21:03,419 [INFO] app.api.routes_infra: WA[ef985ccc] -> sendMessage | target=120363141953100908@g.us | len=357
2026-10-04 16:21:03,502 [INFO] app.api.routes_infra: WA[ef985ccc] <- status=200 | body={"success":true}
2026-10-04 16:21:03,503 [INFO] app.api.routes_infra: InfraAlert sent | status=200 | resp={"success":true}
2026-10-04 16:23:42,683 [INFO] app.api.routes_infra: InfraAlert trigger -> ticket_id=1397 created_by=Shahana Parveen dept=Marketing category=Software
2026-10-04 16:23:42,683 [INFO] app.api.routes_infra: InfraAlert -> sending WA for ticket_id=1397 | msg_len=304
2026-10-04 16:23:42,684 [INFO] app.api.routes_infra: WA[be700e5c] -> sendMessage | target=120363141953100908@g.us | len=304
2026-10-04 16:23:42,767 [INFO] app.api.routes_infra: WA[be700e5c] <- status=200 | body={"success":true}
2026-10-04 16:23:42,768 [INFO] app.api.routes_infra: InfraAlert sent | status=200 | resp={"success":true}
2026-10-04 19:59:06,284 [INFO] app.api.routes_infra: InfraAlert trigger -> ticket_id=1398 created_by=Shabnam khan dept=Technical category=Software
2026-10-04 19:59:06,286 [INFO] app.api.routes_infra: InfraAlert -> sending WA for ticket_id=1398 | msg_len=311
2026-10-04 19:59:06,287 [INFO] app.api.routes_infra: WA[03d5220d] -> sendMessage | target=120363141953100908@g.us | len=311
2026-10-04 19:59:09,064 [INFO] app.api.routes_infra: WA[03d5220d] <- status=200 | body={"success":true}
2026-10-04 19:59:09,065 [INFO] app.api.routes_infra: InfraAlert sent | status=200 | resp={"success":true}
2026-10-04 20:05:33,028 [INFO] app.api.routes_infra: InfraAlert trigger -> ticket_id=1399 created_by=Shahana Parveen dept=Marketing category=Software
2026-10-04 20:05:33,028 [INFO] app.api.routes_infra: InfraAlert -> sending WA for ticket_id=1399 | msg_len=344
2026-10-04 20:05:33,030 [INFO] app.api.routes_infra: WA[186e63e6] -> sendMessage | target=120363141953100908@g.us | len=344
2026-10-04 20:05:33,148 [INFO] app.api.routes_infra: WA[186e63e6] <- status=200 | body={"success":true}
2026-10-04 20:05:33,149 [INFO] app.api.routes_infra: InfraAlert sent | status=200 | resp={"success":true}
2026-10-04 22:30:13,168 [INFO] app.api.routes_infra: InfraReminder -> processing 1 pending tickets
2026-10-04 22:30:13,168 [INFO] app.api.routes_infra: WA[4a47c05d] -> sendMessage | target=120363141953100908@g.us | len=984
2026-10-04 22:30:13,302 [INFO] app.api.routes_infra: WA[4a47c05d] <- status=200 | body={"success":true}
2026-10-04 22:30:13,303 [INFO] app.api.routes_infra: InfraReminder sent | ticket_id=1393 status=200
2026-10-05 08:32:03,447 [INFO] app.api.routes_infra: InfraAlert trigger -> ticket_id=1400 created_by=Prerna Sharma dept=Customer Care category=Software
2026-10-05 08:32:03,448 [INFO] app.api.routes_infra: InfraAlert -> sending WA for ticket_id=1400 | msg_len=365
2026-10-05 08:32:03,449 [INFO] app.api.routes_infra: WA[09077a7f] -> sendMessage | target=120363141953100908@g.us | len=365
2026-10-05 08:32:03,568 [INFO] app.api.routes_infra: WA[09077a7f] <- status=200 | body={"success":true}
2026-10-05 08:32:03,568 [INFO] app.api.routes_infra: InfraAlert sent | status=200 | resp={"success":true}
2026-10-05 09:23:36,857 [INFO] app.api.routes_infra: WA[853eb1f1] -> sendMessage | target=918448546358 | len=126
2026-10-05 09:23:37,201 [INFO] app.api.routes_infra: WA[853eb1f1] <- status=200 | body={"success":true}
2026-10-05 09:23:37,202 [INFO] app.api.routes_infra: PickNotify sent to 8448546358 | ticket_id=1399
2026-10-05 09:23:44,744 [INFO] app.api.routes_infra: WA[4a91590c] -> sendMessage | target=919818393041 | len=126
2026-10-05 09:23:45,176 [INFO] app.api.routes_infra: WA[4a91590c] <- status=200 | body={"success":true}
2026-10-05 09:23:45,176 [INFO] app.api.routes_infra: PickNotify sent to 9818393041 | ticket_id=1398
2026-10-05 09:23:53,116 [INFO] app.api.routes_infra: WA[b5c5bcec] -> sendMessage | target=918448546358 | len=126
2026-10-05 09:23:53,475 [INFO] app.api.routes_infra: WA[b5c5bcec] <- status=200 | body={"success":true}
2026-10-05 09:23:53,476 [INFO] app.api.routes_infra: PickNotify sent to 8448546358 | ticket_id=1397
2026-10-05 09:24:00,790 [INFO] app.api.routes_infra: WA[9496a8cb] -> sendMessage | target=918448546358 | len=126
2026-10-05 09:24:01,178 [INFO] app.api.routes_infra: WA[9496a8cb] <- status=200 | body={"success":true}
2026-10-05 09:24:01,179 [INFO] app.api.routes_infra: PickNotify sent to 8448546358 | ticket_id=1396
2026-10-05 09:56:07,149 [INFO] app.api.routes_infra: InfraAlert trigger -> ticket_id=1401 created_by=Mansi Shukla dept=Technical category=Hardware
2026-10-05 09:56:07,150 [INFO] app.api.routes_infra: InfraAlert -> sending WA for ticket_id=1401 | msg_len=249
2026-10-05 09:56:07,151 [INFO] app.api.routes_infra: WA[6efef9f8] -> sendMessage | target=120363141953100908@g.us | len=249
2026-10-05 09:56:11,784 [INFO] app.api.routes_infra: WA[6efef9f8] <- status=200 | body={"success":true}
2026-10-05 09:56:11,784 [INFO] app.api.routes_infra: InfraAlert sent | status=200 | resp={"success":true}
2026-10-05 11:17:05,593 [INFO] app.api.routes_infra: WA[a5dda42d] -> sendMessage | target=918595713150 | len=123
2026-10-05 11:17:05,937 [INFO] app.api.routes_infra: WA[a5dda42d] <- status=200 | body={"success":true}
2026-10-05 11:17:05,938 [INFO] app.api.routes_infra: PickNotify sent to 8595713150 | ticket_id=1401
2026-10-05 11:30:42,439 [INFO] app.api.routes_infra: WA[24a30da3] -> sendMessage | target=919810030372 | len=122
2026-10-05 11:30:45,219 [INFO] app.api.routes_infra: WA[24a30da3] <- status=200 | body={"success":true}
2026-10-05 11:30:45,219 [INFO] app.api.routes_infra: PickNotify sent to 9810030372 | ticket_id=1393
2026-10-05 11:32:34,707 [INFO] app.api.routes_infra: WA[54a037e8] -> sendMessage | target=919810030372 | len=959
2026-10-05 11:32:36,176 [INFO] app.api.routes_infra: WA[54a037e8] <- status=200 | body={"success":true}
2026-10-05 11:32:36,177 [INFO] app.api.routes_infra: ResolveNotify sent | ticket_id=1393 contact=9810030372
2026-10-05 11:33:40,899 [INFO] app.api.routes_infra: WA[c1cc9a46] -> sendMessage | target=918595713150 | len=234
2026-10-05 11:33:42,641 [INFO] app.api.routes_infra: WA[c1cc9a46] <- status=200 | body={"success":true}
2026-10-05 11:33:42,642 [INFO] app.api.routes_infra: ResolveNotify sent | ticket_id=1401 contact=8595713150
2026-10-05 11:46:14,184 [INFO] app.api.routes_infra: WA[a30d99cb] -> sendMessage | target=919910773271 | len=122
2026-10-05 11:46:14,509 [INFO] app.api.routes_infra: WA[a30d99cb] <- status=200 | body={"success":true}
2026-10-05 11:46:14,510 [INFO] app.api.routes_infra: PickNotify sent to 9910773271 | ticket_id=1400
2026-10-05 11:46:16,292 [INFO] app.api.routes_infra: WA[56cbd831] -> sendMessage | target=919910773271 | len=344
2026-10-05 11:46:16,611 [INFO] app.api.routes_infra: WA[56cbd831] <- status=200 | body={"success":true}
2026-10-05 11:46:16,611 [INFO] app.api.routes_infra: ResolveNotify sent | ticket_id=1400 contact=9910773271
2026-10-05 11:46:28,198 [INFO] app.api.routes_infra: WA[f500bc21] -> sendMessage | target=917982256085 | len=122
2026-10-05 11:46:28,558 [INFO] app.api.routes_infra: WA[f500bc21] <- status=200 | body={"success":true}
2026-10-05 11:46:28,558 [INFO] app.api.routes_infra: PickNotify sent to 7982256085 | ticket_id=1395
2026-10-05 11:46:34,246 [INFO] app.api.routes_infra: WA[4ba416b1] -> sendMessage | target=917982256085 | len=265
2026-10-05 11:46:34,607 [INFO] app.api.routes_infra: WA[4ba416b1] <- status=200 | body={"success":true}
2026-10-05 11:46:34,607 [INFO] app.api.routes_infra: ResolveNotify sent | ticket_id=1395 contact=7982256085
2026-10-05 11:46:40,050 [INFO] app.api.routes_infra: WA[7b283d0f] -> sendMessage | target=917303037101 | len=122
2026-10-05 11:46:40,360 [INFO] app.api.routes_infra: WA[7b283d0f] <- status=200 | body={"success":true}
2026-10-05 11:46:40,361 [INFO] app.api.routes_infra: PickNotify sent to 7303037101 | ticket_id=1394
2026-10-05 11:46:44,034 [INFO] app.api.routes_infra: WA[d4da8cec] -> sendMessage | target=917303037101 | len=257
2026-10-05 11:46:44,347 [INFO] app.api.routes_infra: WA[d4da8cec] <- status=200 | body={"success":true}
2026-10-05 11:46:44,348 [INFO] app.api.routes_infra: ResolveNotify sent | ticket_id=1394 contact=7303037101
2026-10-05 11:48:00,430 [INFO] app.api.routes_infra: WA[3e2edd0e] -> sendMessage | target=919818393041 | len=122
2026-10-05 11:48:00,796 [INFO] app.api.routes_infra: WA[3e2edd0e] <- status=200 | body={"success":true}
2026-10-05 11:48:00,797 [INFO] app.api.routes_infra: PickNotify sent to 9818393041 | ticket_id=1386
2026-10-05 11:54:54,807 [INFO] app.api.routes_infra: InfraAlert trigger -> ticket_id=1402 created_by=Shabnam khan dept=Technical category=Software
2026-10-05 11:54:54,807 [INFO] app.api.routes_infra: InfraAlert -> sending WA for ticket_id=1402 | msg_len=436
2026-10-05 11:54:54,809 [INFO] app.api.routes_infra: WA[fb3598a9] -> sendMessage | target=120363141953100908@g.us | len=436
2026-10-05 11:54:54,914 [INFO] app.api.routes_infra: WA[fb3598a9] <- status=200 | body={"success":true}
2026-10-05 11:54:54,914 [INFO] app.api.routes_infra: InfraAlert sent | status=200 | resp={"success":true}
2026-10-05 12:40:50,511 [INFO] app.api.routes_infra: WA[838e7fda] -> sendMessage | target=919818393041 | len=126
2026-10-05 12:40:50,863 [INFO] app.api.routes_infra: WA[838e7fda] <- status=200 | body={"success":true}
2026-10-05 12:40:50,863 [INFO] app.api.routes_infra: PickNotify sent to 9818393041 | ticket_id=1402
2026-10-05 12:46:09,200 [INFO] app.api.routes_infra: WA[27c57fe5] -> sendMessage | target=918448546358 | len=355
2026-10-05 12:46:09,623 [INFO] app.api.routes_infra: WA[27c57fe5] <- status=200 | body={"success":true}
2026-10-05 12:46:09,624 [INFO] app.api.routes_infra: ResolveNotify sent | ticket_id=1396 contact=8448546358
2026-10-05 12:54:01,198 [INFO] app.api.routes_infra: WA[686ed784] -> sendMessage | target=918448546358 | len=342
2026-10-05 12:54:01,631 [INFO] app.api.routes_infra: WA[686ed784] <- status=200 | body={"success":true}
2026-10-05 12:54:01,632 [INFO] app.api.routes_infra: ResolveNotify sent | ticket_id=1399 contact=8448546358
2026-10-06 11:00:13,114 [INFO] app.api.routes_infra: Infra resolution SLA hiccup generated | ticket_id=1397 hiccup=HCP-26-2133
2026-10-06 11:00:13,130 [INFO] app.api.routes_infra: Infra resolution SLA hiccup generated | ticket_id=1398 hiccup=HCP-26-2134
2026-10-06 11:00:13,142 [INFO] app.api.routes_infra: Infra resolution SLA hiccup generated | ticket_id=1402 hiccup=HCP-26-2135
2026-10-06 11:19:26,818 [INFO] app.api.routes_infra: InfraAlert trigger -> ticket_id=1403 created_by=Kritika Sharma dept=Technical category=Hardware
2026-10-06 11:19:26,819 [INFO] app.api.routes_infra: InfraAlert -> sending WA for ticket_id=1403 | msg_len=239
2026-10-06 11:19:26,819 [INFO] app.api.routes_infra: WA[054ff2ca] -> sendMessage | target=120363141953100908@g.us | len=239
2026-10-06 11:19:26,937 [INFO] app.api.routes_infra: WA[054ff2ca] <- status=200 | body={"success":true}
2026-10-06 11:19:26,938 [INFO] app.api.routes_infra: InfraAlert sent | status=200 | resp={"success":true}
2026-10-06 11:20:05,707 [INFO] app.api.routes_infra: WA[f9e1dce0] -> sendMessage | target=919650538486 | len=123
2026-10-06 11:20:06,122 [INFO] app.api.routes_infra: WA[f9e1dce0] <- status=200 | body={"success":true}
2026-10-06 11:20:06,123 [INFO] app.api.routes_infra: PickNotify sent to 9650538486 | ticket_id=1403
2026-10-06 11:59:55,424 [INFO] app.api.routes_infra: WA[2a78e742] -> sendMessage | target=919818393041 | len=126
2026-10-06 11:59:58,689 [INFO] app.api.routes_infra: WA[fc8e93b1] -> sendMessage | target=919818393041 | len=126
2026-10-06 12:00:03,950 [INFO] app.api.routes_infra: WA[fc8e93b1] <- status=200 | body={"success":true}
2026-10-06 12:00:03,950 [INFO] app.api.routes_infra: PickNotify sent to 9818393041 | ticket_id=1402
2026-10-06 12:00:03,976 [INFO] app.api.routes_infra: WA[2a78e742] <- status=200 | body={"success":true}
2026-10-06 12:00:03,976 [INFO] app.api.routes_infra: PickNotify sent to 9818393041 | ticket_id=1402
2026-10-06 12:00:49,737 [INFO] app.api.routes_infra: WA[5a60352e] -> sendMessage | target=918448546358 | len=126
2026-10-06 12:00:54,488 [INFO] app.api.routes_infra: WA[5a60352e] <- status=200 | body={"success":true}
2026-10-06 12:00:54,489 [INFO] app.api.routes_infra: PickNotify sent to 8448546358 | ticket_id=1397
2026-10-06 13:01:22,371 [INFO] app.api.routes_infra: WA[96d7569e] -> sendMessage | target=919650538486 | len=235
2026-10-06 13:01:22,735 [INFO] app.api.routes_infra: WA[96d7569e] <- status=200 | body={"success":true}
2026-10-06 13:01:22,735 [INFO] app.api.routes_infra: ResolveNotify sent | ticket_id=1403 contact=9650538486
2026-10-06 13:01:52,677 [INFO] app.api.routes_infra: WA[85b8f10b] -> sendMessage | target=919818247844 | len=123
2026-10-06 13:01:53,124 [INFO] app.api.routes_infra: WA[85b8f10b] <- status=200 | body={"success":true}
2026-10-06 13:01:53,125 [INFO] app.api.routes_infra: PickNotify sent to 9818247844 | ticket_id=1391
2026-10-06 15:23:08,574 [INFO] app.api.routes_infra: InfraAlert trigger -> ticket_id=1404 created_by=Suresh Kundra dept=Customer Care category=Software
2026-10-06 15:23:08,574 [INFO] app.api.routes_infra: InfraAlert -> sending WA for ticket_id=1404 | msg_len=329
2026-10-06 15:23:08,575 [INFO] app.api.routes_infra: WA[14045718] -> sendMessage | target=120363141953100908@g.us | len=329
2026-10-06 15:23:08,667 [INFO] app.api.routes_infra: WA[14045718] <- status=200 | body={"success":true}
2026-10-06 15:23:08,668 [INFO] app.api.routes_infra: InfraAlert sent | status=200 | resp={"success":true}
2026-10-06 15:34:30,664 [INFO] app.api.routes_infra: InfraAlert trigger -> ticket_id=1405 created_by=Ritu Mahalwal dept=Customer Care category=Office Infra
2026-10-06 15:34:30,665 [INFO] app.api.routes_infra: InfraAlert -> sending WA for ticket_id=1405 | msg_len=259
2026-10-06 15:34:30,666 [INFO] app.api.routes_infra: WA[cc22822e] -> sendMessage | target=120363141953100908@g.us | len=259
2026-10-06 15:34:30,744 [INFO] app.api.routes_infra: WA[cc22822e] <- status=200 | body={"success":true}
2026-10-06 15:34:30,744 [INFO] app.api.routes_infra: InfraAlert sent | status=200 | resp={"success":true}
2026-10-06 15:39:43,789 [INFO] app.api.routes_infra: WA[9c2c63f8] -> sendMessage | target=919871366002 | len=123
2026-10-06 15:39:44,157 [INFO] app.api.routes_infra: WA[9c2c63f8] <- status=200 | body={"success":true}
2026-10-06 15:39:44,157 [INFO] app.api.routes_infra: PickNotify sent to 9871366002 | ticket_id=1405
