2025-12-22 06:32:45,761 [ERROR] app.routers.infra: InfraReminder background loop error: (mysql.connector.errors.DatabaseError) 2003 (HY000): Can't connect to MySQL server on 'db:3306' (111)
(Background on this error at: https://sqlalche.me/e/20/4xp6)
Traceback (most recent call last):
  File "/usr/local/lib/python3.10/site-packages/mysql/connector/connection_cext.py", line 354, in _open_connection
    self._cmysql.connect(**cnx_kwargs)
_mysql_connector.MySQLInterfaceError: Can't connect to MySQL server on 'db:3306' (111)

The above exception was the direct cause of the following exception:

Traceback (most recent call last):
  File "/usr/local/lib/python3.10/site-packages/sqlalchemy/engine/base.py", line 143, in __init__
    self._dbapi_connection = engine.raw_connection()
  File "/usr/local/lib/python3.10/site-packages/sqlalchemy/engine/base.py", line 3309, in raw_connection
    return self.pool.connect()
  File "/usr/local/lib/python3.10/site-packages/sqlalchemy/pool/base.py", line 447, in connect
    return _ConnectionFairy._checkout(self)
  File "/usr/local/lib/python3.10/site-packages/sqlalchemy/pool/base.py", line 1264, in _checkout
    fairy = _ConnectionRecord.checkout(pool)
  File "/usr/local/lib/python3.10/site-packages/sqlalchemy/pool/base.py", line 711, in checkout
    rec = pool._do_get()
  File "/usr/local/lib/python3.10/site-packages/sqlalchemy/pool/impl.py", line 177, in _do_get
    with util.safe_reraise():
  File "/usr/local/lib/python3.10/site-packages/sqlalchemy/util/langhelpers.py", line 224, in __exit__
    raise exc_value.with_traceback(exc_tb)
  File "/usr/local/lib/python3.10/site-packages/sqlalchemy/pool/impl.py", line 175, in _do_get
    return self._create_connection()
  File "/usr/local/lib/python3.10/site-packages/sqlalchemy/pool/base.py", line 388, in _create_connection
    return _ConnectionRecord(self)
  File "/usr/local/lib/python3.10/site-packages/sqlalchemy/pool/base.py", line 673, in __init__
    self.__connect()
  File "/usr/local/lib/python3.10/site-packages/sqlalchemy/pool/base.py", line 899, in __connect
    with util.safe_reraise():
  File "/usr/local/lib/python3.10/site-packages/sqlalchemy/util/langhelpers.py", line 224, in __exit__
    raise exc_value.with_traceback(exc_tb)
  File "/usr/local/lib/python3.10/site-packages/sqlalchemy/pool/base.py", line 895, in __connect
    self.dbapi_connection = connection = pool._invoke_creator(self)
  File "/usr/local/lib/python3.10/site-packages/sqlalchemy/engine/create.py", line 661, in connect
    return dialect.connect(*cargs, **cparams)
  File "/usr/local/lib/python3.10/site-packages/sqlalchemy/engine/default.py", line 630, in connect
    return self.loaded_dbapi.connect(*cargs, **cparams)  # type: ignore[no-any-return]  # NOQA: E501
  File "/usr/local/lib/python3.10/site-packages/mysql/connector/pooling.py", line 322, in connect
    return CMySQLConnection(*args, **kwargs)
  File "/usr/local/lib/python3.10/site-packages/mysql/connector/connection_cext.py", line 142, in __init__
    self.connect(**kwargs)
  File "/usr/local/lib/python3.10/site-packages/mysql/connector/abstracts.py", line 1604, in connect
    self._open_connection()
  File "/usr/local/lib/python3.10/site-packages/mysql/connector/connection_cext.py", line 360, in _open_connection
    raise get_mysql_exception(
mysql.connector.errors.DatabaseError: 2003 (HY000): Can't connect to MySQL server on 'db:3306' (111)

The above exception was the direct cause of the following exception:

Traceback (most recent call last):
  File "/app/app/routers/infra.py", line 269, in _reminder_loop
    _send_pick_reminders(db)
  File "/app/app/routers/infra.py", line 230, in _send_pick_reminders
    .all()
  File "/usr/local/lib/python3.10/site-packages/sqlalchemy/orm/query.py", line 2704, in all
    return self._iter().all()  # type: ignore
  File "/usr/local/lib/python3.10/site-packages/sqlalchemy/orm/query.py", line 2857, in _iter
    result: Union[ScalarResult[_T], Result[_T]] = self.session.execute(
  File "/usr/local/lib/python3.10/site-packages/sqlalchemy/orm/session.py", line 2351, in execute
    return self._execute_internal(
  File "/usr/local/lib/python3.10/site-packages/sqlalchemy/orm/session.py", line 2239, in _execute_internal
    conn = self._connection_for_bind(bind)
  File "/usr/local/lib/python3.10/site-packages/sqlalchemy/orm/session.py", line 2108, in _connection_for_bind
    return trans._connection_for_bind(engine, execution_options)
  File "<string>", line 2, in _connection_for_bind
  File "/usr/local/lib/python3.10/site-packages/sqlalchemy/orm/state_changes.py", line 137, in _go
    ret_value = fn(self, *arg, **kw)
  File "/usr/local/lib/python3.10/site-packages/sqlalchemy/orm/session.py", line 1187, in _connection_for_bind
    conn = bind.connect()
  File "/usr/local/lib/python3.10/site-packages/sqlalchemy/engine/base.py", line 3285, in connect
    return self._connection_cls(self)
  File "/usr/local/lib/python3.10/site-packages/sqlalchemy/engine/base.py", line 145, in __init__
    Connection._handle_dbapi_exception_noconnection(
  File "/usr/local/lib/python3.10/site-packages/sqlalchemy/engine/base.py", line 2448, in _handle_dbapi_exception_noconnection
    raise sqlalchemy_exception.with_traceback(exc_info[2]) from e
  File "/usr/local/lib/python3.10/site-packages/sqlalchemy/engine/base.py", line 143, in __init__
    self._dbapi_connection = engine.raw_connection()
  File "/usr/local/lib/python3.10/site-packages/sqlalchemy/engine/base.py", line 3309, in raw_connection
    return self.pool.connect()
  File "/usr/local/lib/python3.10/site-packages/sqlalchemy/pool/base.py", line 447, in connect
    return _ConnectionFairy._checkout(self)
  File "/usr/local/lib/python3.10/site-packages/sqlalchemy/pool/base.py", line 1264, in _checkout
    fairy = _ConnectionRecord.checkout(pool)
  File "/usr/local/lib/python3.10/site-packages/sqlalchemy/pool/base.py", line 711, in checkout
    rec = pool._do_get()
  File "/usr/local/lib/python3.10/site-packages/sqlalchemy/pool/impl.py", line 177, in _do_get
    with util.safe_reraise():
  File "/usr/local/lib/python3.10/site-packages/sqlalchemy/util/langhelpers.py", line 224, in __exit__
    raise exc_value.with_traceback(exc_tb)
  File "/usr/local/lib/python3.10/site-packages/sqlalchemy/pool/impl.py", line 175, in _do_get
    return self._create_connection()
  File "/usr/local/lib/python3.10/site-packages/sqlalchemy/pool/base.py", line 388, in _create_connection
    return _ConnectionRecord(self)
  File "/usr/local/lib/python3.10/site-packages/sqlalchemy/pool/base.py", line 673, in __init__
    self.__connect()
  File "/usr/local/lib/python3.10/site-packages/sqlalchemy/pool/base.py", line 899, in __connect
    with util.safe_reraise():
  File "/usr/local/lib/python3.10/site-packages/sqlalchemy/util/langhelpers.py", line 224, in __exit__
    raise exc_value.with_traceback(exc_tb)
  File "/usr/local/lib/python3.10/site-packages/sqlalchemy/pool/base.py", line 895, in __connect
    self.dbapi_connection = connection = pool._invoke_creator(self)
  File "/usr/local/lib/python3.10/site-packages/sqlalchemy/engine/create.py", line 661, in connect
    return dialect.connect(*cargs, **cparams)
  File "/usr/local/lib/python3.10/site-packages/sqlalchemy/engine/default.py", line 630, in connect
    return self.loaded_dbapi.connect(*cargs, **cparams)  # type: ignore[no-any-return]  # NOQA: E501
  File "/usr/local/lib/python3.10/site-packages/mysql/connector/pooling.py", line 322, in connect
    return CMySQLConnection(*args, **kwargs)
  File "/usr/local/lib/python3.10/site-packages/mysql/connector/connection_cext.py", line 142, in __init__
    self.connect(**kwargs)
  File "/usr/local/lib/python3.10/site-packages/mysql/connector/abstracts.py", line 1604, in connect
    self._open_connection()
  File "/usr/local/lib/python3.10/site-packages/mysql/connector/connection_cext.py", line 360, in _open_connection
    raise get_mysql_exception(
sqlalchemy.exc.DatabaseError: (mysql.connector.errors.DatabaseError) 2003 (HY000): Can't connect to MySQL server on 'db:3306' (111)
(Background on this error at: https://sqlalche.me/e/20/4xp6)
2025-12-22 06:32:48,160 [INFO] app.routers.infra: InfraReminder -> processing 3 pending tickets
2025-12-22 06:32:48,172 [INFO] app.routers.infra: WA[e2372063] -> sendMessage | target=120363141953100908@g.us | len=207
2025-12-22 06:32:48,283 [INFO] app.routers.infra: WA[e2372063] <- status=200 | body={"success":true}
2025-12-22 06:32:48,284 [INFO] app.routers.infra: InfraReminder sent | ticket_id=117 status=200
2025-12-22 06:32:48,285 [INFO] app.routers.infra: WA[7b22ce43] -> sendMessage | target=120363141953100908@g.us | len=218
2025-12-22 06:32:49,001 [INFO] app.routers.infra: WA[7b22ce43] <- status=200 | body={"success":true}
2025-12-22 06:32:49,002 [INFO] app.routers.infra: InfraReminder sent | ticket_id=135 status=200
2025-12-22 06:32:49,003 [INFO] app.routers.infra: WA[60909d8e] -> sendMessage | target=120363141953100908@g.us | len=209
2025-12-22 06:32:49,074 [INFO] app.routers.infra: WA[60909d8e] <- status=200 | body={"success":true}
2025-12-22 06:32:49,075 [INFO] app.routers.infra: InfraReminder sent | ticket_id=136 status=200
2025-12-22 07:09:18,952 [ERROR] app.routers.infra: InfraReminder background loop error: (mysql.connector.errors.DatabaseError) 2003 (HY000): Can't connect to MySQL server on 'db:3306' (111)
(Background on this error at: https://sqlalche.me/e/20/4xp6)
Traceback (most recent call last):
  File "/usr/local/lib/python3.10/site-packages/mysql/connector/connection_cext.py", line 354, in _open_connection
    self._cmysql.connect(**cnx_kwargs)
_mysql_connector.MySQLInterfaceError: Can't connect to MySQL server on 'db:3306' (111)

The above exception was the direct cause of the following exception:

Traceback (most recent call last):
  File "/usr/local/lib/python3.10/site-packages/sqlalchemy/engine/base.py", line 143, in __init__
    self._dbapi_connection = engine.raw_connection()
  File "/usr/local/lib/python3.10/site-packages/sqlalchemy/engine/base.py", line 3309, in raw_connection
    return self.pool.connect()
  File "/usr/local/lib/python3.10/site-packages/sqlalchemy/pool/base.py", line 447, in connect
    return _ConnectionFairy._checkout(self)
  File "/usr/local/lib/python3.10/site-packages/sqlalchemy/pool/base.py", line 1264, in _checkout
    fairy = _ConnectionRecord.checkout(pool)
  File "/usr/local/lib/python3.10/site-packages/sqlalchemy/pool/base.py", line 711, in checkout
    rec = pool._do_get()
  File "/usr/local/lib/python3.10/site-packages/sqlalchemy/pool/impl.py", line 177, in _do_get
    with util.safe_reraise():
  File "/usr/local/lib/python3.10/site-packages/sqlalchemy/util/langhelpers.py", line 224, in __exit__
    raise exc_value.with_traceback(exc_tb)
  File "/usr/local/lib/python3.10/site-packages/sqlalchemy/pool/impl.py", line 175, in _do_get
    return self._create_connection()
  File "/usr/local/lib/python3.10/site-packages/sqlalchemy/pool/base.py", line 388, in _create_connection
    return _ConnectionRecord(self)
  File "/usr/local/lib/python3.10/site-packages/sqlalchemy/pool/base.py", line 673, in __init__
    self.__connect()
  File "/usr/local/lib/python3.10/site-packages/sqlalchemy/pool/base.py", line 899, in __connect
    with util.safe_reraise():
  File "/usr/local/lib/python3.10/site-packages/sqlalchemy/util/langhelpers.py", line 224, in __exit__
    raise exc_value.with_traceback(exc_tb)
  File "/usr/local/lib/python3.10/site-packages/sqlalchemy/pool/base.py", line 895, in __connect
    self.dbapi_connection = connection = pool._invoke_creator(self)
  File "/usr/local/lib/python3.10/site-packages/sqlalchemy/engine/create.py", line 661, in connect
    return dialect.connect(*cargs, **cparams)
  File "/usr/local/lib/python3.10/site-packages/sqlalchemy/engine/default.py", line 630, in connect
    return self.loaded_dbapi.connect(*cargs, **cparams)  # type: ignore[no-any-return]  # NOQA: E501
  File "/usr/local/lib/python3.10/site-packages/mysql/connector/pooling.py", line 322, in connect
    return CMySQLConnection(*args, **kwargs)
  File "/usr/local/lib/python3.10/site-packages/mysql/connector/connection_cext.py", line 142, in __init__
    self.connect(**kwargs)
  File "/usr/local/lib/python3.10/site-packages/mysql/connector/abstracts.py", line 1604, in connect
    self._open_connection()
  File "/usr/local/lib/python3.10/site-packages/mysql/connector/connection_cext.py", line 360, in _open_connection
    raise get_mysql_exception(
mysql.connector.errors.DatabaseError: 2003 (HY000): Can't connect to MySQL server on 'db:3306' (111)

The above exception was the direct cause of the following exception:

Traceback (most recent call last):
  File "/app/app/routers/infra.py", line 269, in _reminder_loop
    _send_pick_reminders(db)
  File "/app/app/routers/infra.py", line 230, in _send_pick_reminders
    .all()
  File "/usr/local/lib/python3.10/site-packages/sqlalchemy/orm/query.py", line 2704, in all
    return self._iter().all()  # type: ignore
  File "/usr/local/lib/python3.10/site-packages/sqlalchemy/orm/query.py", line 2857, in _iter
    result: Union[ScalarResult[_T], Result[_T]] = self.session.execute(
  File "/usr/local/lib/python3.10/site-packages/sqlalchemy/orm/session.py", line 2351, in execute
    return self._execute_internal(
  File "/usr/local/lib/python3.10/site-packages/sqlalchemy/orm/session.py", line 2239, in _execute_internal
    conn = self._connection_for_bind(bind)
  File "/usr/local/lib/python3.10/site-packages/sqlalchemy/orm/session.py", line 2108, in _connection_for_bind
    return trans._connection_for_bind(engine, execution_options)
  File "<string>", line 2, in _connection_for_bind
  File "/usr/local/lib/python3.10/site-packages/sqlalchemy/orm/state_changes.py", line 137, in _go
    ret_value = fn(self, *arg, **kw)
  File "/usr/local/lib/python3.10/site-packages/sqlalchemy/orm/session.py", line 1187, in _connection_for_bind
    conn = bind.connect()
  File "/usr/local/lib/python3.10/site-packages/sqlalchemy/engine/base.py", line 3285, in connect
    return self._connection_cls(self)
  File "/usr/local/lib/python3.10/site-packages/sqlalchemy/engine/base.py", line 145, in __init__
    Connection._handle_dbapi_exception_noconnection(
  File "/usr/local/lib/python3.10/site-packages/sqlalchemy/engine/base.py", line 2448, in _handle_dbapi_exception_noconnection
    raise sqlalchemy_exception.with_traceback(exc_info[2]) from e
  File "/usr/local/lib/python3.10/site-packages/sqlalchemy/engine/base.py", line 143, in __init__
    self._dbapi_connection = engine.raw_connection()
  File "/usr/local/lib/python3.10/site-packages/sqlalchemy/engine/base.py", line 3309, in raw_connection
    return self.pool.connect()
  File "/usr/local/lib/python3.10/site-packages/sqlalchemy/pool/base.py", line 447, in connect
    return _ConnectionFairy._checkout(self)
  File "/usr/local/lib/python3.10/site-packages/sqlalchemy/pool/base.py", line 1264, in _checkout
    fairy = _ConnectionRecord.checkout(pool)
  File "/usr/local/lib/python3.10/site-packages/sqlalchemy/pool/base.py", line 711, in checkout
    rec = pool._do_get()
  File "/usr/local/lib/python3.10/site-packages/sqlalchemy/pool/impl.py", line 177, in _do_get
    with util.safe_reraise():
  File "/usr/local/lib/python3.10/site-packages/sqlalchemy/util/langhelpers.py", line 224, in __exit__
    raise exc_value.with_traceback(exc_tb)
  File "/usr/local/lib/python3.10/site-packages/sqlalchemy/pool/impl.py", line 175, in _do_get
    return self._create_connection()
  File "/usr/local/lib/python3.10/site-packages/sqlalchemy/pool/base.py", line 388, in _create_connection
    return _ConnectionRecord(self)
  File "/usr/local/lib/python3.10/site-packages/sqlalchemy/pool/base.py", line 673, in __init__
    self.__connect()
  File "/usr/local/lib/python3.10/site-packages/sqlalchemy/pool/base.py", line 899, in __connect
    with util.safe_reraise():
  File "/usr/local/lib/python3.10/site-packages/sqlalchemy/util/langhelpers.py", line 224, in __exit__
    raise exc_value.with_traceback(exc_tb)
  File "/usr/local/lib/python3.10/site-packages/sqlalchemy/pool/base.py", line 895, in __connect
    self.dbapi_connection = connection = pool._invoke_creator(self)
  File "/usr/local/lib/python3.10/site-packages/sqlalchemy/engine/create.py", line 661, in connect
    return dialect.connect(*cargs, **cparams)
  File "/usr/local/lib/python3.10/site-packages/sqlalchemy/engine/default.py", line 630, in connect
    return self.loaded_dbapi.connect(*cargs, **cparams)  # type: ignore[no-any-return]  # NOQA: E501
  File "/usr/local/lib/python3.10/site-packages/mysql/connector/pooling.py", line 322, in connect
    return CMySQLConnection(*args, **kwargs)
  File "/usr/local/lib/python3.10/site-packages/mysql/connector/connection_cext.py", line 142, in __init__
    self.connect(**kwargs)
  File "/usr/local/lib/python3.10/site-packages/mysql/connector/abstracts.py", line 1604, in connect
    self._open_connection()
  File "/usr/local/lib/python3.10/site-packages/mysql/connector/connection_cext.py", line 360, in _open_connection
    raise get_mysql_exception(
sqlalchemy.exc.DatabaseError: (mysql.connector.errors.DatabaseError) 2003 (HY000): Can't connect to MySQL server on 'db:3306' (111)
(Background on this error at: https://sqlalche.me/e/20/4xp6)
2025-12-22 07:11:24,205 [INFO] app.routers.infra: WA[9ba7b586] -> sendMessage | target=919871366002 | len=121
2025-12-22 07:11:24,323 [INFO] app.routers.infra: WA[9ba7b586] <- status=200 | body={"success":true}
2025-12-22 07:11:24,327 [INFO] app.routers.infra: PickNotify sent to 9871366002 | ticket_id=137
2025-12-22 07:11:31,587 [INFO] app.routers.infra: WA[3b6e4097] -> sendMessage | target=919871366002 | len=159
2025-12-22 07:11:31,639 [INFO] app.routers.infra: WA[3b6e4097] <- status=200 | body={"success":true}
2025-12-22 07:11:31,640 [INFO] app.routers.infra: ResolveNotify sent | ticket_id=137 contact=9871366002
2025-12-22 07:12:51,292 [INFO] app.routers.infra: InfraAlert trigger -> ticket_id=140 created_by=SAHIL BISHT dept=Other category=Other
2025-12-22 07:12:51,294 [INFO] app.routers.infra: InfraAlert -> sending WA for ticket_id=140 | msg_len=204
2025-12-22 07:12:51,296 [INFO] app.routers.infra: WA[0078cf22] -> sendMessage | target=120363141953100908@g.us | len=204
2025-12-22 07:12:51,378 [INFO] app.routers.infra: WA[0078cf22] <- status=200 | body={"success":true}
2025-12-22 07:12:51,379 [INFO] app.routers.infra: InfraAlert sent | status=200 | resp={"success":true}
2025-12-22 07:13:00,459 [INFO] app.routers.infra: WA[3860a883] -> sendMessage | target=918057054076 | len=121
2025-12-22 07:13:00,520 [INFO] app.routers.infra: WA[3860a883] <- status=200 | body={"success":true}
2025-12-22 07:13:00,522 [INFO] app.routers.infra: PickNotify sent to 8057054076 | ticket_id=140
2025-12-22 07:13:13,651 [INFO] app.routers.infra: WA[7bb55ddb] -> sendMessage | target=918057054076 | len=159
2025-12-22 07:13:13,696 [INFO] app.routers.infra: WA[7bb55ddb] <- status=200 | body={"success":true}
2025-12-22 07:13:13,697 [INFO] app.routers.infra: ResolveNotify sent | ticket_id=140 contact=8057054076
2025-12-22 07:24:51,201 [INFO] app.routers.infra: WA[63caca42] -> sendMessage | target=918448546358 | len=121
2025-12-22 07:24:51,282 [INFO] app.routers.infra: WA[63caca42] <- status=200 | body={"success":true}
2025-12-22 07:24:51,283 [INFO] app.routers.infra: PickNotify sent to 8448546358 | ticket_id=112
2025-12-22 08:49:08,015 [INFO] app.routers.infra: WA[d1c5a803] -> sendMessage | target=918448546358 | len=159
2025-12-22 08:49:08,169 [INFO] app.routers.infra: WA[d1c5a803] <- status=200 | body={"success":true}
2025-12-22 08:49:08,170 [INFO] app.routers.infra: ResolveNotify sent | ticket_id=112 contact=8448546358
2025-12-22 14:45:23,223 [INFO] app.routers.infra: InfraAlert trigger -> ticket_id=141 created_by=Shahana Parveen dept=Marketing category=Software
2025-12-22 14:45:23,227 [INFO] app.routers.infra: InfraAlert -> sending WA for ticket_id=141 | msg_len=471
2025-12-22 14:45:23,229 [INFO] app.routers.infra: WA[aaa71aa7] -> sendMessage | target=120363141953100908@g.us | len=471
2025-12-22 14:45:23,381 [INFO] app.routers.infra: WA[aaa71aa7] <- status=200 | body={"success":true}
2025-12-22 14:45:23,384 [INFO] app.routers.infra: InfraAlert sent | status=200 | resp={"success":true}
2025-12-22 14:46:18,890 [INFO] app.routers.infra: InfraAlert trigger -> ticket_id=142 created_by=Shahana Parveen dept=Marketing category=Software
2025-12-22 14:46:18,892 [INFO] app.routers.infra: InfraAlert -> sending WA for ticket_id=142 | msg_len=287
2025-12-22 14:46:18,893 [INFO] app.routers.infra: WA[c9c81691] -> sendMessage | target=120363141953100908@g.us | len=287
2025-12-22 14:46:18,977 [INFO] app.routers.infra: WA[c9c81691] <- status=200 | body={"success":true}
2025-12-22 14:46:18,979 [INFO] app.routers.infra: InfraAlert sent | status=200 | resp={"success":true}
2025-12-23 05:43:20,371 [INFO] app.routers.infra: InfraReminder -> processing 1 pending tickets
2025-12-23 05:43:20,373 [INFO] app.routers.infra: WA[d89f571c] -> sendMessage | target=120363141953100908@g.us | len=193
2025-12-23 05:43:20,474 [INFO] app.routers.infra: WA[d89f571c] <- status=200 | body={"success":true}
2025-12-23 05:43:20,475 [INFO] app.routers.infra: InfraReminder sent | ticket_id=138 status=200
2025-12-23 05:57:13,776 [INFO] app.routers.infra: InfraReminder -> processing 1 pending tickets
2025-12-23 05:57:13,776 [INFO] app.routers.infra: WA[06180d75] -> sendMessage | target=120363141953100908@g.us | len=218
2025-12-23 05:57:13,868 [INFO] app.routers.infra: WA[06180d75] <- status=200 | body={"success":true}
2025-12-23 05:57:13,870 [INFO] app.routers.infra: InfraReminder sent | ticket_id=139 status=200
2025-12-23 05:57:35,168 [INFO] app.routers.infra: WA[a041be43] -> sendMessage | target=918448546358 | len=121
2025-12-23 05:57:35,262 [INFO] app.routers.infra: WA[a041be43] <- status=200 | body={"success":true}
2025-12-23 05:57:35,263 [INFO] app.routers.infra: PickNotify sent to 8448546358 | ticket_id=142
2025-12-23 06:08:58,882 [INFO] app.routers.infra: InfraAlert trigger -> ticket_id=143 created_by=Rohit Bisht dept=Other category=Other
2025-12-23 06:08:58,884 [INFO] app.routers.infra: InfraAlert -> sending WA for ticket_id=143 | msg_len=222
2025-12-23 06:08:58,886 [INFO] app.routers.infra: WA[ce8afef3] -> sendMessage | target=120363141953100908@g.us | len=222
2025-12-23 06:08:58,960 [INFO] app.routers.infra: WA[ce8afef3] <- status=200 | body={"success":true}
2025-12-23 06:08:58,961 [INFO] app.routers.infra: InfraAlert sent | status=200 | resp={"success":true}
2025-12-23 06:09:20,562 [INFO] app.routers.infra: WA[3f786609] -> sendMessage | target=918126382045 | len=121
2025-12-23 06:09:20,701 [INFO] app.routers.infra: WA[3f786609] <- status=200 | body={"success":true}
2025-12-23 06:09:20,702 [INFO] app.routers.infra: PickNotify sent to 8126382045 | ticket_id=143
2025-12-23 06:09:26,353 [INFO] app.routers.infra: WA[9f353ba5] -> sendMessage | target=918126382045 | len=159
2025-12-23 06:09:26,422 [INFO] app.routers.infra: WA[9f353ba5] <- status=200 | body={"success":true}
2025-12-23 06:09:26,423 [INFO] app.routers.infra: ResolveNotify sent | ticket_id=143 contact=8126382045
2025-12-23 06:09:31,364 [INFO] app.routers.infra: WA[25badf1a] -> sendMessage | target=918448546358 | len=159
2025-12-23 06:09:31,440 [INFO] app.routers.infra: WA[25badf1a] <- status=200 | body={"success":true}
2025-12-23 06:09:31,441 [INFO] app.routers.infra: ResolveNotify sent | ticket_id=142 contact=8448546358
2025-12-23 06:35:53,891 [INFO] app.routers.infra: WA[2a2a6f8f] -> sendMessage | target=919695983021 | len=160
2025-12-23 06:35:53,963 [INFO] app.routers.infra: WA[2a2a6f8f] <- status=200 | body={"success":true}
2025-12-23 06:35:53,965 [INFO] app.routers.infra: ResolveNotify sent | ticket_id=128 contact=9695983021
2025-12-23 07:07:27,096 [INFO] app.routers.infra: InfraAlert trigger -> ticket_id=144 created_by=Shubh Bhatia dept=Technical category=Software
2025-12-23 07:07:27,097 [INFO] app.routers.infra: InfraAlert -> sending WA for ticket_id=144 | msg_len=245
2025-12-23 07:07:27,098 [INFO] app.routers.infra: WA[13371c12] -> sendMessage | target=120363141953100908@g.us | len=245
2025-12-23 07:07:27,174 [INFO] app.routers.infra: WA[13371c12] <- status=200 | body={"success":true}
2025-12-23 07:07:27,176 [INFO] app.routers.infra: InfraAlert sent | status=200 | resp={"success":true}
2025-12-23 07:22:43,209 [INFO] app.routers.infra: InfraAlert trigger -> ticket_id=145 created_by=Gulrez Sultan dept=Other category=Hardware
2025-12-23 07:22:43,211 [INFO] app.routers.infra: InfraAlert -> sending WA for ticket_id=145 | msg_len=242
2025-12-23 07:22:43,214 [INFO] app.routers.infra: WA[75362543] -> sendMessage | target=120363141953100908@g.us | len=242
2025-12-23 07:22:43,471 [INFO] app.routers.infra: WA[75362543] <- status=200 | body={"success":true}
2025-12-23 07:22:43,472 [INFO] app.routers.infra: InfraAlert sent | status=200 | resp={"success":true}
2025-12-23 07:49:22,207 [INFO] app.routers.infra: WA[8e8cd178] -> sendMessage | target=919818247844 | len=122
2025-12-23 07:49:22,312 [INFO] app.routers.infra: WA[8e8cd178] <- status=200 | body={"success":true}
2025-12-23 07:49:22,313 [INFO] app.routers.infra: PickNotify sent to 9818247844 | ticket_id=145
2025-12-23 07:49:26,874 [INFO] app.routers.infra: WA[4fb4d99d] -> sendMessage | target=919818247844 | len=160
2025-12-23 07:49:26,937 [INFO] app.routers.infra: WA[4fb4d99d] <- status=200 | body={"success":true}
2025-12-23 07:49:26,938 [INFO] app.routers.infra: ResolveNotify sent | ticket_id=145 contact=9818247844
2025-12-23 07:49:58,058 [INFO] app.routers.infra: WA[6d3e47dd] -> sendMessage | target=918178444947 | len=122
2025-12-23 07:49:58,140 [INFO] app.routers.infra: WA[6d3e47dd] <- status=200 | body={"success":true}
2025-12-23 07:49:58,142 [INFO] app.routers.infra: PickNotify sent to 8178444947 | ticket_id=144
2025-12-23 07:50:01,553 [INFO] app.routers.infra: WA[4d107fe1] -> sendMessage | target=918178444947 | len=160
2025-12-23 07:50:01,617 [INFO] app.routers.infra: WA[4d107fe1] <- status=200 | body={"success":true}
2025-12-23 07:50:01,618 [INFO] app.routers.infra: ResolveNotify sent | ticket_id=144 contact=8178444947
2025-12-23 07:55:04,816 [INFO] app.routers.infra: WA[ab1d6d46] -> sendMessage | target=919318474986 | len=122
2025-12-23 07:55:04,969 [INFO] app.routers.infra: WA[ab1d6d46] <- status=200 | body={"success":true}
2025-12-23 07:55:04,971 [INFO] app.routers.infra: PickNotify sent to 9318474986 | ticket_id=138
2025-12-23 07:56:27,522 [INFO] app.routers.infra: WA[c4ae9314] -> sendMessage | target=919818247844 | len=122
2025-12-23 07:56:27,659 [INFO] app.routers.infra: WA[c4ae9314] <- status=200 | body={"success":true}
2025-12-23 07:56:27,661 [INFO] app.routers.infra: PickNotify sent to 9818247844 | ticket_id=135
2025-12-23 10:15:11,988 [INFO] app.routers.infra: InfraAlert trigger -> ticket_id=146 created_by=Ritu Mahalwal dept=Customer Care category=Software
2025-12-23 10:15:11,993 [INFO] app.routers.infra: InfraAlert -> sending WA for ticket_id=146 | msg_len=456
2025-12-23 10:15:11,996 [INFO] app.routers.infra: WA[3bf23359] -> sendMessage | target=120363141953100908@g.us | len=456
2025-12-23 10:15:12,109 [INFO] app.routers.infra: WA[3bf23359] <- status=200 | body={"success":true}
2025-12-23 10:15:12,110 [INFO] app.routers.infra: InfraAlert sent | status=200 | resp={"success":true}
2025-12-23 12:18:06,683 [INFO] app.routers.infra: InfraAlert trigger -> ticket_id=147 created_by=Shahana Parveen dept=Marketing category=Software
2025-12-23 12:18:06,690 [INFO] app.routers.infra: InfraAlert -> sending WA for ticket_id=147 | msg_len=293
2025-12-23 12:18:06,694 [INFO] app.routers.infra: WA[984a7d26] -> sendMessage | target=120363141953100908@g.us | len=293
2025-12-23 12:18:07,055 [INFO] app.routers.infra: WA[984a7d26] <- status=200 | body={"success":true}
2025-12-23 12:18:07,056 [INFO] app.routers.infra: InfraAlert sent | status=200 | resp={"success":true}
2025-12-23 15:05:33,033 [INFO] app.routers.infra: InfraReminder -> processing 1 pending tickets
2025-12-23 15:05:33,038 [INFO] app.routers.infra: WA[f7ad6f7f] -> sendMessage | target=120363141953100908@g.us | len=207
2025-12-23 15:05:33,254 [INFO] app.routers.infra: WA[f7ad6f7f] <- status=200 | body={"success":true}
2025-12-23 15:05:33,257 [INFO] app.routers.infra: InfraReminder sent | ticket_id=141 status=200
2025-12-23 17:52:45,828 [INFO] app.routers.infra: InfraAlert trigger -> ticket_id=148 created_by=Dr Vipul Bhasin dept=Other category=Software
2025-12-23 17:52:45,830 [INFO] app.routers.infra: InfraAlert -> sending WA for ticket_id=148 | msg_len=314
2025-12-23 17:52:45,832 [INFO] app.routers.infra: WA[5e7b7db9] -> sendMessage | target=120363141953100908@g.us | len=314
2025-12-23 17:52:46,502 [INFO] app.routers.infra: WA[5e7b7db9] <- status=200 | body={"success":true}
2025-12-23 17:52:46,504 [INFO] app.routers.infra: InfraAlert sent | status=200 | resp={"success":true}
2025-12-24 06:05:34,819 [INFO] app.routers.infra: WA[9a84129a] -> sendMessage | target=919810030372 | len=121
2025-12-24 06:05:34,904 [INFO] app.routers.infra: WA[9a84129a] <- status=200 | body={"success":true}
2025-12-24 06:05:34,905 [INFO] app.routers.infra: PickNotify sent to 9810030372 | ticket_id=148
2025-12-24 06:38:55,928 [INFO] app.routers.infra: WA[6567ad3c] -> sendMessage | target=919871366002 | len=125
2025-12-24 06:38:55,999 [INFO] app.routers.infra: WA[6567ad3c] <- status=200 | body={"success":true}
2025-12-24 06:38:56,000 [INFO] app.routers.infra: PickNotify sent to 9871366002 | ticket_id=146
2025-12-24 06:45:26,409 [INFO] app.routers.infra: WA[38320212] -> sendMessage | target=918448546358 | len=125
2025-12-24 06:45:26,672 [INFO] app.routers.infra: WA[38320212] <- status=200 | body={"success":true}
2025-12-24 06:45:26,673 [INFO] app.routers.infra: PickNotify sent to 8448546358 | ticket_id=147
2025-12-24 06:45:35,559 [INFO] app.routers.infra: WA[6579a5c1] -> sendMessage | target=918448546358 | len=163
2025-12-24 06:45:35,725 [INFO] app.routers.infra: WA[6579a5c1] <- status=200 | body={"success":true}
2025-12-24 06:45:35,727 [INFO] app.routers.infra: ResolveNotify sent | ticket_id=147 contact=8448546358
2025-12-24 07:03:10,897 [INFO] app.routers.infra: WA[26317e16] -> sendMessage | target=918126382045 | len=122
2025-12-24 07:03:10,979 [INFO] app.routers.infra: WA[26317e16] <- status=200 | body={"success":true}
2025-12-24 07:03:10,980 [INFO] app.routers.infra: PickNotify sent to 8126382045 | ticket_id=139
2025-12-24 07:03:16,718 [INFO] app.routers.infra: WA[8f70966f] -> sendMessage | target=918126382045 | len=160
2025-12-24 07:03:16,810 [INFO] app.routers.infra: WA[8f70966f] <- status=200 | body={"success":true}
2025-12-24 07:03:16,812 [INFO] app.routers.infra: ResolveNotify sent | ticket_id=139 contact=8126382045
2025-12-24 07:59:33,293 [INFO] app.routers.infra: InfraAlert trigger -> ticket_id=149 created_by=Ritu Mahalwal dept=Customer Care category=Software
2025-12-24 07:59:33,298 [INFO] app.routers.infra: InfraAlert -> sending WA for ticket_id=149 | msg_len=280
2025-12-24 07:59:33,301 [INFO] app.routers.infra: WA[ec307d2e] -> sendMessage | target=120363141953100908@g.us | len=280
2025-12-24 07:59:33,448 [INFO] app.routers.infra: WA[ec307d2e] <- status=200 | body={"success":true}
2025-12-24 07:59:33,450 [INFO] app.routers.infra: InfraAlert sent | status=200 | resp={"success":true}
2025-12-24 08:04:05,139 [INFO] app.routers.infra: WA[5fca8681] -> sendMessage | target=919871366002 | len=121
2025-12-24 08:04:05,197 [INFO] app.routers.infra: WA[5fca8681] <- status=200 | body={"success":true}
2025-12-24 08:04:05,199 [INFO] app.routers.infra: PickNotify sent to 9871366002 | ticket_id=149
2025-12-24 08:16:15,697 [INFO] app.routers.infra: WA[d05ca8ac] -> sendMessage | target=919871366002 | len=121
2025-12-24 08:16:15,819 [INFO] app.routers.infra: WA[d05ca8ac] <- status=200 | body={"success":true}
2025-12-24 08:16:15,821 [INFO] app.routers.infra: PickNotify sent to 9871366002 | ticket_id=149
2025-12-24 08:16:59,761 [INFO] app.routers.infra: WA[4f14b37a] -> sendMessage | target=919871366002 | len=163
2025-12-24 08:16:59,810 [INFO] app.routers.infra: WA[4f14b37a] <- status=200 | body={"success":true}
2025-12-24 08:16:59,811 [INFO] app.routers.infra: ResolveNotify sent | ticket_id=146 contact=9871366002
2025-12-24 08:37:08,407 [ERROR] app.routers.infra: InfraReminder background loop error: (mysql.connector.errors.DatabaseError) 2003 (HY000): Can't connect to MySQL server on 'db:3306' (111)
(Background on this error at: https://sqlalche.me/e/20/4xp6)
Traceback (most recent call last):
  File "/usr/local/lib/python3.10/site-packages/mysql/connector/connection_cext.py", line 354, in _open_connection
    self._cmysql.connect(**cnx_kwargs)
_mysql_connector.MySQLInterfaceError: Can't connect to MySQL server on 'db:3306' (111)

The above exception was the direct cause of the following exception:

Traceback (most recent call last):
  File "/usr/local/lib/python3.10/site-packages/sqlalchemy/engine/base.py", line 143, in __init__
    self._dbapi_connection = engine.raw_connection()
  File "/usr/local/lib/python3.10/site-packages/sqlalchemy/engine/base.py", line 3309, in raw_connection
    return self.pool.connect()
  File "/usr/local/lib/python3.10/site-packages/sqlalchemy/pool/base.py", line 447, in connect
    return _ConnectionFairy._checkout(self)
  File "/usr/local/lib/python3.10/site-packages/sqlalchemy/pool/base.py", line 1264, in _checkout
    fairy = _ConnectionRecord.checkout(pool)
  File "/usr/local/lib/python3.10/site-packages/sqlalchemy/pool/base.py", line 711, in checkout
    rec = pool._do_get()
  File "/usr/local/lib/python3.10/site-packages/sqlalchemy/pool/impl.py", line 177, in _do_get
    with util.safe_reraise():
  File "/usr/local/lib/python3.10/site-packages/sqlalchemy/util/langhelpers.py", line 224, in __exit__
    raise exc_value.with_traceback(exc_tb)
  File "/usr/local/lib/python3.10/site-packages/sqlalchemy/pool/impl.py", line 175, in _do_get
    return self._create_connection()
  File "/usr/local/lib/python3.10/site-packages/sqlalchemy/pool/base.py", line 388, in _create_connection
    return _ConnectionRecord(self)
  File "/usr/local/lib/python3.10/site-packages/sqlalchemy/pool/base.py", line 673, in __init__
    self.__connect()
  File "/usr/local/lib/python3.10/site-packages/sqlalchemy/pool/base.py", line 899, in __connect
    with util.safe_reraise():
  File "/usr/local/lib/python3.10/site-packages/sqlalchemy/util/langhelpers.py", line 224, in __exit__
    raise exc_value.with_traceback(exc_tb)
  File "/usr/local/lib/python3.10/site-packages/sqlalchemy/pool/base.py", line 895, in __connect
    self.dbapi_connection = connection = pool._invoke_creator(self)
  File "/usr/local/lib/python3.10/site-packages/sqlalchemy/engine/create.py", line 661, in connect
    return dialect.connect(*cargs, **cparams)
  File "/usr/local/lib/python3.10/site-packages/sqlalchemy/engine/default.py", line 630, in connect
    return self.loaded_dbapi.connect(*cargs, **cparams)  # type: ignore[no-any-return]  # NOQA: E501
  File "/usr/local/lib/python3.10/site-packages/mysql/connector/pooling.py", line 322, in connect
    return CMySQLConnection(*args, **kwargs)
  File "/usr/local/lib/python3.10/site-packages/mysql/connector/connection_cext.py", line 142, in __init__
    self.connect(**kwargs)
  File "/usr/local/lib/python3.10/site-packages/mysql/connector/abstracts.py", line 1604, in connect
    self._open_connection()
  File "/usr/local/lib/python3.10/site-packages/mysql/connector/connection_cext.py", line 360, in _open_connection
    raise get_mysql_exception(
mysql.connector.errors.DatabaseError: 2003 (HY000): Can't connect to MySQL server on 'db:3306' (111)

The above exception was the direct cause of the following exception:

Traceback (most recent call last):
  File "/app/app/routers/infra.py", line 269, in _reminder_loop
    _send_pick_reminders(db)
  File "/app/app/routers/infra.py", line 230, in _send_pick_reminders
    .all()
  File "/usr/local/lib/python3.10/site-packages/sqlalchemy/orm/query.py", line 2704, in all
    return self._iter().all()  # type: ignore
  File "/usr/local/lib/python3.10/site-packages/sqlalchemy/orm/query.py", line 2857, in _iter
    result: Union[ScalarResult[_T], Result[_T]] = self.session.execute(
  File "/usr/local/lib/python3.10/site-packages/sqlalchemy/orm/session.py", line 2351, in execute
    return self._execute_internal(
  File "/usr/local/lib/python3.10/site-packages/sqlalchemy/orm/session.py", line 2239, in _execute_internal
    conn = self._connection_for_bind(bind)
  File "/usr/local/lib/python3.10/site-packages/sqlalchemy/orm/session.py", line 2108, in _connection_for_bind
    return trans._connection_for_bind(engine, execution_options)
  File "<string>", line 2, in _connection_for_bind
  File "/usr/local/lib/python3.10/site-packages/sqlalchemy/orm/state_changes.py", line 137, in _go
    ret_value = fn(self, *arg, **kw)
  File "/usr/local/lib/python3.10/site-packages/sqlalchemy/orm/session.py", line 1187, in _connection_for_bind
    conn = bind.connect()
  File "/usr/local/lib/python3.10/site-packages/sqlalchemy/engine/base.py", line 3285, in connect
    return self._connection_cls(self)
  File "/usr/local/lib/python3.10/site-packages/sqlalchemy/engine/base.py", line 145, in __init__
    Connection._handle_dbapi_exception_noconnection(
  File "/usr/local/lib/python3.10/site-packages/sqlalchemy/engine/base.py", line 2448, in _handle_dbapi_exception_noconnection
    raise sqlalchemy_exception.with_traceback(exc_info[2]) from e
  File "/usr/local/lib/python3.10/site-packages/sqlalchemy/engine/base.py", line 143, in __init__
    self._dbapi_connection = engine.raw_connection()
  File "/usr/local/lib/python3.10/site-packages/sqlalchemy/engine/base.py", line 3309, in raw_connection
    return self.pool.connect()
  File "/usr/local/lib/python3.10/site-packages/sqlalchemy/pool/base.py", line 447, in connect
    return _ConnectionFairy._checkout(self)
  File "/usr/local/lib/python3.10/site-packages/sqlalchemy/pool/base.py", line 1264, in _checkout
    fairy = _ConnectionRecord.checkout(pool)
  File "/usr/local/lib/python3.10/site-packages/sqlalchemy/pool/base.py", line 711, in checkout
    rec = pool._do_get()
  File "/usr/local/lib/python3.10/site-packages/sqlalchemy/pool/impl.py", line 177, in _do_get
    with util.safe_reraise():
  File "/usr/local/lib/python3.10/site-packages/sqlalchemy/util/langhelpers.py", line 224, in __exit__
    raise exc_value.with_traceback(exc_tb)
  File "/usr/local/lib/python3.10/site-packages/sqlalchemy/pool/impl.py", line 175, in _do_get
    return self._create_connection()
  File "/usr/local/lib/python3.10/site-packages/sqlalchemy/pool/base.py", line 388, in _create_connection
    return _ConnectionRecord(self)
  File "/usr/local/lib/python3.10/site-packages/sqlalchemy/pool/base.py", line 673, in __init__
    self.__connect()
  File "/usr/local/lib/python3.10/site-packages/sqlalchemy/pool/base.py", line 899, in __connect
    with util.safe_reraise():
  File "/usr/local/lib/python3.10/site-packages/sqlalchemy/util/langhelpers.py", line 224, in __exit__
    raise exc_value.with_traceback(exc_tb)
  File "/usr/local/lib/python3.10/site-packages/sqlalchemy/pool/base.py", line 895, in __connect
    self.dbapi_connection = connection = pool._invoke_creator(self)
  File "/usr/local/lib/python3.10/site-packages/sqlalchemy/engine/create.py", line 661, in connect
    return dialect.connect(*cargs, **cparams)
  File "/usr/local/lib/python3.10/site-packages/sqlalchemy/engine/default.py", line 630, in connect
    return self.loaded_dbapi.connect(*cargs, **cparams)  # type: ignore[no-any-return]  # NOQA: E501
  File "/usr/local/lib/python3.10/site-packages/mysql/connector/pooling.py", line 322, in connect
    return CMySQLConnection(*args, **kwargs)
  File "/usr/local/lib/python3.10/site-packages/mysql/connector/connection_cext.py", line 142, in __init__
    self.connect(**kwargs)
  File "/usr/local/lib/python3.10/site-packages/mysql/connector/abstracts.py", line 1604, in connect
    self._open_connection()
  File "/usr/local/lib/python3.10/site-packages/mysql/connector/connection_cext.py", line 360, in _open_connection
    raise get_mysql_exception(
sqlalchemy.exc.DatabaseError: (mysql.connector.errors.DatabaseError) 2003 (HY000): Can't connect to MySQL server on 'db:3306' (111)
(Background on this error at: https://sqlalche.me/e/20/4xp6)
2025-12-24 09:09:16,506 [ERROR] app.routers.infra: InfraReminder background loop error: (mysql.connector.errors.DatabaseError) 2003 (HY000): Can't connect to MySQL server on 'db:3306' (111)
(Background on this error at: https://sqlalche.me/e/20/4xp6)
Traceback (most recent call last):
  File "/usr/local/lib/python3.10/site-packages/mysql/connector/connection_cext.py", line 354, in _open_connection
    self._cmysql.connect(**cnx_kwargs)
_mysql_connector.MySQLInterfaceError: Can't connect to MySQL server on 'db:3306' (111)

The above exception was the direct cause of the following exception:

Traceback (most recent call last):
  File "/usr/local/lib/python3.10/site-packages/sqlalchemy/engine/base.py", line 143, in __init__
    self._dbapi_connection = engine.raw_connection()
  File "/usr/local/lib/python3.10/site-packages/sqlalchemy/engine/base.py", line 3309, in raw_connection
    return self.pool.connect()
  File "/usr/local/lib/python3.10/site-packages/sqlalchemy/pool/base.py", line 447, in connect
    return _ConnectionFairy._checkout(self)
  File "/usr/local/lib/python3.10/site-packages/sqlalchemy/pool/base.py", line 1264, in _checkout
    fairy = _ConnectionRecord.checkout(pool)
  File "/usr/local/lib/python3.10/site-packages/sqlalchemy/pool/base.py", line 711, in checkout
    rec = pool._do_get()
  File "/usr/local/lib/python3.10/site-packages/sqlalchemy/pool/impl.py", line 177, in _do_get
    with util.safe_reraise():
  File "/usr/local/lib/python3.10/site-packages/sqlalchemy/util/langhelpers.py", line 224, in __exit__
    raise exc_value.with_traceback(exc_tb)
  File "/usr/local/lib/python3.10/site-packages/sqlalchemy/pool/impl.py", line 175, in _do_get
    return self._create_connection()
  File "/usr/local/lib/python3.10/site-packages/sqlalchemy/pool/base.py", line 388, in _create_connection
    return _ConnectionRecord(self)
  File "/usr/local/lib/python3.10/site-packages/sqlalchemy/pool/base.py", line 673, in __init__
    self.__connect()
  File "/usr/local/lib/python3.10/site-packages/sqlalchemy/pool/base.py", line 899, in __connect
    with util.safe_reraise():
  File "/usr/local/lib/python3.10/site-packages/sqlalchemy/util/langhelpers.py", line 224, in __exit__
    raise exc_value.with_traceback(exc_tb)
  File "/usr/local/lib/python3.10/site-packages/sqlalchemy/pool/base.py", line 895, in __connect
    self.dbapi_connection = connection = pool._invoke_creator(self)
  File "/usr/local/lib/python3.10/site-packages/sqlalchemy/engine/create.py", line 661, in connect
    return dialect.connect(*cargs, **cparams)
  File "/usr/local/lib/python3.10/site-packages/sqlalchemy/engine/default.py", line 630, in connect
    return self.loaded_dbapi.connect(*cargs, **cparams)  # type: ignore[no-any-return]  # NOQA: E501
  File "/usr/local/lib/python3.10/site-packages/mysql/connector/pooling.py", line 322, in connect
    return CMySQLConnection(*args, **kwargs)
  File "/usr/local/lib/python3.10/site-packages/mysql/connector/connection_cext.py", line 142, in __init__
    self.connect(**kwargs)
  File "/usr/local/lib/python3.10/site-packages/mysql/connector/abstracts.py", line 1604, in connect
    self._open_connection()
  File "/usr/local/lib/python3.10/site-packages/mysql/connector/connection_cext.py", line 360, in _open_connection
    raise get_mysql_exception(
mysql.connector.errors.DatabaseError: 2003 (HY000): Can't connect to MySQL server on 'db:3306' (111)

The above exception was the direct cause of the following exception:

Traceback (most recent call last):
  File "/app/app/routers/infra.py", line 269, in _reminder_loop
    _send_pick_reminders(db)
  File "/app/app/routers/infra.py", line 230, in _send_pick_reminders
    .all()
  File "/usr/local/lib/python3.10/site-packages/sqlalchemy/orm/query.py", line 2704, in all
    return self._iter().all()  # type: ignore
  File "/usr/local/lib/python3.10/site-packages/sqlalchemy/orm/query.py", line 2857, in _iter
    result: Union[ScalarResult[_T], Result[_T]] = self.session.execute(
  File "/usr/local/lib/python3.10/site-packages/sqlalchemy/orm/session.py", line 2351, in execute
    return self._execute_internal(
  File "/usr/local/lib/python3.10/site-packages/sqlalchemy/orm/session.py", line 2239, in _execute_internal
    conn = self._connection_for_bind(bind)
  File "/usr/local/lib/python3.10/site-packages/sqlalchemy/orm/session.py", line 2108, in _connection_for_bind
    return trans._connection_for_bind(engine, execution_options)
  File "<string>", line 2, in _connection_for_bind
  File "/usr/local/lib/python3.10/site-packages/sqlalchemy/orm/state_changes.py", line 137, in _go
    ret_value = fn(self, *arg, **kw)
  File "/usr/local/lib/python3.10/site-packages/sqlalchemy/orm/session.py", line 1187, in _connection_for_bind
    conn = bind.connect()
  File "/usr/local/lib/python3.10/site-packages/sqlalchemy/engine/base.py", line 3285, in connect
    return self._connection_cls(self)
  File "/usr/local/lib/python3.10/site-packages/sqlalchemy/engine/base.py", line 145, in __init__
    Connection._handle_dbapi_exception_noconnection(
  File "/usr/local/lib/python3.10/site-packages/sqlalchemy/engine/base.py", line 2448, in _handle_dbapi_exception_noconnection
    raise sqlalchemy_exception.with_traceback(exc_info[2]) from e
  File "/usr/local/lib/python3.10/site-packages/sqlalchemy/engine/base.py", line 143, in __init__
    self._dbapi_connection = engine.raw_connection()
  File "/usr/local/lib/python3.10/site-packages/sqlalchemy/engine/base.py", line 3309, in raw_connection
    return self.pool.connect()
  File "/usr/local/lib/python3.10/site-packages/sqlalchemy/pool/base.py", line 447, in connect
    return _ConnectionFairy._checkout(self)
  File "/usr/local/lib/python3.10/site-packages/sqlalchemy/pool/base.py", line 1264, in _checkout
    fairy = _ConnectionRecord.checkout(pool)
  File "/usr/local/lib/python3.10/site-packages/sqlalchemy/pool/base.py", line 711, in checkout
    rec = pool._do_get()
  File "/usr/local/lib/python3.10/site-packages/sqlalchemy/pool/impl.py", line 177, in _do_get
    with util.safe_reraise():
  File "/usr/local/lib/python3.10/site-packages/sqlalchemy/util/langhelpers.py", line 224, in __exit__
    raise exc_value.with_traceback(exc_tb)
  File "/usr/local/lib/python3.10/site-packages/sqlalchemy/pool/impl.py", line 175, in _do_get
    return self._create_connection()
  File "/usr/local/lib/python3.10/site-packages/sqlalchemy/pool/base.py", line 388, in _create_connection
    return _ConnectionRecord(self)
  File "/usr/local/lib/python3.10/site-packages/sqlalchemy/pool/base.py", line 673, in __init__
    self.__connect()
  File "/usr/local/lib/python3.10/site-packages/sqlalchemy/pool/base.py", line 899, in __connect
    with util.safe_reraise():
  File "/usr/local/lib/python3.10/site-packages/sqlalchemy/util/langhelpers.py", line 224, in __exit__
    raise exc_value.with_traceback(exc_tb)
  File "/usr/local/lib/python3.10/site-packages/sqlalchemy/pool/base.py", line 895, in __connect
    self.dbapi_connection = connection = pool._invoke_creator(self)
  File "/usr/local/lib/python3.10/site-packages/sqlalchemy/engine/create.py", line 661, in connect
    return dialect.connect(*cargs, **cparams)
  File "/usr/local/lib/python3.10/site-packages/sqlalchemy/engine/default.py", line 630, in connect
    return self.loaded_dbapi.connect(*cargs, **cparams)  # type: ignore[no-any-return]  # NOQA: E501
  File "/usr/local/lib/python3.10/site-packages/mysql/connector/pooling.py", line 322, in connect
    return CMySQLConnection(*args, **kwargs)
  File "/usr/local/lib/python3.10/site-packages/mysql/connector/connection_cext.py", line 142, in __init__
    self.connect(**kwargs)
  File "/usr/local/lib/python3.10/site-packages/mysql/connector/abstracts.py", line 1604, in connect
    self._open_connection()
  File "/usr/local/lib/python3.10/site-packages/mysql/connector/connection_cext.py", line 360, in _open_connection
    raise get_mysql_exception(
sqlalchemy.exc.DatabaseError: (mysql.connector.errors.DatabaseError) 2003 (HY000): Can't connect to MySQL server on 'db:3306' (111)
(Background on this error at: https://sqlalche.me/e/20/4xp6)
2025-12-24 09:13:39,684 [INFO] app.routers.infra: WA[dabffa99] -> sendMessage | target=919810030372 | len=159
2025-12-24 09:13:40,045 [INFO] app.routers.infra: WA[dabffa99] <- status=200 | body={"success":true}
2025-12-24 09:13:40,048 [INFO] app.routers.infra: ResolveNotify sent | ticket_id=148 contact=9810030372
2025-12-24 09:29:28,471 [INFO] app.routers.infra: InfraAlert trigger -> ticket_id=150 created_by=shama dept=Technical category=Hardware
2025-12-24 09:29:28,472 [INFO] app.routers.infra: InfraAlert -> sending WA for ticket_id=150 | msg_len=239
2025-12-24 09:29:28,473 [INFO] app.routers.infra: WA[b517da93] -> sendMessage | target=120363141953100908@g.us | len=239
2025-12-24 09:29:28,552 [INFO] app.routers.infra: WA[b517da93] <- status=200 | body={"success":true}
2025-12-24 09:29:28,554 [INFO] app.routers.infra: InfraAlert sent | status=200 | resp={"success":true}
2025-12-24 09:30:01,747 [INFO] app.routers.infra: WA[5e1de852] -> sendMessage | target=918448546358 | len=116
2025-12-24 09:30:01,815 [INFO] app.routers.infra: WA[5e1de852] <- status=200 | body={"success":true}
2025-12-24 09:30:01,816 [INFO] app.routers.infra: PickNotify sent to 8448546358 | ticket_id=141
2025-12-24 13:32:30,635 [INFO] app.routers.infra: WA[b4d3662e] -> sendMessage | target=919758109554 | len=122
2025-12-24 13:32:30,969 [INFO] app.routers.infra: WA[b4d3662e] <- status=200 | body={"success":true}
2025-12-24 13:32:30,971 [INFO] app.routers.infra: PickNotify sent to 9758109554 | ticket_id=150
2025-12-24 13:32:51,257 [INFO] app.routers.infra: WA[d98447aa] -> sendMessage | target=919318474986 | len=160
2025-12-24 13:32:51,395 [INFO] app.routers.infra: WA[d98447aa] <- status=200 | body={"success":true}
2025-12-24 13:32:51,396 [INFO] app.routers.infra: ResolveNotify sent | ticket_id=138 contact=9318474986
2025-12-24 13:33:16,440 [INFO] app.routers.infra: WA[a9ea963e] -> sendMessage | target=918447623749 | len=160
2025-12-24 13:33:16,526 [INFO] app.routers.infra: WA[a9ea963e] <- status=200 | body={"success":true}
2025-12-24 13:33:16,528 [INFO] app.routers.infra: ResolveNotify sent | ticket_id=119 contact=8447623749
2025-12-24 13:33:45,401 [INFO] app.routers.infra: WA[ce57dee2] -> sendMessage | target=919871366002 | len=159
2025-12-24 13:33:46,818 [INFO] app.routers.infra: WA[ce57dee2] <- status=200 | body={"success":true}
2025-12-24 13:33:46,819 [INFO] app.routers.infra: ResolveNotify sent | ticket_id=149 contact=9871366002
2025-12-24 13:34:30,812 [INFO] app.routers.infra: WA[b140c441] -> sendMessage | target=918448546358 | len=122
2025-12-24 13:34:30,935 [INFO] app.routers.infra: WA[b140c441] <- status=200 | body={"success":true}
2025-12-24 13:34:30,936 [INFO] app.routers.infra: PickNotify sent to 8448546358 | ticket_id=136
2025-12-25 08:18:07,102 [INFO] app.routers.infra: InfraAlert trigger -> ticket_id=151 created_by=SAHIL BISHT dept=Admin category=Office Infra
2025-12-25 08:18:07,109 [INFO] app.routers.infra: InfraAlert -> sending WA for ticket_id=151 | msg_len=270
2025-12-25 08:18:07,114 [INFO] app.routers.infra: WA[75ea7b14] -> sendMessage | target=120363141953100908@g.us | len=270
2025-12-25 08:18:07,270 [INFO] app.routers.infra: WA[75ea7b14] <- status=200 | body={"success":true}
2025-12-25 08:18:07,274 [INFO] app.routers.infra: InfraAlert sent | status=200 | resp={"success":true}
2025-12-25 11:05:14,490 [INFO] app.routers.infra: InfraAlert trigger -> ticket_id=152 created_by=Suresh Kundra dept=Customer Care category=Software
2025-12-25 11:05:14,495 [INFO] app.routers.infra: InfraAlert -> sending WA for ticket_id=152 | msg_len=291
2025-12-25 11:05:14,499 [INFO] app.routers.infra: WA[87b1cf85] -> sendMessage | target=120363141953100908@g.us | len=291
2025-12-25 11:05:14,621 [INFO] app.routers.infra: WA[87b1cf85] <- status=200 | body={"success":true}
2025-12-25 11:05:14,623 [INFO] app.routers.infra: InfraAlert sent | status=200 | resp={"success":true}
2025-12-25 11:47:12,049 [INFO] app.routers.infra: WA[c4515be0] -> sendMessage | target=919758109554 | len=121
2025-12-25 11:47:12,166 [INFO] app.routers.infra: WA[c4515be0] <- status=200 | body={"success":true}
2025-12-25 11:47:12,168 [INFO] app.routers.infra: PickNotify sent to 9758109554 | ticket_id=153
2025-12-25 11:53:38,553 [INFO] app.routers.infra: WA[88a82e80] -> sendMessage | target=918448546358 | len=154
2025-12-25 11:53:38,666 [INFO] app.routers.infra: WA[88a82e80] <- status=200 | body={"success":true}
2025-12-25 11:53:38,668 [INFO] app.routers.infra: ResolveNotify sent | ticket_id=141 contact=8448546358
2025-12-26 05:58:27,453 [INFO] app.routers.infra: InfraAlert trigger -> ticket_id=154 created_by=Gulrez Sultan dept=Other category=Office Infra
2025-12-26 05:58:27,456 [INFO] app.routers.infra: InfraAlert -> sending WA for ticket_id=154 | msg_len=282
2025-12-26 05:58:27,457 [INFO] app.routers.infra: WA[3f9f5e5c] -> sendMessage | target=120363141953100908@g.us | len=282
2025-12-26 05:58:28,474 [INFO] app.routers.infra: WA[3f9f5e5c] <- status=200 | body={"success":true}
2025-12-26 05:58:28,475 [INFO] app.routers.infra: InfraAlert sent | status=200 | resp={"success":true}
2025-12-26 07:05:57,888 [INFO] app.routers.infra: InfraAlert trigger -> ticket_id=155 created_by=Suresh Kundra dept=Customer Care category=Other
2025-12-26 07:05:57,890 [INFO] app.routers.infra: InfraAlert -> sending WA for ticket_id=155 | msg_len=298
2025-12-26 07:05:57,894 [INFO] app.routers.infra: WA[a9f79dbc] -> sendMessage | target=120363141953100908@g.us | len=298
2025-12-26 07:06:03,861 [INFO] app.routers.infra: WA[a9f79dbc] <- status=200 | body={"success":true}
2025-12-26 07:06:03,863 [INFO] app.routers.infra: InfraAlert sent | status=200 | resp={"success":true}
2025-12-26 08:47:02,353 [INFO] app.routers.infra: InfraReminder -> processing 1 pending tickets
2025-12-26 08:47:02,357 [INFO] app.routers.infra: WA[4ab4ccc6] -> sendMessage | target=120363141953100908@g.us | len=217
2025-12-26 08:47:02,609 [INFO] app.routers.infra: WA[4ab4ccc6] <- status=200 | body={"success":true}
2025-12-26 08:47:02,611 [INFO] app.routers.infra: InfraReminder sent | ticket_id=151 status=200
2025-12-26 08:47:43,158 [INFO] app.routers.infra: WA[4b8b17e7] -> sendMessage | target=919818247844 | len=160
2025-12-26 08:47:43,259 [INFO] app.routers.infra: WA[4b8b17e7] <- status=200 | body={"success":true}
2025-12-26 08:47:43,260 [INFO] app.routers.infra: ResolveNotify sent | ticket_id=135 contact=9818247844
2025-12-26 08:48:18,480 [INFO] app.routers.infra: WA[732f35da] -> sendMessage | target=919758109554 | len=160
2025-12-26 08:48:18,561 [INFO] app.routers.infra: WA[732f35da] <- status=200 | body={"success":true}
2025-12-26 08:48:18,562 [INFO] app.routers.infra: ResolveNotify sent | ticket_id=150 contact=9758109554
2025-12-26 08:48:41,772 [INFO] app.routers.infra: WA[011d29ea] -> sendMessage | target=919818247844 | len=122
2025-12-26 08:48:41,856 [INFO] app.routers.infra: WA[011d29ea] <- status=200 | body={"success":true}
2025-12-26 08:48:41,858 [INFO] app.routers.infra: PickNotify sent to 9818247844 | ticket_id=154
2025-12-26 08:48:48,466 [INFO] app.routers.infra: WA[01a694a8] -> sendMessage | target=919818247844 | len=160
2025-12-26 08:48:48,525 [INFO] app.routers.infra: WA[01a694a8] <- status=200 | body={"success":true}
2025-12-26 08:48:48,526 [INFO] app.routers.infra: ResolveNotify sent | ticket_id=154 contact=9818247844
2025-12-26 10:50:31,604 [INFO] app.routers.infra: InfraAlert trigger -> ticket_id=156 created_by=ANKITA dept=Customer Care category=Software
2025-12-26 10:50:31,607 [INFO] app.routers.infra: InfraAlert -> sending WA for ticket_id=156 | msg_len=282
2025-12-26 10:50:31,608 [INFO] app.routers.infra: WA[7647f2f7] -> sendMessage | target=120363141953100908@g.us | len=282
2025-12-26 10:50:31,749 [INFO] app.routers.infra: WA[7647f2f7] <- status=200 | body={"success":true}
2025-12-26 10:50:31,751 [INFO] app.routers.infra: InfraAlert sent | status=200 | resp={"success":true}
2025-12-26 11:09:05,130 [INFO] app.routers.infra: InfraReminder -> processing 1 pending tickets
2025-12-26 11:09:05,132 [INFO] app.routers.infra: WA[68ad9c61] -> sendMessage | target=120363141953100908@g.us | len=207
2025-12-26 11:09:05,220 [INFO] app.routers.infra: WA[68ad9c61] <- status=200 | body={"success":true}
2025-12-26 11:09:05,222 [INFO] app.routers.infra: InfraReminder sent | ticket_id=152 status=200
2025-12-26 12:46:42,301 [INFO] app.routers.infra: WA[cf92c418] -> sendMessage | target=918448546358 | len=160
2025-12-26 12:46:42,501 [INFO] app.routers.infra: WA[cf92c418] <- status=200 | body={"success":true}
2025-12-26 12:46:42,503 [INFO] app.routers.infra: ResolveNotify sent | ticket_id=136 contact=8448546358
2025-12-27 03:07:51,892 [INFO] app.routers.infra: InfraAlert trigger -> ticket_id=157 created_by=SONA dept=Customer Care category=Office Infra
2025-12-27 03:07:51,894 [INFO] app.routers.infra: InfraAlert -> sending WA for ticket_id=157 | msg_len=230
2025-12-27 03:07:51,896 [INFO] app.routers.infra: WA[be935497] -> sendMessage | target=120363141953100908@g.us | len=230
2025-12-27 03:07:53,191 [INFO] app.routers.infra: WA[be935497] <- status=200 | body={"success":true}
2025-12-27 03:07:53,194 [INFO] app.routers.infra: InfraAlert sent | status=200 | resp={"success":true}
2025-12-27 06:25:30,927 [INFO] app.routers.infra: InfraAlert trigger -> ticket_id=158 created_by=MD ARIF SAIFI dept=Admin category=Hardware
2025-12-27 06:25:30,930 [INFO] app.routers.infra: InfraAlert -> sending WA for ticket_id=158 | msg_len=291
2025-12-27 06:25:30,931 [INFO] app.routers.infra: WA[b37db571] -> sendMessage | target=120363141953100908@g.us | len=291
2025-12-27 06:25:31,099 [INFO] app.routers.infra: WA[b37db571] <- status=200 | body={"success":true}
2025-12-27 06:25:31,100 [INFO] app.routers.infra: InfraAlert sent | status=200 | resp={"success":true}
2025-12-27 06:33:07,156 [INFO] app.routers.infra: WA[8f3e2ad2] -> sendMessage | target=918700004157 | len=125
2025-12-27 06:33:07,274 [INFO] app.routers.infra: WA[8f3e2ad2] <- status=200 | body={"success":true}
2025-12-27 06:33:07,276 [INFO] app.routers.infra: PickNotify sent to 8700004157 | ticket_id=156
2025-12-27 06:33:35,902 [INFO] app.routers.infra: WA[f1c6723e] -> sendMessage | target=919667798385 | len=125
2025-12-27 06:33:36,112 [INFO] app.routers.infra: WA[f1c6723e] <- status=200 | body={"success":true}
2025-12-27 06:33:36,114 [INFO] app.routers.infra: PickNotify sent to 9667798385 | ticket_id=155
2025-12-27 06:34:03,802 [INFO] app.routers.infra: WA[8f2c16a8] -> sendMessage | target=919667798385 | len=125
2025-12-27 06:34:03,965 [INFO] app.routers.infra: WA[8f2c16a8] <- status=200 | body={"success":true}
2025-12-27 06:34:03,966 [INFO] app.routers.infra: PickNotify sent to 9667798385 | ticket_id=152
2025-12-27 08:19:42,141 [INFO] app.routers.infra: WA[ca3e267e] -> sendMessage | target=919667798385 | len=163
2025-12-27 08:19:42,394 [INFO] app.routers.infra: WA[ca3e267e] <- status=200 | body={"success":true}
2025-12-27 08:19:42,396 [INFO] app.routers.infra: ResolveNotify sent | ticket_id=155 contact=9667798385
2025-12-27 08:19:42,523 [INFO] app.routers.infra: WA[02dcca31] -> sendMessage | target=919667798385 | len=163
2025-12-27 08:19:43,041 [INFO] app.routers.infra: WA[02dcca31] <- status=200 | body={"success":true}
2025-12-27 08:19:43,043 [INFO] app.routers.infra: ResolveNotify sent | ticket_id=155 contact=9667798385
2025-12-27 10:04:48,972 [INFO] app.routers.infra: WA[880e2839] -> sendMessage | target=918586873925 | len=122
2025-12-27 10:04:49,327 [INFO] app.routers.infra: WA[880e2839] <- status=200 | body={"success":true}
2025-12-27 10:04:49,330 [INFO] app.routers.infra: PickNotify sent to 8586873925 | ticket_id=158
2025-12-27 10:04:57,005 [INFO] app.routers.infra: WA[91f476c5] -> sendMessage | target=918076741165 | len=122
2025-12-27 10:04:57,303 [INFO] app.routers.infra: WA[91f476c5] <- status=200 | body={"success":true}
2025-12-27 10:04:57,304 [INFO] app.routers.infra: PickNotify sent to 8076741165 | ticket_id=157
2025-12-27 10:05:02,531 [INFO] app.routers.infra: WA[8320db40] -> sendMessage | target=918076741165 | len=160
2025-12-27 10:05:02,781 [INFO] app.routers.infra: WA[8320db40] <- status=200 | body={"success":true}
2025-12-27 10:05:02,782 [INFO] app.routers.infra: ResolveNotify sent | ticket_id=157 contact=8076741165
2025-12-27 10:54:37,149 [INFO] app.routers.infra: InfraAlert trigger -> ticket_id=159 created_by=Ritu Mahalwal dept=Technical category=Office Infra
2025-12-27 10:54:37,151 [INFO] app.routers.infra: InfraAlert -> sending WA for ticket_id=159 | msg_len=264
2025-12-27 10:54:37,153 [INFO] app.routers.infra: WA[607468d6] -> sendMessage | target=120363141953100908@g.us | len=264
2025-12-27 10:54:37,277 [INFO] app.routers.infra: WA[607468d6] <- status=200 | body={"success":true}
2025-12-27 10:54:37,278 [INFO] app.routers.infra: InfraAlert sent | status=200 | resp={"success":true}
2025-12-27 10:58:09,701 [INFO] app.routers.infra: WA[112abf1d] -> sendMessage | target=918700004157 | len=163
2025-12-27 10:58:10,064 [INFO] app.routers.infra: WA[112abf1d] <- status=200 | body={"success":true}
2025-12-27 10:58:10,066 [INFO] app.routers.infra: ResolveNotify sent | ticket_id=156 contact=8700004157
2025-12-27 11:01:32,798 [INFO] app.routers.infra: WA[509106a1] -> sendMessage | target=919667798385 | len=163
2025-12-27 11:01:33,010 [INFO] app.routers.infra: WA[509106a1] <- status=200 | body={"success":true}
2025-12-27 11:01:33,011 [INFO] app.routers.infra: ResolveNotify sent | ticket_id=152 contact=9667798385
2025-12-27 11:16:12,287 [INFO] app.routers.infra: WA[6ff3dbc5] -> sendMessage | target=919871366002 | len=122
2025-12-27 11:16:12,926 [INFO] app.routers.infra: WA[6ff3dbc5] <- status=200 | body={"success":true}
2025-12-27 11:16:12,928 [INFO] app.routers.infra: PickNotify sent to 9871366002 | ticket_id=159
2025-12-27 11:20:43,913 [INFO] app.routers.infra: InfraAlert trigger -> ticket_id=160 created_by=ANKITA dept=Customer Care category=Software
2025-12-27 11:20:43,915 [INFO] app.routers.infra: InfraAlert -> sending WA for ticket_id=160 | msg_len=351
2025-12-27 11:20:43,916 [INFO] app.routers.infra: WA[8002b56b] -> sendMessage | target=120363141953100908@g.us | len=351
2025-12-27 11:20:44,010 [INFO] app.routers.infra: WA[8002b56b] <- status=200 | body={"success":true}
2025-12-27 11:20:44,011 [INFO] app.routers.infra: InfraAlert sent | status=200 | resp={"success":true}
2025-12-27 11:21:17,902 [INFO] app.routers.infra: WA[a129df2e] -> sendMessage | target=918700004157 | len=116
2025-12-27 11:21:17,976 [INFO] app.routers.infra: WA[a129df2e] <- status=200 | body={"success":true}
2025-12-27 11:21:17,978 [INFO] app.routers.infra: PickNotify sent to 8700004157 | ticket_id=160
2025-12-27 11:21:21,689 [INFO] app.routers.infra: WA[e2474363] -> sendMessage | target=918700004157 | len=154
2025-12-27 11:21:21,774 [INFO] app.routers.infra: WA[e2474363] <- status=200 | body={"success":true}
2025-12-27 11:21:21,775 [INFO] app.routers.infra: ResolveNotify sent | ticket_id=160 contact=8700004157
2025-12-27 12:25:34,507 [INFO] app.routers.infra: InfraAlert trigger -> ticket_id=161 created_by=Monika Rajput dept=Technical category=Hardware
2025-12-27 12:25:34,513 [INFO] app.routers.infra: InfraAlert -> sending WA for ticket_id=161 | msg_len=277
2025-12-27 12:25:34,516 [INFO] app.routers.infra: WA[39409e34] -> sendMessage | target=120363141953100908@g.us | len=277
2025-12-27 12:25:39,771 [INFO] app.routers.infra: WA[39409e34] <- status=200 | body={"success":true}
2025-12-27 12:25:39,773 [INFO] app.routers.infra: InfraAlert sent | status=200 | resp={"success":true}
2025-12-28 10:27:25,541 [INFO] app.routers.infra: InfraAlert trigger -> ticket_id=162 created_by=Sanjeet Kumar dept=Customer Care category=Software
2025-12-28 10:27:25,544 [INFO] app.routers.infra: InfraAlert -> sending WA for ticket_id=162 | msg_len=254
2025-12-28 10:27:25,547 [INFO] app.routers.infra: WA[ffe59762] -> sendMessage | target=120363141953100908@g.us | len=254
2025-12-28 10:27:25,602 [INFO] app.routers.infra: WA[ffe59762] <- status=409 | body={"error":"Account not ready"}
2025-12-28 10:27:25,604 [ERROR] app.routers.infra: InfraAlert failed | status=409 | resp={"error":"Account not ready"}
2025-12-28 11:15:06,857 [INFO] app.routers.infra: WA[a0ae8c1b] -> sendMessage | target=919871366002 | len=160
2025-12-28 11:15:06,895 [INFO] app.routers.infra: WA[a0ae8c1b] <- status=409 | body={"error":"Account not ready"}
2025-12-28 11:15:06,897 [ERROR] app.routers.infra: ResolveNotify failed | ticket_id=159 status=409 resp={"error":"Account not ready"}
2025-12-29 02:59:31,832 [INFO] app.routers.infra: InfraAlert trigger -> ticket_id=163 created_by=Jaspal singh rawat dept=Other category=Hardware
2025-12-29 02:59:31,834 [INFO] app.routers.infra: InfraAlert -> sending WA for ticket_id=163 | msg_len=276
2025-12-29 02:59:31,836 [INFO] app.routers.infra: WA[14dff8a0] -> sendMessage | target=120363141953100908@g.us | len=276
2025-12-29 02:59:32,190 [INFO] app.routers.infra: WA[14dff8a0] <- status=500 | body={"error":"Evaluation failed: TypeError: Cannot read properties of undefined (reading 'getChat')\n    at pptr://__puppeteer_evaluation_script__:2:46"}
2025-12-29 02:59:32,191 [ERROR] app.routers.infra: InfraAlert failed | status=500 | resp={"error":"Evaluation failed: TypeError: Cannot read properties of undefined (reading 'getChat')\n    at pptr://__puppeteer_evaluation_script__:2:46"}
2025-12-29 03:02:30,574 [INFO] app.routers.infra: InfraAlert trigger -> ticket_id=164 created_by=Jaspal singh rawat dept=Technical category=Hardware
2025-12-29 03:02:30,575 [INFO] app.routers.infra: InfraAlert -> sending WA for ticket_id=164 | msg_len=325
2025-12-29 03:02:30,576 [INFO] app.routers.infra: WA[74999df2] -> sendMessage | target=120363141953100908@g.us | len=325
2025-12-29 03:02:30,875 [INFO] app.routers.infra: WA[74999df2] <- status=500 | body={"error":"Evaluation failed: TypeError: Cannot read properties of undefined (reading 'getChat')\n    at pptr://__puppeteer_evaluation_script__:2:46"}
2025-12-29 03:02:30,877 [ERROR] app.routers.infra: InfraAlert failed | status=500 | resp={"error":"Evaluation failed: TypeError: Cannot read properties of undefined (reading 'getChat')\n    at pptr://__puppeteer_evaluation_script__:2:46"}
2025-12-29 03:03:22,127 [INFO] app.routers.infra: InfraAlert trigger -> ticket_id=165 created_by=Jaspal singh rawat dept=Customer Care category=Software
2025-12-29 03:03:22,128 [INFO] app.routers.infra: InfraAlert -> sending WA for ticket_id=165 | msg_len=245
2025-12-29 03:03:22,129 [INFO] app.routers.infra: WA[6fedb348] -> sendMessage | target=120363141953100908@g.us | len=245
2025-12-29 03:03:22,435 [INFO] app.routers.infra: WA[6fedb348] <- status=500 | body={"error":"Evaluation failed: TypeError: Cannot read properties of undefined (reading 'getChat')\n    at pptr://__puppeteer_evaluation_script__:2:46"}
2025-12-29 03:03:22,436 [ERROR] app.routers.infra: InfraAlert failed | status=500 | resp={"error":"Evaluation failed: TypeError: Cannot read properties of undefined (reading 'getChat')\n    at pptr://__puppeteer_evaluation_script__:2:46"}
2025-12-29 06:30:54,846 [INFO] app.routers.infra: WA[e247670b] -> sendMessage | target=917838686369 | len=121
2025-12-29 06:30:54,975 [INFO] app.routers.infra: WA[e247670b] <- status=200 | body={"success":true}
2025-12-29 06:30:54,976 [INFO] app.routers.infra: PickNotify sent to 7838686369 | ticket_id=164
2025-12-29 06:31:07,886 [INFO] app.routers.infra: WA[dde08595] -> sendMessage | target=917838686369 | len=121
2025-12-29 06:31:07,948 [INFO] app.routers.infra: WA[dde08595] <- status=200 | body={"success":true}
2025-12-29 06:31:07,949 [INFO] app.routers.infra: PickNotify sent to 7838686369 | ticket_id=164
2025-12-29 06:31:32,467 [INFO] app.routers.infra: WA[4a6f1673] -> sendMessage | target=917838686369 | len=121
2025-12-29 06:31:32,553 [INFO] app.routers.infra: WA[4a6f1673] <- status=200 | body={"success":true}
2025-12-29 06:31:32,555 [INFO] app.routers.infra: PickNotify sent to 7838686369 | ticket_id=163
2025-12-29 06:31:42,123 [INFO] app.routers.infra: WA[05071a4d] -> sendMessage | target=917982256085 | len=121
2025-12-29 06:31:42,211 [INFO] app.routers.infra: WA[05071a4d] <- status=200 | body={"success":true}
2025-12-29 06:31:42,212 [INFO] app.routers.infra: PickNotify sent to 7982256085 | ticket_id=162
2025-12-29 06:31:46,857 [INFO] app.routers.infra: WA[6c6ccefb] -> sendMessage | target=917982256085 | len=159
2025-12-29 06:31:46,956 [INFO] app.routers.infra: WA[6c6ccefb] <- status=200 | body={"success":true}
2025-12-29 06:31:46,957 [INFO] app.routers.infra: ResolveNotify sent | ticket_id=162 contact=7982256085
2025-12-29 06:32:11,714 [INFO] app.routers.infra: WA[a66f15a9] -> sendMessage | target=919758109554 | len=121
2025-12-29 06:32:11,765 [INFO] app.routers.infra: WA[a66f15a9] <- status=200 | body={"success":true}
2025-12-29 06:32:11,766 [INFO] app.routers.infra: PickNotify sent to 9758109554 | ticket_id=153
2025-12-29 07:06:09,003 [INFO] app.routers.infra: WA[c4499f82] -> sendMessage | target=917838686369 | len=125
2025-12-29 07:06:09,188 [INFO] app.routers.infra: WA[c4499f82] <- status=200 | body={"success":true}
2025-12-29 07:06:09,190 [INFO] app.routers.infra: PickNotify sent to 7838686369 | ticket_id=165
2025-12-29 07:07:44,134 [INFO] app.routers.infra: WA[9e526900] -> sendMessage | target=917838686369 | len=163
2025-12-29 07:07:44,202 [INFO] app.routers.infra: WA[9e526900] <- status=200 | body={"success":true}
2025-12-29 07:07:44,203 [INFO] app.routers.infra: ResolveNotify sent | ticket_id=165 contact=7838686369
2025-12-29 07:29:47,046 [INFO] app.routers.infra: InfraAlert trigger -> ticket_id=166 created_by=Suresh Kundra dept=Customer Care category=Other
2025-12-29 07:29:47,048 [INFO] app.routers.infra: InfraAlert -> sending WA for ticket_id=166 | msg_len=359
2025-12-29 07:29:47,049 [INFO] app.routers.infra: WA[a176fea3] -> sendMessage | target=120363141953100908@g.us | len=359
2025-12-29 07:29:47,389 [INFO] app.routers.infra: WA[a176fea3] <- status=200 | body={"success":true}
2025-12-29 07:29:47,390 [INFO] app.routers.infra: InfraAlert sent | status=200 | resp={"success":true}
2025-12-29 07:34:12,939 [INFO] app.routers.infra: WA[a09d4ef7] -> sendMessage | target=919667798385 | len=125
2025-12-29 07:34:13,000 [INFO] app.routers.infra: WA[a09d4ef7] <- status=200 | body={"success":true}
2025-12-29 07:34:13,001 [INFO] app.routers.infra: PickNotify sent to 9667798385 | ticket_id=166
2025-12-29 07:40:44,102 [INFO] app.routers.infra: WA[181f099b] -> sendMessage | target=919667798385 | len=163
2025-12-29 07:40:44,174 [INFO] app.routers.infra: WA[181f099b] <- status=200 | body={"success":true}
2025-12-29 07:40:44,175 [INFO] app.routers.infra: ResolveNotify sent | ticket_id=166 contact=9667798385
2025-12-29 11:53:54,017 [INFO] app.routers.infra: InfraAlert trigger -> ticket_id=167 created_by=Shahana Parveen dept=Marketing category=Software
2025-12-29 11:53:54,020 [INFO] app.routers.infra: InfraAlert -> sending WA for ticket_id=167 | msg_len=484
2025-12-29 11:53:54,023 [INFO] app.routers.infra: WA[0ee841b9] -> sendMessage | target=120363141953100908@g.us | len=484
2025-12-29 11:53:54,180 [INFO] app.routers.infra: WA[0ee841b9] <- status=200 | body={"success":true}
2025-12-29 11:53:54,182 [INFO] app.routers.infra: InfraAlert sent | status=200 | resp={"success":true}
2025-12-29 12:36:33,047 [INFO] app.routers.infra: WA[14d8be30] -> sendMessage | target=918448546358 | len=121
2025-12-29 12:36:33,141 [INFO] app.routers.infra: WA[14d8be30] <- status=200 | body={"success":true}
2025-12-29 12:36:33,143 [INFO] app.routers.infra: PickNotify sent to 8448546358 | ticket_id=167
2025-12-29 12:36:57,126 [INFO] app.routers.infra: WA[0ba47b00] -> sendMessage | target=917838686369 | len=121
2025-12-29 12:36:57,308 [INFO] app.routers.infra: WA[0ba47b00] <- status=200 | body={"success":true}
2025-12-29 12:36:57,309 [INFO] app.routers.infra: PickNotify sent to 7838686369 | ticket_id=164
2025-12-29 12:37:04,730 [INFO] app.routers.infra: WA[945d69d9] -> sendMessage | target=917838686369 | len=159
2025-12-29 12:37:04,785 [INFO] app.routers.infra: WA[945d69d9] <- status=200 | body={"success":true}
2025-12-29 12:37:04,786 [INFO] app.routers.infra: ResolveNotify sent | ticket_id=164 contact=7838686369
2025-12-29 12:37:12,485 [INFO] app.routers.infra: WA[fa03c922] -> sendMessage | target=917838686369 | len=121
2025-12-29 12:37:12,532 [INFO] app.routers.infra: WA[fa03c922] <- status=200 | body={"success":true}
2025-12-29 12:37:12,533 [INFO] app.routers.infra: PickNotify sent to 7838686369 | ticket_id=163
2025-12-29 12:37:17,510 [INFO] app.routers.infra: WA[e72d7df4] -> sendMessage | target=917838686369 | len=159
2025-12-29 12:37:17,558 [INFO] app.routers.infra: WA[e72d7df4] <- status=200 | body={"success":true}
2025-12-29 12:37:17,559 [INFO] app.routers.infra: ResolveNotify sent | ticket_id=163 contact=7838686369
2025-12-30 06:44:25,260 [INFO] app.routers.infra: InfraAlert trigger -> ticket_id=168 created_by=Maria Dass dept=Customer Care category=Software
2025-12-30 06:44:25,264 [INFO] app.routers.infra: InfraAlert -> sending WA for ticket_id=168 | msg_len=276
2025-12-30 06:44:25,268 [INFO] app.routers.infra: WA[1dfb348a] -> sendMessage | target=120363141953100908@g.us | len=276
2025-12-30 06:44:25,551 [INFO] app.routers.infra: WA[1dfb348a] <- status=200 | body={"success":true}
2025-12-30 06:44:25,558 [INFO] app.routers.infra: InfraAlert sent | status=200 | resp={"success":true}
2025-12-30 07:37:42,346 [INFO] app.routers.infra: InfraAlert trigger -> ticket_id=169 created_by=Ritu Mahalwal dept=Customer Care category=Software
2025-12-30 07:37:42,348 [INFO] app.routers.infra: InfraAlert -> sending WA for ticket_id=169 | msg_len=275
2025-12-30 07:37:42,352 [INFO] app.routers.infra: WA[6865aa44] -> sendMessage | target=120363141953100908@g.us | len=275
2025-12-30 07:37:42,519 [INFO] app.routers.infra: WA[6865aa44] <- status=200 | body={"success":true}
2025-12-30 07:37:42,521 [INFO] app.routers.infra: InfraAlert sent | status=200 | resp={"success":true}
2025-12-30 07:40:26,891 [INFO] app.routers.infra: WA[f74ccfb6] -> sendMessage | target=919871366002 | len=121
2025-12-30 07:40:26,950 [INFO] app.routers.infra: WA[f74ccfb6] <- status=200 | body={"success":true}
2025-12-30 07:40:26,952 [INFO] app.routers.infra: PickNotify sent to 9871366002 | ticket_id=169
2025-12-30 09:17:53,262 [INFO] app.routers.infra: WA[cae1f3ee] -> sendMessage | target=919654876714 | len=116
2025-12-30 09:17:53,992 [INFO] app.routers.infra: WA[cae1f3ee] <- status=200 | body={"success":true}
2025-12-30 09:17:53,994 [INFO] app.routers.infra: PickNotify sent to 9654876714 | ticket_id=168
2025-12-30 09:18:52,932 [INFO] app.routers.infra: InfraAlert trigger -> ticket_id=170 created_by=Ritu Mahalwal dept=Customer Care category=Software
2025-12-30 09:18:52,933 [INFO] app.routers.infra: InfraAlert -> sending WA for ticket_id=170 | msg_len=287
2025-12-30 09:18:52,934 [INFO] app.routers.infra: WA[d48a23c2] -> sendMessage | target=120363141953100908@g.us | len=287
2025-12-30 09:18:53,316 [INFO] app.routers.infra: WA[d48a23c2] <- status=200 | body={"success":true}
2025-12-30 09:18:53,317 [INFO] app.routers.infra: InfraAlert sent | status=200 | resp={"success":true}
2025-12-30 09:27:03,547 [INFO] app.routers.infra: WA[a344f955] -> sendMessage | target=919654876714 | len=154
2025-12-30 09:27:04,026 [INFO] app.routers.infra: WA[a344f955] <- status=200 | body={"success":true}
2025-12-30 09:27:04,028 [INFO] app.routers.infra: ResolveNotify sent | ticket_id=168 contact=9654876714
2025-12-30 10:38:20,043 [INFO] app.routers.infra: WA[bd3af34b] -> sendMessage | target=918826879686 | len=159
2025-12-30 10:38:28,464 [INFO] app.routers.infra: WA[bd3af34b] <- status=200 | body={"success":true}
2025-12-30 10:38:28,466 [INFO] app.routers.infra: ResolveNotify sent | ticket_id=53 contact=8826879686
2025-12-30 10:38:37,893 [INFO] app.routers.infra: WA[4ca254b6] -> sendMessage | target=918586873925 | len=160
2025-12-30 10:38:42,124 [INFO] app.routers.infra: WA[4ca254b6] <- status=200 | body={"success":true}
2025-12-30 10:38:42,125 [INFO] app.routers.infra: ResolveNotify sent | ticket_id=158 contact=8586873925
2025-12-30 12:10:39,052 [INFO] app.routers.infra: InfraAlert trigger -> ticket_id=171 created_by=Akash yadav dept=Customer Care category=Software
2025-12-30 12:10:39,054 [INFO] app.routers.infra: InfraAlert -> sending WA for ticket_id=171 | msg_len=243
2025-12-30 12:10:39,056 [INFO] app.routers.infra: WA[a3e88267] -> sendMessage | target=120363141953100908@g.us | len=243
2025-12-30 12:10:39,477 [INFO] app.routers.infra: WA[a3e88267] <- status=200 | body={"success":true}
2025-12-30 12:10:39,480 [INFO] app.routers.infra: InfraAlert sent | status=200 | resp={"success":true}
2025-12-30 12:27:49,352 [INFO] app.routers.infra: InfraAlert trigger -> ticket_id=172 created_by=Sanjeet Kumar dept=Customer Care category=Software
2025-12-30 12:27:49,354 [INFO] app.routers.infra: InfraAlert -> sending WA for ticket_id=172 | msg_len=250
2025-12-30 12:27:49,356 [INFO] app.routers.infra: WA[300c3d91] -> sendMessage | target=120363141953100908@g.us | len=250
2025-12-30 12:27:59,431 [ERROR] app.routers.infra: WA[300c3d91] send_whatsapp_to_number exception: HTTPConnectionPool(host='192.168.0.71', port=3004): Read timed out. (read timeout=10)
Traceback (most recent call last):
  File "/usr/local/lib/python3.10/site-packages/urllib3/connectionpool.py", line 534, in _make_request
    response = conn.getresponse()
  File "/usr/local/lib/python3.10/site-packages/urllib3/connection.py", line 571, in getresponse
    httplib_response = super().getresponse()
  File "/usr/local/lib/python3.10/http/client.py", line 1375, in getresponse
    response.begin()
  File "/usr/local/lib/python3.10/http/client.py", line 318, in begin
    version, status, reason = self._read_status()
  File "/usr/local/lib/python3.10/http/client.py", line 279, in _read_status
    line = str(self.fp.readline(_MAXLINE + 1), "iso-8859-1")
  File "/usr/local/lib/python3.10/socket.py", line 717, in readinto
    return self._sock.recv_into(b)
TimeoutError: timed out

The above exception was the direct cause of the following exception:

Traceback (most recent call last):
  File "/usr/local/lib/python3.10/site-packages/requests/adapters.py", line 644, in send
    resp = conn.urlopen(
  File "/usr/local/lib/python3.10/site-packages/urllib3/connectionpool.py", line 841, in urlopen
    retries = retries.increment(
  File "/usr/local/lib/python3.10/site-packages/urllib3/util/retry.py", line 474, in increment
    raise reraise(type(error), error, _stacktrace)
  File "/usr/local/lib/python3.10/site-packages/urllib3/util/util.py", line 39, in reraise
    raise value
  File "/usr/local/lib/python3.10/site-packages/urllib3/connectionpool.py", line 787, in urlopen
    response = self._make_request(
  File "/usr/local/lib/python3.10/site-packages/urllib3/connectionpool.py", line 536, in _make_request
    self._raise_timeout(err=e, url=url, timeout_value=read_timeout)
  File "/usr/local/lib/python3.10/site-packages/urllib3/connectionpool.py", line 367, in _raise_timeout
    raise ReadTimeoutError(
urllib3.exceptions.ReadTimeoutError: HTTPConnectionPool(host='192.168.0.71', port=3004): Read timed out. (read timeout=10)

During handling of the above exception, another exception occurred:

Traceback (most recent call last):
  File "/app/app/routers/infra.py", line 80, in send_whatsapp_to_number
    r = requests.post(
  File "/usr/local/lib/python3.10/site-packages/requests/api.py", line 115, in post
    return request("post", url, data=data, json=json, **kwargs)
  File "/usr/local/lib/python3.10/site-packages/requests/api.py", line 59, in request
    return session.request(method=method, url=url, **kwargs)
  File "/usr/local/lib/python3.10/site-packages/requests/sessions.py", line 589, in request
    resp = self.send(prep, **send_kwargs)
  File "/usr/local/lib/python3.10/site-packages/requests/sessions.py", line 703, in send
    r = adapter.send(request, **kwargs)
  File "/usr/local/lib/python3.10/site-packages/requests/adapters.py", line 690, in send
    raise ReadTimeout(e, request=request)
requests.exceptions.ReadTimeout: HTTPConnectionPool(host='192.168.0.71', port=3004): Read timed out. (read timeout=10)
2025-12-30 12:27:59,495 [ERROR] app.routers.infra: InfraAlert failed | status=500 | resp=HTTPConnectionPool(host='192.168.0.71', port=3004): Read timed out. (read timeout=10)
2025-12-30 12:33:12,359 [INFO] app.routers.infra: InfraAlert trigger -> ticket_id=173 created_by=MD ARIF SAIFI dept=Admin category=Hardware
2025-12-30 12:33:12,361 [INFO] app.routers.infra: InfraAlert -> sending WA for ticket_id=173 | msg_len=296
2025-12-30 12:33:12,362 [INFO] app.routers.infra: WA[110f750a] -> sendMessage | target=120363141953100908@g.us | len=296
2025-12-30 12:33:14,726 [INFO] app.routers.infra: WA[110f750a] <- status=200 | body={"success":true}
2025-12-30 12:33:14,727 [INFO] app.routers.infra: InfraAlert sent | status=200 | resp={"success":true}
2025-12-30 12:37:07,866 [INFO] app.routers.infra: WA[d053e496] -> sendMessage | target=919871366002 | len=121
2025-12-30 12:37:08,057 [INFO] app.routers.infra: WA[d053e496] <- status=200 | body={"success":true}
2025-12-30 12:37:08,059 [INFO] app.routers.infra: PickNotify sent to 9871366002 | ticket_id=169
2025-12-30 13:52:00,092 [INFO] app.routers.infra: InfraAlert trigger -> ticket_id=174 created_by=Md Shaquib Alam dept=Other category=Office Infra
2025-12-30 13:52:00,095 [INFO] app.routers.infra: InfraAlert -> sending WA for ticket_id=174 | msg_len=297
2025-12-30 13:52:00,099 [INFO] app.routers.infra: WA[3d63ab82] -> sendMessage | target=120363141953100908@g.us | len=297
2025-12-30 13:52:00,218 [INFO] app.routers.infra: WA[3d63ab82] <- status=409 | body={"error":"Account not ready"}
2025-12-30 13:52:00,220 [ERROR] app.routers.infra: InfraAlert failed | status=409 | resp={"error":"Account not ready"}
2025-12-30 13:53:27,306 [INFO] app.routers.infra: InfraAlert trigger -> ticket_id=175 created_by=Md Shaquib Alam dept=Other category=Office Infra
2025-12-30 13:53:27,309 [INFO] app.routers.infra: InfraAlert -> sending WA for ticket_id=175 | msg_len=326
2025-12-30 13:53:27,311 [INFO] app.routers.infra: WA[431c8ef5] -> sendMessage | target=120363141953100908@g.us | len=326
2025-12-30 13:53:27,342 [INFO] app.routers.infra: WA[431c8ef5] <- status=409 | body={"error":"Account not ready"}
2025-12-30 13:53:27,344 [ERROR] app.routers.infra: InfraAlert failed | status=409 | resp={"error":"Account not ready"}
2025-12-31 06:12:03,231 [INFO] app.routers.infra: InfraAlert trigger -> ticket_id=176 created_by=Ritu Mahalwal dept=Home Collection category=Software
2025-12-31 06:12:03,236 [INFO] app.routers.infra: InfraAlert -> sending WA for ticket_id=176 | msg_len=249
2025-12-31 06:12:03,240 [INFO] app.routers.infra: WA[54bd7f18] -> sendMessage | target=120363141953100908@g.us | len=249
2025-12-31 06:12:03,638 [INFO] app.routers.infra: WA[54bd7f18] <- status=500 | body={"error":"Evaluation failed: TypeError: Cannot read properties of undefined (reading 'getChat')\n    at pptr://__puppeteer_evaluation_script__:2:46"}
2025-12-31 06:12:03,640 [ERROR] app.routers.infra: InfraAlert failed | status=500 | resp={"error":"Evaluation failed: TypeError: Cannot read properties of undefined (reading 'getChat')\n    at pptr://__puppeteer_evaluation_script__:2:46"}
2025-12-31 06:33:56,320 [INFO] app.routers.infra: InfraAlert trigger -> ticket_id=177 created_by=Ritu Mahalwal dept=Customer Care category=Software
2025-12-31 06:33:56,321 [INFO] app.routers.infra: InfraAlert -> sending WA for ticket_id=177 | msg_len=240
2025-12-31 06:33:56,323 [INFO] app.routers.infra: WA[624c9cc4] -> sendMessage | target=120363141953100908@g.us | len=240
2025-12-31 06:33:56,350 [INFO] app.routers.infra: WA[624c9cc4] <- status=500 | body={"error":"Evaluation failed: TypeError: Cannot read properties of undefined (reading 'getChat')\n    at pptr://__puppeteer_evaluation_script__:2:46"}
2025-12-31 06:33:56,351 [ERROR] app.routers.infra: InfraAlert failed | status=500 | resp={"error":"Evaluation failed: TypeError: Cannot read properties of undefined (reading 'getChat')\n    at pptr://__puppeteer_evaluation_script__:2:46"}
2025-12-31 06:44:10,223 [INFO] app.routers.infra: WA[88d81b24] -> sendMessage | target=918586873925 | len=121
2025-12-31 06:44:10,251 [INFO] app.routers.infra: WA[88d81b24] <- status=500 | body={"error":"Evaluation failed: TypeError: Cannot read properties of undefined (reading 'getChat')\n    at pptr://__puppeteer_evaluation_script__:2:46"}
2025-12-31 06:44:10,252 [ERROR] app.routers.infra: PickNotify failed | ticket_id=173 status=500 resp={"error":"Evaluation failed: TypeError: Cannot read properties of undefined (reading 'getChat')\n    at pptr://__puppeteer_evaluation_script__:2:46"}
2025-12-31 07:12:17,158 [INFO] app.routers.infra: InfraAlert trigger -> ticket_id=178 created_by=Md Shaquib Alam dept=Other category=Office Infra
2025-12-31 07:12:17,161 [INFO] app.routers.infra: InfraAlert -> sending WA for ticket_id=178 | msg_len=251
2025-12-31 07:12:17,162 [INFO] app.routers.infra: WA[3523d694] -> sendMessage | target=120363141953100908@g.us | len=251
2025-12-31 07:12:17,186 [INFO] app.routers.infra: WA[3523d694] <- status=500 | body={"error":"Evaluation failed: TypeError: Cannot read properties of undefined (reading 'getChat')\n    at pptr://__puppeteer_evaluation_script__:2:46"}
2025-12-31 07:12:17,187 [ERROR] app.routers.infra: InfraAlert failed | status=500 | resp={"error":"Evaluation failed: TypeError: Cannot read properties of undefined (reading 'getChat')\n    at pptr://__puppeteer_evaluation_script__:2:46"}
2025-12-31 08:08:19,246 [INFO] app.routers.infra: WA[28b6914f] -> sendMessage | target=919871366002 | len=125
2025-12-31 08:08:19,369 [INFO] app.routers.infra: WA[28b6914f] <- status=500 | body={"error":"Evaluation failed: TypeError: Cannot read properties of undefined (reading 'getChat')\n    at pptr://__puppeteer_evaluation_script__:2:46"}
2025-12-31 08:08:19,371 [ERROR] app.routers.infra: PickNotify failed | ticket_id=177 status=500 resp={"error":"Evaluation failed: TypeError: Cannot read properties of undefined (reading 'getChat')\n    at pptr://__puppeteer_evaluation_script__:2:46"}
2025-12-31 08:08:24,108 [INFO] app.routers.infra: WA[fe2ceb60] -> sendMessage | target=919871366002 | len=163
2025-12-31 08:08:24,128 [INFO] app.routers.infra: WA[fe2ceb60] <- status=500 | body={"error":"Evaluation failed: TypeError: Cannot read properties of undefined (reading 'getChat')\n    at pptr://__puppeteer_evaluation_script__:2:46"}
2025-12-31 08:08:24,129 [ERROR] app.routers.infra: ResolveNotify failed | ticket_id=177 status=500 resp={"error":"Evaluation failed: TypeError: Cannot read properties of undefined (reading 'getChat')\n    at pptr://__puppeteer_evaluation_script__:2:46"}
2025-12-31 08:10:58,688 [INFO] app.routers.infra: WA[22f04512] -> sendMessage | target=917982256085 | len=125
2025-12-31 08:10:58,713 [INFO] app.routers.infra: WA[22f04512] <- status=500 | body={"error":"Evaluation failed: TypeError: Cannot read properties of undefined (reading 'getChat')\n    at pptr://__puppeteer_evaluation_script__:2:46"}
2025-12-31 08:10:58,715 [ERROR] app.routers.infra: PickNotify failed | ticket_id=172 status=500 resp={"error":"Evaluation failed: TypeError: Cannot read properties of undefined (reading 'getChat')\n    at pptr://__puppeteer_evaluation_script__:2:46"}
2025-12-31 08:11:09,921 [INFO] app.routers.infra: WA[44fe9033] -> sendMessage | target=917982256085 | len=163
2025-12-31 08:11:09,938 [INFO] app.routers.infra: WA[44fe9033] <- status=500 | body={"error":"Evaluation failed: TypeError: Cannot read properties of undefined (reading 'getChat')\n    at pptr://__puppeteer_evaluation_script__:2:46"}
2025-12-31 08:11:09,939 [ERROR] app.routers.infra: ResolveNotify failed | ticket_id=172 status=500 resp={"error":"Evaluation failed: TypeError: Cannot read properties of undefined (reading 'getChat')\n    at pptr://__puppeteer_evaluation_script__:2:46"}
2025-12-31 08:11:34,232 [INFO] app.routers.infra: WA[f1b97843] -> sendMessage | target=919899847571 | len=241
2025-12-31 08:11:34,250 [INFO] app.routers.infra: WA[f1b97843] <- status=500 | body={"error":"Evaluation failed: TypeError: Cannot read properties of undefined (reading 'getChat')\n    at pptr://__puppeteer_evaluation_script__:2:46"}
2025-12-31 08:11:34,251 [ERROR] app.routers.infra: InvalidNotify failed | ticket_id=171 status=500 resp={"error":"Evaluation failed: TypeError: Cannot read properties of undefined (reading 'getChat')\n    at pptr://__puppeteer_evaluation_script__:2:46"}
2025-12-31 08:46:21,314 [INFO] app.routers.infra: WA[ed95b98d] -> sendMessage | target=919871366002 | len=125
2025-12-31 08:46:21,365 [INFO] app.routers.infra: WA[ed95b98d] <- status=500 | body={"error":"Evaluation failed: TypeError: Cannot read properties of undefined (reading 'getChat')\n    at pptr://__puppeteer_evaluation_script__:2:46"}
2025-12-31 08:46:21,366 [ERROR] app.routers.infra: PickNotify failed | ticket_id=170 status=500 resp={"error":"Evaluation failed: TypeError: Cannot read properties of undefined (reading 'getChat')\n    at pptr://__puppeteer_evaluation_script__:2:46"}
2025-12-31 08:46:28,277 [INFO] app.routers.infra: WA[dcf9153c] -> sendMessage | target=919871366002 | len=163
2025-12-31 08:46:28,296 [INFO] app.routers.infra: WA[dcf9153c] <- status=500 | body={"error":"Evaluation failed: TypeError: Cannot read properties of undefined (reading 'getChat')\n    at pptr://__puppeteer_evaluation_script__:2:46"}
2025-12-31 08:46:28,298 [ERROR] app.routers.infra: ResolveNotify failed | ticket_id=170 status=500 resp={"error":"Evaluation failed: TypeError: Cannot read properties of undefined (reading 'getChat')\n    at pptr://__puppeteer_evaluation_script__:2:46"}
2025-12-31 09:26:23,010 [INFO] app.routers.infra: WA[07a61794] -> sendMessage | target=919871366002 | len=125
2025-12-31 09:26:23,032 [INFO] app.routers.infra: WA[07a61794] <- status=500 | body={"error":"Evaluation failed: TypeError: Cannot read properties of undefined (reading 'getChat')\n    at pptr://__puppeteer_evaluation_script__:2:46"}
2025-12-31 09:26:23,033 [ERROR] app.routers.infra: PickNotify failed | ticket_id=176 status=500 resp={"error":"Evaluation failed: TypeError: Cannot read properties of undefined (reading 'getChat')\n    at pptr://__puppeteer_evaluation_script__:2:46"}
2025-12-31 09:28:02,705 [INFO] app.routers.infra: WA[fddbeb8b] -> sendMessage | target=919667798385 | len=125
2025-12-31 09:28:02,730 [INFO] app.routers.infra: WA[fddbeb8b] <- status=500 | body={"error":"Evaluation failed: TypeError: Cannot read properties of undefined (reading 'getChat')\n    at pptr://__puppeteer_evaluation_script__:2:46"}
2025-12-31 09:28:02,732 [ERROR] app.routers.infra: PickNotify failed | ticket_id=117 status=500 resp={"error":"Evaluation failed: TypeError: Cannot read properties of undefined (reading 'getChat')\n    at pptr://__puppeteer_evaluation_script__:2:46"}
2025-12-31 09:32:42,873 [INFO] app.routers.infra: WA[e3676037] -> sendMessage | target=919871366002 | len=163
2025-12-31 09:32:42,894 [INFO] app.routers.infra: WA[e3676037] <- status=500 | body={"error":"Evaluation failed: TypeError: Cannot read properties of undefined (reading 'getChat')\n    at pptr://__puppeteer_evaluation_script__:2:46"}
2025-12-31 09:32:42,896 [ERROR] app.routers.infra: ResolveNotify failed | ticket_id=176 status=500 resp={"error":"Evaluation failed: TypeError: Cannot read properties of undefined (reading 'getChat')\n    at pptr://__puppeteer_evaluation_script__:2:46"}
2025-12-31 10:03:51,983 [INFO] app.routers.infra: WA[3b3ab8f4] -> sendMessage | target=918586873925 | len=159
2025-12-31 10:03:52,061 [INFO] app.routers.infra: WA[3b3ab8f4] <- status=500 | body={"error":"Evaluation failed: TypeError: Cannot read properties of undefined (reading 'getChat')\n    at pptr://__puppeteer_evaluation_script__:2:46"}
2025-12-31 10:03:52,063 [ERROR] app.routers.infra: ResolveNotify failed | ticket_id=173 status=500 resp={"error":"Evaluation failed: TypeError: Cannot read properties of undefined (reading 'getChat')\n    at pptr://__puppeteer_evaluation_script__:2:46"}
2025-12-31 11:46:15,478 [INFO] app.routers.infra: WA[247a833d] -> sendMessage | target=919871366002 | len=121
2025-12-31 11:46:16,570 [INFO] app.routers.infra: WA[247a833d] <- status=200 | body={"success":true}
2025-12-31 11:46:16,571 [INFO] app.routers.infra: PickNotify sent to 9871366002 | ticket_id=169
2025-12-31 14:08:36,420 [INFO] app.routers.infra: InfraReminder -> processing 2 pending tickets
2025-12-31 14:08:36,426 [INFO] app.routers.infra: WA[873c66dd] -> sendMessage | target=120363141953100908@g.us | len=205
2025-12-31 14:08:36,575 [INFO] app.routers.infra: WA[873c66dd] <- status=200 | body={"success":true}
2025-12-31 14:08:36,579 [INFO] app.routers.infra: InfraReminder sent | ticket_id=174 status=200
2025-12-31 14:08:36,580 [INFO] app.routers.infra: WA[55be5912] -> sendMessage | target=120363141953100908@g.us | len=205
2025-12-31 14:08:36,944 [INFO] app.routers.infra: WA[55be5912] <- status=200 | body={"success":true}
2025-12-31 14:08:36,946 [INFO] app.routers.infra: InfraReminder sent | ticket_id=175 status=200
2026-01-01 08:08:32,591 [INFO] app.routers.infra: InfraReminder -> processing 1 pending tickets
2026-01-01 08:08:32,596 [INFO] app.routers.infra: WA[a7fb3733] -> sendMessage | target=120363141953100908@g.us | len=214
2026-01-01 08:08:32,783 [INFO] app.routers.infra: WA[a7fb3733] <- status=200 | body={"success":true}
2026-01-01 08:08:32,787 [INFO] app.routers.infra: InfraReminder sent | ticket_id=178 status=200
2026-01-01 11:36:08,570 [INFO] app.routers.infra: WA[c6cd70a7] -> sendMessage | target=918448558464 | len=121
2026-01-01 11:36:18,627 [ERROR] app.routers.infra: WA[c6cd70a7] send_whatsapp_to_number exception: HTTPConnectionPool(host='192.168.0.71', port=3004): Read timed out. (read timeout=10)
Traceback (most recent call last):
  File "/usr/local/lib/python3.10/site-packages/urllib3/connectionpool.py", line 534, in _make_request
    response = conn.getresponse()
  File "/usr/local/lib/python3.10/site-packages/urllib3/connection.py", line 571, in getresponse
    httplib_response = super().getresponse()
  File "/usr/local/lib/python3.10/http/client.py", line 1375, in getresponse
    response.begin()
  File "/usr/local/lib/python3.10/http/client.py", line 318, in begin
    version, status, reason = self._read_status()
  File "/usr/local/lib/python3.10/http/client.py", line 279, in _read_status
    line = str(self.fp.readline(_MAXLINE + 1), "iso-8859-1")
  File "/usr/local/lib/python3.10/socket.py", line 717, in readinto
    return self._sock.recv_into(b)
TimeoutError: timed out

The above exception was the direct cause of the following exception:

Traceback (most recent call last):
  File "/usr/local/lib/python3.10/site-packages/requests/adapters.py", line 644, in send
    resp = conn.urlopen(
  File "/usr/local/lib/python3.10/site-packages/urllib3/connectionpool.py", line 841, in urlopen
    retries = retries.increment(
  File "/usr/local/lib/python3.10/site-packages/urllib3/util/retry.py", line 474, in increment
    raise reraise(type(error), error, _stacktrace)
  File "/usr/local/lib/python3.10/site-packages/urllib3/util/util.py", line 39, in reraise
    raise value
  File "/usr/local/lib/python3.10/site-packages/urllib3/connectionpool.py", line 787, in urlopen
    response = self._make_request(
  File "/usr/local/lib/python3.10/site-packages/urllib3/connectionpool.py", line 536, in _make_request
    self._raise_timeout(err=e, url=url, timeout_value=read_timeout)
  File "/usr/local/lib/python3.10/site-packages/urllib3/connectionpool.py", line 367, in _raise_timeout
    raise ReadTimeoutError(
urllib3.exceptions.ReadTimeoutError: HTTPConnectionPool(host='192.168.0.71', port=3004): Read timed out. (read timeout=10)

During handling of the above exception, another exception occurred:

Traceback (most recent call last):
  File "/app/app/routers/infra.py", line 80, in send_whatsapp_to_number
    r = requests.post(
  File "/usr/local/lib/python3.10/site-packages/requests/api.py", line 115, in post
    return request("post", url, data=data, json=json, **kwargs)
  File "/usr/local/lib/python3.10/site-packages/requests/api.py", line 59, in request
    return session.request(method=method, url=url, **kwargs)
  File "/usr/local/lib/python3.10/site-packages/requests/sessions.py", line 589, in request
    resp = self.send(prep, **send_kwargs)
  File "/usr/local/lib/python3.10/site-packages/requests/sessions.py", line 703, in send
    r = adapter.send(request, **kwargs)
  File "/usr/local/lib/python3.10/site-packages/requests/adapters.py", line 690, in send
    raise ReadTimeout(e, request=request)
requests.exceptions.ReadTimeout: HTTPConnectionPool(host='192.168.0.71', port=3004): Read timed out. (read timeout=10)
2026-01-01 11:36:18,642 [ERROR] app.routers.infra: PickNotify failed | ticket_id=178 status=500 resp=HTTPConnectionPool(host='192.168.0.71', port=3004): Read timed out. (read timeout=10)
2026-01-01 11:36:23,614 [INFO] app.routers.infra: WA[6575bd4b] -> sendMessage | target=918448558464 | len=159
2026-01-01 11:36:33,633 [ERROR] app.routers.infra: WA[6575bd4b] send_whatsapp_to_number exception: HTTPConnectionPool(host='192.168.0.71', port=3004): Read timed out. (read timeout=10)
Traceback (most recent call last):
  File "/usr/local/lib/python3.10/site-packages/urllib3/connectionpool.py", line 534, in _make_request
    response = conn.getresponse()
  File "/usr/local/lib/python3.10/site-packages/urllib3/connection.py", line 571, in getresponse
    httplib_response = super().getresponse()
  File "/usr/local/lib/python3.10/http/client.py", line 1375, in getresponse
    response.begin()
  File "/usr/local/lib/python3.10/http/client.py", line 318, in begin
    version, status, reason = self._read_status()
  File "/usr/local/lib/python3.10/http/client.py", line 279, in _read_status
    line = str(self.fp.readline(_MAXLINE + 1), "iso-8859-1")
  File "/usr/local/lib/python3.10/socket.py", line 717, in readinto
    return self._sock.recv_into(b)
TimeoutError: timed out

The above exception was the direct cause of the following exception:

Traceback (most recent call last):
  File "/usr/local/lib/python3.10/site-packages/requests/adapters.py", line 644, in send
    resp = conn.urlopen(
  File "/usr/local/lib/python3.10/site-packages/urllib3/connectionpool.py", line 841, in urlopen
    retries = retries.increment(
  File "/usr/local/lib/python3.10/site-packages/urllib3/util/retry.py", line 474, in increment
    raise reraise(type(error), error, _stacktrace)
  File "/usr/local/lib/python3.10/site-packages/urllib3/util/util.py", line 39, in reraise
    raise value
  File "/usr/local/lib/python3.10/site-packages/urllib3/connectionpool.py", line 787, in urlopen
    response = self._make_request(
  File "/usr/local/lib/python3.10/site-packages/urllib3/connectionpool.py", line 536, in _make_request
    self._raise_timeout(err=e, url=url, timeout_value=read_timeout)
  File "/usr/local/lib/python3.10/site-packages/urllib3/connectionpool.py", line 367, in _raise_timeout
    raise ReadTimeoutError(
urllib3.exceptions.ReadTimeoutError: HTTPConnectionPool(host='192.168.0.71', port=3004): Read timed out. (read timeout=10)

During handling of the above exception, another exception occurred:

Traceback (most recent call last):
  File "/app/app/routers/infra.py", line 80, in send_whatsapp_to_number
    r = requests.post(
  File "/usr/local/lib/python3.10/site-packages/requests/api.py", line 115, in post
    return request("post", url, data=data, json=json, **kwargs)
  File "/usr/local/lib/python3.10/site-packages/requests/api.py", line 59, in request
    return session.request(method=method, url=url, **kwargs)
  File "/usr/local/lib/python3.10/site-packages/requests/sessions.py", line 589, in request
    resp = self.send(prep, **send_kwargs)
  File "/usr/local/lib/python3.10/site-packages/requests/sessions.py", line 703, in send
    r = adapter.send(request, **kwargs)
  File "/usr/local/lib/python3.10/site-packages/requests/adapters.py", line 690, in send
    raise ReadTimeout(e, request=request)
requests.exceptions.ReadTimeout: HTTPConnectionPool(host='192.168.0.71', port=3004): Read timed out. (read timeout=10)
2026-01-01 11:36:33,640 [ERROR] app.routers.infra: ResolveNotify failed | ticket_id=178 status=500 resp=HTTPConnectionPool(host='192.168.0.71', port=3004): Read timed out. (read timeout=10)
2026-01-01 13:12:21,146 [INFO] app.routers.infra: WA[d54536ce] -> sendMessage | target=918057054076 | len=122
2026-01-01 13:12:31,182 [ERROR] app.routers.infra: WA[d54536ce] send_whatsapp_to_number exception: HTTPConnectionPool(host='192.168.0.71', port=3004): Read timed out. (read timeout=10)
Traceback (most recent call last):
  File "/usr/local/lib/python3.10/site-packages/urllib3/connectionpool.py", line 534, in _make_request
    response = conn.getresponse()
  File "/usr/local/lib/python3.10/site-packages/urllib3/connection.py", line 571, in getresponse
    httplib_response = super().getresponse()
  File "/usr/local/lib/python3.10/http/client.py", line 1375, in getresponse
    response.begin()
  File "/usr/local/lib/python3.10/http/client.py", line 318, in begin
    version, status, reason = self._read_status()
  File "/usr/local/lib/python3.10/http/client.py", line 279, in _read_status
    line = str(self.fp.readline(_MAXLINE + 1), "iso-8859-1")
  File "/usr/local/lib/python3.10/socket.py", line 717, in readinto
    return self._sock.recv_into(b)
TimeoutError: timed out

The above exception was the direct cause of the following exception:

Traceback (most recent call last):
  File "/usr/local/lib/python3.10/site-packages/requests/adapters.py", line 644, in send
    resp = conn.urlopen(
  File "/usr/local/lib/python3.10/site-packages/urllib3/connectionpool.py", line 841, in urlopen
    retries = retries.increment(
  File "/usr/local/lib/python3.10/site-packages/urllib3/util/retry.py", line 474, in increment
    raise reraise(type(error), error, _stacktrace)
  File "/usr/local/lib/python3.10/site-packages/urllib3/util/util.py", line 39, in reraise
    raise value
  File "/usr/local/lib/python3.10/site-packages/urllib3/connectionpool.py", line 787, in urlopen
    response = self._make_request(
  File "/usr/local/lib/python3.10/site-packages/urllib3/connectionpool.py", line 536, in _make_request
    self._raise_timeout(err=e, url=url, timeout_value=read_timeout)
  File "/usr/local/lib/python3.10/site-packages/urllib3/connectionpool.py", line 367, in _raise_timeout
    raise ReadTimeoutError(
urllib3.exceptions.ReadTimeoutError: HTTPConnectionPool(host='192.168.0.71', port=3004): Read timed out. (read timeout=10)

During handling of the above exception, another exception occurred:

Traceback (most recent call last):
  File "/app/app/routers/infra.py", line 80, in send_whatsapp_to_number
    r = requests.post(
  File "/usr/local/lib/python3.10/site-packages/requests/api.py", line 115, in post
    return request("post", url, data=data, json=json, **kwargs)
  File "/usr/local/lib/python3.10/site-packages/requests/api.py", line 59, in request
    return session.request(method=method, url=url, **kwargs)
  File "/usr/local/lib/python3.10/site-packages/requests/sessions.py", line 589, in request
    resp = self.send(prep, **send_kwargs)
  File "/usr/local/lib/python3.10/site-packages/requests/sessions.py", line 703, in send
    r = adapter.send(request, **kwargs)
  File "/usr/local/lib/python3.10/site-packages/requests/adapters.py", line 690, in send
    raise ReadTimeout(e, request=request)
requests.exceptions.ReadTimeout: HTTPConnectionPool(host='192.168.0.71', port=3004): Read timed out. (read timeout=10)
2026-01-01 13:12:31,195 [ERROR] app.routers.infra: PickNotify failed | ticket_id=151 status=500 resp=HTTPConnectionPool(host='192.168.0.71', port=3004): Read timed out. (read timeout=10)
2026-01-01 13:15:09,443 [INFO] app.routers.infra: WA[c08eb71e] -> sendMessage | target=918057054076 | len=160
2026-01-01 13:15:14,129 [INFO] app.routers.infra: WA[b501dbbd] -> sendMessage | target=918057054076 | len=160
2026-01-01 13:15:19,458 [ERROR] app.routers.infra: WA[c08eb71e] send_whatsapp_to_number exception: HTTPConnectionPool(host='192.168.0.71', port=3004): Read timed out. (read timeout=10)
Traceback (most recent call last):
  File "/usr/local/lib/python3.10/site-packages/urllib3/connectionpool.py", line 534, in _make_request
    response = conn.getresponse()
  File "/usr/local/lib/python3.10/site-packages/urllib3/connection.py", line 571, in getresponse
    httplib_response = super().getresponse()
  File "/usr/local/lib/python3.10/http/client.py", line 1375, in getresponse
    response.begin()
  File "/usr/local/lib/python3.10/http/client.py", line 318, in begin
    version, status, reason = self._read_status()
  File "/usr/local/lib/python3.10/http/client.py", line 279, in _read_status
    line = str(self.fp.readline(_MAXLINE + 1), "iso-8859-1")
  File "/usr/local/lib/python3.10/socket.py", line 717, in readinto
    return self._sock.recv_into(b)
TimeoutError: timed out

The above exception was the direct cause of the following exception:

Traceback (most recent call last):
  File "/usr/local/lib/python3.10/site-packages/requests/adapters.py", line 644, in send
    resp = conn.urlopen(
  File "/usr/local/lib/python3.10/site-packages/urllib3/connectionpool.py", line 841, in urlopen
    retries = retries.increment(
  File "/usr/local/lib/python3.10/site-packages/urllib3/util/retry.py", line 474, in increment
    raise reraise(type(error), error, _stacktrace)
  File "/usr/local/lib/python3.10/site-packages/urllib3/util/util.py", line 39, in reraise
    raise value
  File "/usr/local/lib/python3.10/site-packages/urllib3/connectionpool.py", line 787, in urlopen
    response = self._make_request(
  File "/usr/local/lib/python3.10/site-packages/urllib3/connectionpool.py", line 536, in _make_request
    self._raise_timeout(err=e, url=url, timeout_value=read_timeout)
  File "/usr/local/lib/python3.10/site-packages/urllib3/connectionpool.py", line 367, in _raise_timeout
    raise ReadTimeoutError(
urllib3.exceptions.ReadTimeoutError: HTTPConnectionPool(host='192.168.0.71', port=3004): Read timed out. (read timeout=10)

During handling of the above exception, another exception occurred:

Traceback (most recent call last):
  File "/app/app/routers/infra.py", line 80, in send_whatsapp_to_number
    r = requests.post(
  File "/usr/local/lib/python3.10/site-packages/requests/api.py", line 115, in post
    return request("post", url, data=data, json=json, **kwargs)
  File "/usr/local/lib/python3.10/site-packages/requests/api.py", line 59, in request
    return session.request(method=method, url=url, **kwargs)
  File "/usr/local/lib/python3.10/site-packages/requests/sessions.py", line 589, in request
    resp = self.send(prep, **send_kwargs)
  File "/usr/local/lib/python3.10/site-packages/requests/sessions.py", line 703, in send
    r = adapter.send(request, **kwargs)
  File "/usr/local/lib/python3.10/site-packages/requests/adapters.py", line 690, in send
    raise ReadTimeout(e, request=request)
requests.exceptions.ReadTimeout: HTTPConnectionPool(host='192.168.0.71', port=3004): Read timed out. (read timeout=10)
2026-01-01 13:15:19,465 [ERROR] app.routers.infra: ResolveNotify failed | ticket_id=151 status=500 resp=HTTPConnectionPool(host='192.168.0.71', port=3004): Read timed out. (read timeout=10)
2026-01-01 13:15:24,138 [ERROR] app.routers.infra: WA[b501dbbd] send_whatsapp_to_number exception: HTTPConnectionPool(host='192.168.0.71', port=3004): Read timed out. (read timeout=10)
Traceback (most recent call last):
  File "/usr/local/lib/python3.10/site-packages/urllib3/connectionpool.py", line 534, in _make_request
    response = conn.getresponse()
  File "/usr/local/lib/python3.10/site-packages/urllib3/connection.py", line 571, in getresponse
    httplib_response = super().getresponse()
  File "/usr/local/lib/python3.10/http/client.py", line 1375, in getresponse
    response.begin()
  File "/usr/local/lib/python3.10/http/client.py", line 318, in begin
    version, status, reason = self._read_status()
  File "/usr/local/lib/python3.10/http/client.py", line 279, in _read_status
    line = str(self.fp.readline(_MAXLINE + 1), "iso-8859-1")
  File "/usr/local/lib/python3.10/socket.py", line 717, in readinto
    return self._sock.recv_into(b)
TimeoutError: timed out

The above exception was the direct cause of the following exception:

Traceback (most recent call last):
  File "/usr/local/lib/python3.10/site-packages/requests/adapters.py", line 644, in send
    resp = conn.urlopen(
  File "/usr/local/lib/python3.10/site-packages/urllib3/connectionpool.py", line 841, in urlopen
    retries = retries.increment(
  File "/usr/local/lib/python3.10/site-packages/urllib3/util/retry.py", line 474, in increment
    raise reraise(type(error), error, _stacktrace)
  File "/usr/local/lib/python3.10/site-packages/urllib3/util/util.py", line 39, in reraise
    raise value
  File "/usr/local/lib/python3.10/site-packages/urllib3/connectionpool.py", line 787, in urlopen
    response = self._make_request(
  File "/usr/local/lib/python3.10/site-packages/urllib3/connectionpool.py", line 536, in _make_request
    self._raise_timeout(err=e, url=url, timeout_value=read_timeout)
  File "/usr/local/lib/python3.10/site-packages/urllib3/connectionpool.py", line 367, in _raise_timeout
    raise ReadTimeoutError(
urllib3.exceptions.ReadTimeoutError: HTTPConnectionPool(host='192.168.0.71', port=3004): Read timed out. (read timeout=10)

During handling of the above exception, another exception occurred:

Traceback (most recent call last):
  File "/app/app/routers/infra.py", line 80, in send_whatsapp_to_number
    r = requests.post(
  File "/usr/local/lib/python3.10/site-packages/requests/api.py", line 115, in post
    return request("post", url, data=data, json=json, **kwargs)
  File "/usr/local/lib/python3.10/site-packages/requests/api.py", line 59, in request
    return session.request(method=method, url=url, **kwargs)
  File "/usr/local/lib/python3.10/site-packages/requests/sessions.py", line 589, in request
    resp = self.send(prep, **send_kwargs)
  File "/usr/local/lib/python3.10/site-packages/requests/sessions.py", line 703, in send
    r = adapter.send(request, **kwargs)
  File "/usr/local/lib/python3.10/site-packages/requests/adapters.py", line 690, in send
    raise ReadTimeout(e, request=request)
requests.exceptions.ReadTimeout: HTTPConnectionPool(host='192.168.0.71', port=3004): Read timed out. (read timeout=10)
2026-01-01 13:15:24,144 [ERROR] app.routers.infra: ResolveNotify failed | ticket_id=151 status=500 resp=HTTPConnectionPool(host='192.168.0.71', port=3004): Read timed out. (read timeout=10)
2026-01-01 13:30:28,816 [INFO] app.routers.infra: WA[e892fd4a] -> sendMessage | target=918448558464 | len=122
2026-01-01 13:30:38,839 [ERROR] app.routers.infra: WA[e892fd4a] send_whatsapp_to_number exception: HTTPConnectionPool(host='192.168.0.71', port=3004): Read timed out. (read timeout=10)
Traceback (most recent call last):
  File "/usr/local/lib/python3.10/site-packages/urllib3/connectionpool.py", line 534, in _make_request
    response = conn.getresponse()
  File "/usr/local/lib/python3.10/site-packages/urllib3/connection.py", line 571, in getresponse
    httplib_response = super().getresponse()
  File "/usr/local/lib/python3.10/http/client.py", line 1375, in getresponse
    response.begin()
  File "/usr/local/lib/python3.10/http/client.py", line 318, in begin
    version, status, reason = self._read_status()
  File "/usr/local/lib/python3.10/http/client.py", line 279, in _read_status
    line = str(self.fp.readline(_MAXLINE + 1), "iso-8859-1")
  File "/usr/local/lib/python3.10/socket.py", line 717, in readinto
    return self._sock.recv_into(b)
TimeoutError: timed out

The above exception was the direct cause of the following exception:

Traceback (most recent call last):
  File "/usr/local/lib/python3.10/site-packages/requests/adapters.py", line 644, in send
    resp = conn.urlopen(
  File "/usr/local/lib/python3.10/site-packages/urllib3/connectionpool.py", line 841, in urlopen
    retries = retries.increment(
  File "/usr/local/lib/python3.10/site-packages/urllib3/util/retry.py", line 474, in increment
    raise reraise(type(error), error, _stacktrace)
  File "/usr/local/lib/python3.10/site-packages/urllib3/util/util.py", line 39, in reraise
    raise value
  File "/usr/local/lib/python3.10/site-packages/urllib3/connectionpool.py", line 787, in urlopen
    response = self._make_request(
  File "/usr/local/lib/python3.10/site-packages/urllib3/connectionpool.py", line 536, in _make_request
    self._raise_timeout(err=e, url=url, timeout_value=read_timeout)
  File "/usr/local/lib/python3.10/site-packages/urllib3/connectionpool.py", line 367, in _raise_timeout
    raise ReadTimeoutError(
urllib3.exceptions.ReadTimeoutError: HTTPConnectionPool(host='192.168.0.71', port=3004): Read timed out. (read timeout=10)

During handling of the above exception, another exception occurred:

Traceback (most recent call last):
  File "/app/app/routers/infra.py", line 80, in send_whatsapp_to_number
    r = requests.post(
  File "/usr/local/lib/python3.10/site-packages/requests/api.py", line 115, in post
    return request("post", url, data=data, json=json, **kwargs)
  File "/usr/local/lib/python3.10/site-packages/requests/api.py", line 59, in request
    return session.request(method=method, url=url, **kwargs)
  File "/usr/local/lib/python3.10/site-packages/requests/sessions.py", line 589, in request
    resp = self.send(prep, **send_kwargs)
  File "/usr/local/lib/python3.10/site-packages/requests/sessions.py", line 703, in send
    r = adapter.send(request, **kwargs)
  File "/usr/local/lib/python3.10/site-packages/requests/adapters.py", line 690, in send
    raise ReadTimeout(e, request=request)
requests.exceptions.ReadTimeout: HTTPConnectionPool(host='192.168.0.71', port=3004): Read timed out. (read timeout=10)
2026-01-01 13:30:38,861 [ERROR] app.routers.infra: PickNotify failed | ticket_id=175 status=500 resp=HTTPConnectionPool(host='192.168.0.71', port=3004): Read timed out. (read timeout=10)
2026-01-01 13:31:02,841 [INFO] app.routers.infra: WA[5a3a0b98] -> sendMessage | target=918448558464 | len=122
2026-01-01 13:31:12,861 [ERROR] app.routers.infra: WA[5a3a0b98] send_whatsapp_to_number exception: HTTPConnectionPool(host='192.168.0.71', port=3004): Read timed out. (read timeout=10)
Traceback (most recent call last):
  File "/usr/local/lib/python3.10/site-packages/urllib3/connectionpool.py", line 534, in _make_request
    response = conn.getresponse()
  File "/usr/local/lib/python3.10/site-packages/urllib3/connection.py", line 571, in getresponse
    httplib_response = super().getresponse()
  File "/usr/local/lib/python3.10/http/client.py", line 1375, in getresponse
    response.begin()
  File "/usr/local/lib/python3.10/http/client.py", line 318, in begin
    version, status, reason = self._read_status()
  File "/usr/local/lib/python3.10/http/client.py", line 279, in _read_status
    line = str(self.fp.readline(_MAXLINE + 1), "iso-8859-1")
  File "/usr/local/lib/python3.10/socket.py", line 717, in readinto
    return self._sock.recv_into(b)
TimeoutError: timed out

The above exception was the direct cause of the following exception:

Traceback (most recent call last):
  File "/usr/local/lib/python3.10/site-packages/requests/adapters.py", line 644, in send
    resp = conn.urlopen(
  File "/usr/local/lib/python3.10/site-packages/urllib3/connectionpool.py", line 841, in urlopen
    retries = retries.increment(
  File "/usr/local/lib/python3.10/site-packages/urllib3/util/retry.py", line 474, in increment
    raise reraise(type(error), error, _stacktrace)
  File "/usr/local/lib/python3.10/site-packages/urllib3/util/util.py", line 39, in reraise
    raise value
  File "/usr/local/lib/python3.10/site-packages/urllib3/connectionpool.py", line 787, in urlopen
    response = self._make_request(
  File "/usr/local/lib/python3.10/site-packages/urllib3/connectionpool.py", line 536, in _make_request
    self._raise_timeout(err=e, url=url, timeout_value=read_timeout)
  File "/usr/local/lib/python3.10/site-packages/urllib3/connectionpool.py", line 367, in _raise_timeout
    raise ReadTimeoutError(
urllib3.exceptions.ReadTimeoutError: HTTPConnectionPool(host='192.168.0.71', port=3004): Read timed out. (read timeout=10)

During handling of the above exception, another exception occurred:

Traceback (most recent call last):
  File "/app/app/routers/infra.py", line 80, in send_whatsapp_to_number
    r = requests.post(
  File "/usr/local/lib/python3.10/site-packages/requests/api.py", line 115, in post
    return request("post", url, data=data, json=json, **kwargs)
  File "/usr/local/lib/python3.10/site-packages/requests/api.py", line 59, in request
    return session.request(method=method, url=url, **kwargs)
  File "/usr/local/lib/python3.10/site-packages/requests/sessions.py", line 589, in request
    resp = self.send(prep, **send_kwargs)
  File "/usr/local/lib/python3.10/site-packages/requests/sessions.py", line 703, in send
    r = adapter.send(request, **kwargs)
  File "/usr/local/lib/python3.10/site-packages/requests/adapters.py", line 690, in send
    raise ReadTimeout(e, request=request)
requests.exceptions.ReadTimeout: HTTPConnectionPool(host='192.168.0.71', port=3004): Read timed out. (read timeout=10)
2026-01-01 13:31:12,894 [ERROR] app.routers.infra: PickNotify failed | ticket_id=174 status=500 resp=HTTPConnectionPool(host='192.168.0.71', port=3004): Read timed out. (read timeout=10)
2026-01-01 13:42:23,746 [INFO] app.routers.infra: InfraAlert trigger -> ticket_id=179 created_by=shama dept=Other category=Hardware
2026-01-01 13:42:23,748 [INFO] app.routers.infra: InfraAlert -> sending WA for ticket_id=179 | msg_len=241
2026-01-01 13:42:23,749 [INFO] app.routers.infra: WA[acf460f6] -> sendMessage | target=120363141953100908@g.us | len=241
2026-01-01 13:42:33,767 [ERROR] app.routers.infra: WA[acf460f6] send_whatsapp_to_number exception: HTTPConnectionPool(host='192.168.0.71', port=3004): Read timed out. (read timeout=10)
Traceback (most recent call last):
  File "/usr/local/lib/python3.10/site-packages/urllib3/connectionpool.py", line 534, in _make_request
    response = conn.getresponse()
  File "/usr/local/lib/python3.10/site-packages/urllib3/connection.py", line 571, in getresponse
    httplib_response = super().getresponse()
  File "/usr/local/lib/python3.10/http/client.py", line 1375, in getresponse
    response.begin()
  File "/usr/local/lib/python3.10/http/client.py", line 318, in begin
    version, status, reason = self._read_status()
  File "/usr/local/lib/python3.10/http/client.py", line 279, in _read_status
    line = str(self.fp.readline(_MAXLINE + 1), "iso-8859-1")
  File "/usr/local/lib/python3.10/socket.py", line 717, in readinto
    return self._sock.recv_into(b)
TimeoutError: timed out

The above exception was the direct cause of the following exception:

Traceback (most recent call last):
  File "/usr/local/lib/python3.10/site-packages/requests/adapters.py", line 644, in send
    resp = conn.urlopen(
  File "/usr/local/lib/python3.10/site-packages/urllib3/connectionpool.py", line 841, in urlopen
    retries = retries.increment(
  File "/usr/local/lib/python3.10/site-packages/urllib3/util/retry.py", line 474, in increment
    raise reraise(type(error), error, _stacktrace)
  File "/usr/local/lib/python3.10/site-packages/urllib3/util/util.py", line 39, in reraise
    raise value
  File "/usr/local/lib/python3.10/site-packages/urllib3/connectionpool.py", line 787, in urlopen
    response = self._make_request(
  File "/usr/local/lib/python3.10/site-packages/urllib3/connectionpool.py", line 536, in _make_request
    self._raise_timeout(err=e, url=url, timeout_value=read_timeout)
  File "/usr/local/lib/python3.10/site-packages/urllib3/connectionpool.py", line 367, in _raise_timeout
    raise ReadTimeoutError(
urllib3.exceptions.ReadTimeoutError: HTTPConnectionPool(host='192.168.0.71', port=3004): Read timed out. (read timeout=10)

During handling of the above exception, another exception occurred:

Traceback (most recent call last):
  File "/app/app/routers/infra.py", line 80, in send_whatsapp_to_number
    r = requests.post(
  File "/usr/local/lib/python3.10/site-packages/requests/api.py", line 115, in post
    return request("post", url, data=data, json=json, **kwargs)
  File "/usr/local/lib/python3.10/site-packages/requests/api.py", line 59, in request
    return session.request(method=method, url=url, **kwargs)
  File "/usr/local/lib/python3.10/site-packages/requests/sessions.py", line 589, in request
    resp = self.send(prep, **send_kwargs)
  File "/usr/local/lib/python3.10/site-packages/requests/sessions.py", line 703, in send
    r = adapter.send(request, **kwargs)
  File "/usr/local/lib/python3.10/site-packages/requests/adapters.py", line 690, in send
    raise ReadTimeout(e, request=request)
requests.exceptions.ReadTimeout: HTTPConnectionPool(host='192.168.0.71', port=3004): Read timed out. (read timeout=10)
2026-01-01 13:42:33,777 [ERROR] app.routers.infra: InfraAlert failed | status=500 | resp=HTTPConnectionPool(host='192.168.0.71', port=3004): Read timed out. (read timeout=10)
2026-01-02 06:41:01,033 [INFO] app.routers.infra: WA[8e190eec] -> sendMessage | target=919667798385 | len=163
2026-01-02 06:41:01,072 [INFO] app.routers.infra: WA[8e190eec] <- status=409 | body={"error":"Account not ready"}
2026-01-02 06:41:01,073 [ERROR] app.routers.infra: ResolveNotify failed | ticket_id=117 status=409 resp={"error":"Account not ready"}
2026-01-02 08:12:54,618 [INFO] app.routers.infra: InfraAlert trigger -> ticket_id=180 created_by=Shalini rawat dept=Technical category=Software
2026-01-02 08:12:54,621 [INFO] app.routers.infra: InfraAlert -> sending WA for ticket_id=180 | msg_len=278
2026-01-02 08:12:54,624 [INFO] app.routers.infra: WA[22c356ed] -> sendMessage | target=120363141953100908@g.us | len=278
2026-01-02 08:12:54,760 [INFO] app.routers.infra: WA[22c356ed] <- status=200 | body={"success":true}
2026-01-02 08:12:54,762 [INFO] app.routers.infra: InfraAlert sent | status=200 | resp={"success":true}
2026-01-02 08:20:51,713 [INFO] app.routers.infra: WA[e8247ea0] -> sendMessage | target=919650692437 | len=125
2026-01-02 08:20:51,907 [INFO] app.routers.infra: WA[e8247ea0] <- status=200 | body={"success":true}
2026-01-02 08:20:51,909 [INFO] app.routers.infra: PickNotify sent to 9650692437 | ticket_id=180
2026-01-02 08:20:56,073 [INFO] app.routers.infra: WA[b3d13a29] -> sendMessage | target=919650692437 | len=163
2026-01-02 08:20:56,151 [INFO] app.routers.infra: WA[b3d13a29] <- status=200 | body={"success":true}
2026-01-02 08:20:56,153 [INFO] app.routers.infra: ResolveNotify sent | ticket_id=180 contact=9650692437
2026-01-02 09:01:28,730 [INFO] app.routers.infra: InfraAlert trigger -> ticket_id=181 created_by=SALEEM JAVED dept=Admin category=Software
2026-01-02 09:01:28,733 [INFO] app.routers.infra: InfraAlert -> sending WA for ticket_id=181 | msg_len=362
2026-01-02 09:01:28,736 [INFO] app.routers.infra: WA[9e5450ea] -> sendMessage | target=120363141953100908@g.us | len=362
2026-01-02 09:01:28,862 [INFO] app.routers.infra: WA[9e5450ea] <- status=200 | body={"success":true}
2026-01-02 09:01:28,864 [INFO] app.routers.infra: InfraAlert sent | status=200 | resp={"success":true}
2026-01-02 09:03:34,129 [INFO] app.routers.infra: InfraAlert trigger -> ticket_id=182 created_by=Gulrez Sultan dept=Customer Care category=Software
2026-01-02 09:03:34,131 [INFO] app.routers.infra: InfraAlert -> sending WA for ticket_id=182 | msg_len=629
2026-01-02 09:03:34,132 [INFO] app.routers.infra: WA[9ae4d889] -> sendMessage | target=120363141953100908@g.us | len=629
2026-01-02 09:03:34,202 [INFO] app.routers.infra: WA[9ae4d889] <- status=200 | body={"success":true}
2026-01-02 09:03:34,205 [INFO] app.routers.infra: InfraAlert sent | status=200 | resp={"success":true}
2026-01-02 09:08:35,217 [INFO] app.routers.infra: WA[ba229333] -> sendMessage | target=919654441851 | len=121
2026-01-02 09:08:35,406 [INFO] app.routers.infra: WA[ba229333] <- status=200 | body={"success":true}
2026-01-02 09:08:35,408 [INFO] app.routers.infra: PickNotify sent to 9654441851 | ticket_id=181
2026-01-02 09:08:38,594 [INFO] app.routers.infra: WA[91a5b34b] -> sendMessage | target=919654441851 | len=159
2026-01-02 09:08:38,657 [INFO] app.routers.infra: WA[91a5b34b] <- status=200 | body={"success":true}
2026-01-02 09:08:38,659 [INFO] app.routers.infra: ResolveNotify sent | ticket_id=181 contact=9654441851
2026-01-02 09:08:48,207 [INFO] app.routers.infra: WA[67413b98] -> sendMessage | target=919818247844 | len=121
2026-01-02 09:08:48,296 [INFO] app.routers.infra: WA[67413b98] <- status=200 | body={"success":true}
2026-01-02 09:08:48,297 [INFO] app.routers.infra: PickNotify sent to 9818247844 | ticket_id=182
2026-01-02 09:11:33,229 [INFO] app.routers.infra: WA[33d3cf7c] -> sendMessage | target=919818247844 | len=159
2026-01-02 09:11:33,292 [INFO] app.routers.infra: WA[33d3cf7c] <- status=200 | body={"success":true}
2026-01-02 09:11:33,293 [INFO] app.routers.infra: ResolveNotify sent | ticket_id=182 contact=9818247844
2026-01-02 10:04:18,448 [INFO] app.routers.infra: WA[ed79523e] -> sendMessage | target=919871366002 | len=159
2026-01-02 10:04:18,543 [INFO] app.routers.infra: WA[ed79523e] <- status=200 | body={"success":true}
2026-01-02 10:04:18,546 [INFO] app.routers.infra: ResolveNotify sent | ticket_id=169 contact=9871366002
2026-01-02 11:58:18,400 [INFO] app.routers.infra: InfraAlert trigger -> ticket_id=183 created_by=Shalini rawat dept=Technical category=Software
2026-01-02 11:58:18,403 [INFO] app.routers.infra: InfraAlert -> sending WA for ticket_id=183 | msg_len=328
2026-01-02 11:58:18,405 [INFO] app.routers.infra: WA[cd88b77e] -> sendMessage | target=120363141953100908@g.us | len=328
2026-01-02 11:58:18,565 [INFO] app.routers.infra: WA[cd88b77e] <- status=200 | body={"success":true}
2026-01-02 11:58:18,567 [INFO] app.routers.infra: InfraAlert sent | status=200 | resp={"success":true}
2026-01-02 12:00:37,230 [INFO] app.routers.infra: WA[26ae49a9] -> sendMessage | target=919650692437 | len=121
2026-01-02 12:00:37,282 [INFO] app.routers.infra: WA[26ae49a9] <- status=200 | body={"success":true}
2026-01-02 12:00:37,283 [INFO] app.routers.infra: PickNotify sent to 9650692437 | ticket_id=183
2026-01-02 12:06:51,164 [INFO] app.routers.infra: WA[5f330adb] -> sendMessage | target=919650692437 | len=159
2026-01-02 12:06:51,231 [INFO] app.routers.infra: WA[5f330adb] <- status=200 | body={"success":true}
2026-01-02 12:06:51,232 [INFO] app.routers.infra: ResolveNotify sent | ticket_id=183 contact=9650692437
2026-01-02 14:08:26,453 [INFO] app.routers.infra: InfraReminder -> processing 1 pending tickets
2026-01-02 14:08:26,460 [INFO] app.routers.infra: WA[20765ef8] -> sendMessage | target=120363141953100908@g.us | len=189
2026-01-02 14:08:26,658 [INFO] app.routers.infra: WA[20765ef8] <- status=200 | body={"success":true}
2026-01-02 14:08:26,661 [INFO] app.routers.infra: InfraReminder sent | ticket_id=179 status=200
2026-01-03 05:37:53,898 [INFO] app.routers.infra: InfraAlert trigger -> ticket_id=184 created_by=DISHIKA dept=Center Phlebo category=Software
2026-01-03 05:37:53,901 [INFO] app.routers.infra: InfraAlert -> sending WA for ticket_id=184 | msg_len=328
2026-01-03 05:37:53,902 [INFO] app.routers.infra: WA[2011317a] -> sendMessage | target=120363141953100908@g.us | len=328
2026-01-03 05:37:53,995 [INFO] app.routers.infra: WA[2011317a] <- status=200 | body={"success":true}
2026-01-03 05:37:53,996 [INFO] app.routers.infra: InfraAlert sent | status=200 | resp={"success":true}
2026-01-03 07:18:44,776 [INFO] app.routers.infra: WA[d39c7ce5] -> sendMessage | target=918595614476 | len=122
2026-01-03 07:18:44,912 [INFO] app.routers.infra: WA[d39c7ce5] <- status=200 | body={"success":true}
2026-01-03 07:18:44,914 [INFO] app.routers.infra: PickNotify sent to 8595614476 | ticket_id=184
2026-01-03 07:18:53,330 [INFO] app.routers.infra: WA[d6bf9bdf] -> sendMessage | target=919758109554 | len=122
2026-01-03 07:18:53,404 [INFO] app.routers.infra: WA[d6bf9bdf] <- status=200 | body={"success":true}
2026-01-03 07:18:53,405 [INFO] app.routers.infra: PickNotify sent to 9758109554 | ticket_id=179
2026-01-03 09:22:42,837 [INFO] app.routers.infra: InfraAlert trigger -> ticket_id=185 created_by=SALEEM JAVED dept=Admin category=Software
2026-01-03 09:22:42,840 [INFO] app.routers.infra: InfraAlert -> sending WA for ticket_id=185 | msg_len=262
2026-01-03 09:22:42,843 [INFO] app.routers.infra: WA[548cedec] -> sendMessage | target=120363141953100908@g.us | len=262
2026-01-03 09:22:42,941 [INFO] app.routers.infra: WA[548cedec] <- status=200 | body={"success":true}
2026-01-03 09:22:42,942 [INFO] app.routers.infra: InfraAlert sent | status=200 | resp={"success":true}
2026-01-03 13:45:27,961 [INFO] app.routers.infra: WA[d813f6d3] -> sendMessage | target=919654441851 | len=125
2026-01-03 13:45:28,012 [INFO] app.routers.infra: WA[d813f6d3] <- status=200 | body={"success":true}
2026-01-03 13:45:28,013 [INFO] app.routers.infra: PickNotify sent to 9654441851 | ticket_id=185
2026-01-03 13:45:32,593 [INFO] app.routers.infra: WA[50af1428] -> sendMessage | target=919654441851 | len=163
2026-01-03 13:45:32,644 [INFO] app.routers.infra: WA[50af1428] <- status=200 | body={"success":true}
2026-01-03 13:45:32,646 [INFO] app.routers.infra: ResolveNotify sent | ticket_id=185 contact=9654441851
2026-01-03 15:01:06,912 [INFO] app.routers.infra: InfraAlert trigger -> ticket_id=186 created_by=Shahana Parveen dept=Marketing category=Software
2026-01-03 15:01:06,913 [INFO] app.routers.infra: InfraAlert -> sending WA for ticket_id=186 | msg_len=322
2026-01-03 15:01:06,915 [INFO] app.routers.infra: WA[b243c2ef] -> sendMessage | target=120363141953100908@g.us | len=322
2026-01-03 15:01:06,978 [INFO] app.routers.infra: WA[b243c2ef] <- status=200 | body={"success":true}
2026-01-03 15:01:06,980 [INFO] app.routers.infra: InfraAlert sent | status=200 | resp={"success":true}
2026-01-04 06:40:01,125 [INFO] app.routers.infra: InfraAlert trigger -> ticket_id=187 created_by=Ritu Mahalwal dept=Customer Care category=Software
2026-01-04 06:40:01,127 [INFO] app.routers.infra: InfraAlert -> sending WA for ticket_id=187 | msg_len=256
2026-01-04 06:40:01,129 [INFO] app.routers.infra: WA[a26b9b9b] -> sendMessage | target=120363141953100908@g.us | len=256
2026-01-04 06:40:01,184 [INFO] app.routers.infra: WA[a26b9b9b] <- status=200 | body={"success":true}
2026-01-04 06:40:01,185 [INFO] app.routers.infra: InfraAlert sent | status=200 | resp={"success":true}
2026-01-04 10:39:31,336 [INFO] app.routers.infra: InfraAlert trigger -> ticket_id=188 created_by=Ritu Mahalwal dept=Customer Care category=Software
2026-01-04 10:39:31,340 [INFO] app.routers.infra: InfraAlert -> sending WA for ticket_id=188 | msg_len=284
2026-01-04 10:39:31,342 [INFO] app.routers.infra: WA[deb4c42f] -> sendMessage | target=120363141953100908@g.us | len=284
2026-01-04 10:39:31,761 [INFO] app.routers.infra: WA[deb4c42f] <- status=200 | body={"success":true}
2026-01-04 10:39:31,763 [INFO] app.routers.infra: InfraAlert sent | status=200 | resp={"success":true}
2026-01-04 11:28:35,945 [INFO] app.routers.infra: InfraAlert trigger -> ticket_id=189 created_by=Shahana Parveen dept=Marketing category=Software
2026-01-04 11:28:35,947 [INFO] app.routers.infra: InfraAlert -> sending WA for ticket_id=189 | msg_len=328
2026-01-04 11:28:35,948 [INFO] app.routers.infra: WA[603220d3] -> sendMessage | target=120363141953100908@g.us | len=328
2026-01-04 11:28:36,003 [INFO] app.routers.infra: WA[603220d3] <- status=200 | body={"success":true}
2026-01-04 11:28:36,004 [INFO] app.routers.infra: InfraAlert sent | status=200 | resp={"success":true}
2026-01-04 15:20:47,813 [INFO] app.routers.infra: InfraReminder -> processing 1 pending tickets
2026-01-04 15:20:47,814 [INFO] app.routers.infra: WA[79d11085] -> sendMessage | target=120363141953100908@g.us | len=337
2026-01-04 15:20:48,234 [INFO] app.routers.infra: WA[79d11085] <- status=200 | body={"success":true}
2026-01-04 15:20:48,235 [INFO] app.routers.infra: InfraReminder sent | ticket_id=186 status=200
2026-01-05 03:02:34,980 [INFO] app.routers.infra: WA[99f8462d] -> sendMessage | target=918448546358 | len=116
2026-01-05 03:02:35,048 [INFO] app.routers.infra: WA[99f8462d] <- status=200 | body={"success":true}
2026-01-05 03:02:35,049 [INFO] app.routers.infra: PickNotify sent to 8448546358 | ticket_id=189
2026-01-05 03:02:38,422 [INFO] app.routers.infra: WA[0cb97914] -> sendMessage | target=918448546358 | len=154
2026-01-05 03:02:38,469 [INFO] app.routers.infra: WA[0cb97914] <- status=200 | body={"success":true}
2026-01-05 03:02:38,470 [INFO] app.routers.infra: ResolveNotify sent | ticket_id=189 contact=8448546358
2026-01-05 03:05:06,415 [INFO] app.routers.infra: InfraAlert trigger -> ticket_id=190 created_by=ANKITA dept=Customer Care category=Software
2026-01-05 03:05:06,416 [INFO] app.routers.infra: InfraAlert -> sending WA for ticket_id=190 | msg_len=269
2026-01-05 03:05:06,417 [INFO] app.routers.infra: WA[cde5819f] -> sendMessage | target=120363141953100908@g.us | len=269
2026-01-05 03:05:06,481 [INFO] app.routers.infra: WA[cde5819f] <- status=200 | body={"success":true}
2026-01-05 03:05:06,483 [INFO] app.routers.infra: InfraAlert sent | status=200 | resp={"success":true}
2026-01-05 06:35:58,382 [INFO] app.routers.infra: InfraAlert trigger -> ticket_id=191 created_by=Sanjeet Kumar dept=Customer Care category=Software
2026-01-05 06:35:58,385 [INFO] app.routers.infra: InfraAlert -> sending WA for ticket_id=191 | msg_len=296
2026-01-05 06:35:58,387 [INFO] app.routers.infra: WA[598b66e1] -> sendMessage | target=120363141953100908@g.us | len=296
2026-01-05 06:35:58,649 [INFO] app.routers.infra: WA[598b66e1] <- status=200 | body={"success":true}
2026-01-05 06:35:58,650 [INFO] app.routers.infra: InfraAlert sent | status=200 | resp={"success":true}
2026-01-05 06:38:32,789 [INFO] app.routers.infra: WA[8c66d7e9] -> sendMessage | target=917982256085 | len=125
2026-01-05 06:38:32,883 [INFO] app.routers.infra: WA[8c66d7e9] <- status=200 | body={"success":true}
2026-01-05 06:38:32,884 [INFO] app.routers.infra: PickNotify sent to 7982256085 | ticket_id=191
2026-01-05 07:05:44,074 [INFO] app.routers.infra: WA[b6a2de2c] -> sendMessage | target=917982256085 | len=163
2026-01-05 07:05:44,692 [INFO] app.routers.infra: WA[b6a2de2c] <- status=200 | body={"success":true}
2026-01-05 07:05:44,693 [INFO] app.routers.infra: ResolveNotify sent | ticket_id=191 contact=7982256085
2026-01-05 07:05:45,295 [INFO] app.routers.infra: InfraReminder -> processing 1 pending tickets
2026-01-05 07:05:45,296 [INFO] app.routers.infra: WA[cfb2fbb2] -> sendMessage | target=120363141953100908@g.us | len=258
2026-01-05 07:05:45,357 [INFO] app.routers.infra: WA[cfb2fbb2] <- status=200 | body={"success":true}
2026-01-05 07:05:45,358 [INFO] app.routers.infra: InfraReminder sent | ticket_id=187 status=200
2026-01-05 07:08:09,739 [INFO] app.routers.infra: WA[9739ca4c] -> sendMessage | target=918700004157 | len=125
2026-01-05 07:08:09,804 [INFO] app.routers.infra: WA[9739ca4c] <- status=200 | body={"success":true}
2026-01-05 07:08:09,805 [INFO] app.routers.infra: PickNotify sent to 8700004157 | ticket_id=190
2026-01-05 07:08:14,269 [INFO] app.routers.infra: WA[4fec1edc] -> sendMessage | target=918700004157 | len=163
2026-01-05 07:08:14,322 [INFO] app.routers.infra: WA[4fec1edc] <- status=200 | body={"success":true}
2026-01-05 07:08:14,323 [INFO] app.routers.infra: ResolveNotify sent | ticket_id=190 contact=8700004157
2026-01-05 07:10:28,047 [INFO] app.routers.infra: WA[ea6a61a0] -> sendMessage | target=919871366002 | len=125
2026-01-05 07:10:28,101 [INFO] app.routers.infra: WA[ea6a61a0] <- status=200 | body={"success":true}
2026-01-05 07:10:28,102 [INFO] app.routers.infra: PickNotify sent to 9871366002 | ticket_id=187
2026-01-05 07:10:33,729 [INFO] app.routers.infra: WA[89e8196e] -> sendMessage | target=919871366002 | len=163
2026-01-05 07:10:33,785 [INFO] app.routers.infra: WA[89e8196e] <- status=200 | body={"success":true}
2026-01-05 07:10:33,786 [INFO] app.routers.infra: ResolveNotify sent | ticket_id=187 contact=9871366002
